GlobalId,IFC_Class,Name,ObjectType,Tag,Primary_Material,Property_Count
2Fkk$UdsvCNBXUF0mtQqMx,IfcBeam,Z25024,ZZ254-2.4-21-74-21-79,ID8fbaefde-9f6e-4c5c-b85e-3c0c376b45bb,STEEL/SS400,17
2Ot9h22orD3er1v2I$_WL3,IfcBeam,BEAM,H-300X300X10X15,B-0(?),STEEL/SS400,17
3Hc1upOn5BHuTW1jxTdhOe,IfcBeam,BEAM,H-300X300X10X15,B-0(?),STEEL/SS400,17
1R3ntV2JLEzeYzx5nCSAV_,IfcBeam,ANCHOR ROD,D16,z-0(?),STEEL/SS400,17
11mFtorB54PehxRIhXrJdt,IfcBeam,ANCHOR ROD,D16,z-0(?),STEEL/SS400,17
1$1SfOzwLA8wubeBvxeK3y,IfcBeam,ANCHOR ROD,D16,z-0(?),STEEL/SS400,17
3mDB9pEFXDegNblpf2Ub7u,IfcBeam,ANCHOR ROD,D16,z-0(?),STEEL/SS400,17
3O13IfoZv2VgO6fAf8M4Ws,IfcBeam,ANCHOR ROD,D16,z-0(?),STEEL/SS400,17
0_JtxYAvr4Sufn6v1Cz82H,IfcBeam,BEAM,H-300X300X10X15,B-0(?),STEEL/SS400,17
15zeHHhaP7HPGDQ6P2ZWYU,IfcBeam,BEAM,H-300X300X10X15,B-0(?),STEEL/SS400,17
3$vS5yHlj1SAV2dUsWB6kL,IfcBeam,ANCHOR ROD,D16,z-0(?),STEEL/SS400,17
1ZPLK9Vsv8mPztwJFtmqO6,IfcBeam,ANCHOR ROD,D16,z-0(?),STEEL/SS400,17
2bIl8rGIjACuwKnZnuDVHL,IfcBeam,ANCHOR ROD,D16,z-0(?),STEEL/SS400,17
0OcQ2OXDfCJghNWJaFJEDE,IfcBeam,ANCHOR ROD,D16,z-0(?),STEEL/SS400,17
0i_yf919X6lhNKpsX6oO3U,IfcBeam,ANCHOR ROD,D16,z-0(?),STEEL/SS400,17
2grHByJRv7JxBcJNdHUC7j,IfcBeam,ANCHOR ROD,D16,z-0(?),STEEL/SS400,17
0Rh_MglljEgReF$AcrS8wn,IfcBeam,BACKINGBAR,PL9x25,ID1bafe5aa-befb-4ea9-ba0f-fca9b5708eb1,STEEL/SS400,17
1blZJsHk59zg$D_tRzj0aD,IfcBeam,BACKINGBAR,PL9x25,ID65be34f6-46e1-49f6-afcd-fb76fdb4090d,STEEL/SS400,17
0$G2ichtX2GR4jBQ$sJ0tZ,IfcBeam,BACKINGBAR,PL9x25,ID3f402b26-af78-4241-b12d-2daff64c0de3,STEEL/SS400,17
09fEMTt99FrgJwDdyuesBI,IfcBeam,BACKINGBAR,PL9x25,ID09a4e59d-dc92-4fd6-a4fa-367f38a362d2,STEEL/SS400,17
3Dx05aTibFYBkMdDQE9Fas,IfcBeam,BACKINGBAR,PL9x25,IDcdec0164-76c9-4f88-bb96-9cd68e24f936,STEEL/SS400,17
3YIjusIgPCzALhMTbRNHII,IfcBeam,BACKINGBAR,PL9x25,IDe24ade36-4aa6-4cf4-a56b-59d95b5d1492,STEEL/SS400,17
01j4cFXqn8fvRDjb37zQj3,IfcBeam,BACKINGBAR,PL9x25,ID01b4498f-874c-48a7-96cd-b650c7f5ab43,STEEL/SS400,17
1nqwIku3fDk80Fz_u1xAr4,IfcBeam,BACKINGBAR,PL9x25,ID71d3a4ae-e03a-4db8-800f-f7ee01ecad44,STEEL/SS400,17
17wCAK1HH7GvvTjGm0wYNl,IfcBeam,BACKINGBAR,PL9x25,ID47e8c294-0514-4743-9e5d-b50c00ea25ef,STEEL/SS400,17
1E4N10Dmj6ogAbD$KXcO$P,IfcBeam,BACKINGBAR,PL9x25,ID4e117040-370b-46ca-a2a5-37f521998fd9,STEEL/SS400,17
2ltiBMvIr8GwYjfI7L8I_i,IfcBeam,BACKINGBAR,PL9x25,IDafdec2d6-e52d-4843-a8ad-a521d5212fac,STEEL/SS400,17
3aDADK06v99B3B93BfVlWA,IfcBeam,BACKINGBAR,PL9x25,IDe434a354-006e-4924-b0cb-2432e97ef80a,STEEL/SS400,17
2mb1UgTt5BUf6eNUq5_6Zg,IfcBeam,PIPE,SHS100*100*3.2,X-0(?),STEEL/SS400,17
2TfybEgqD7XeeHMX4f3Nlx,IfcBeam,PIPE,SHS100*100*3.2,X-0(?),STEEL/SS400,17
1kdv_FRIj5lx4X3VVyLuT7,IfcBeam,PIPE,SHS100*100*3.2,X-0(?),STEEL/SS400,17
21VG1aZOHC08HzLMz3YS$q,IfcBeam,PIPE,SHS100*100*3.2,X-0(?),STEEL/SS400,17
2yNBdzzwTBCAQeZEfNp_sc,IfcBeam,PIPE,SHS100*100*3.2,X-0(?),STEEL/SS400,17
1lr4OzMR1ArA5pTz2H9ulx,IfcBeam,PIPE,SHS100*100*3.2,X-0(?),STEEL/SS400,17
1W67UHA4PCBO3HK1b7ZaHC,IfcBeam,PIPE,SHS100*100*3.2,X-0(?),STEEL/SS400,17
3ejl6xCzLEBgkVTe09iZth,IfcBeam,PIPE,SHS100*100*3.2,X-0(?),STEEL/SS400,17
1tdhN7lwX1gR5zOxG063sw,IfcBeam,PIPE,SHS100*100*3.2,X-0(?),STEEL/SS400,17
2Qijr4p1rDYf1QGwdd_gD6,IfcBeam,PIPE,SHS100*100*3.2,X-0(?),STEEL/SS400,17
0muI3OSkb1BRLdsxNA46x4,IfcBeam,PIPE,SHS100*100*3.2,X-0(?),STEEL/SS400,17
1TxDEE6Nz8DBuPBNbU$zPZ,IfcBeam,PIPE,SHS100*100*3.2,X-0(?),STEEL/SS400,17
1Zi0KXj3X2MBclLSY4E5yS,IfcBeam,PIPE,SHS100*100*3.2,X-0(?),STEEL/SS400,17
05SXbrkGn3mOdZGb_IXSZt,IfcBeam,PIPE,SHS100*100*3.2,X-0(?),STEEL/SS400,17
2c_HExkhH9L8pWz7z5Mnfb,IfcBeam,PIPE,SHS100*100*3.2,X-0(?),STEEL/SS400,17
3$wmWRxIH1LRfOiOADscJA,IfcBeam,PIPE,SHS100*100*3.2,X-0(?),STEEL/SS400,17
2gojU9frX2cARJe6YY3v00,IfcBeam,PIPE,SHS100*100*3.2,X-0(?),STEEL/SS400,17
3lD_A$aAvCBRffH98OM5kn,IfcBeam,PIPE,SHS100*100*3.2,X-0(?),STEEL/SS400,17
2sHNDMWzz28eoJNT747fzh,IfcBeam,PIPE,SHS100*100*3.2,X-0(?),STEEL/SS400,17
0we4DpeFvEeerb5syXzvRx,IfcBeam,PIPE,SHS100*100*3.2,X-0(?),STEEL/SS400,17
2U3uLf7cHEVRNSbOszDmg$,IfcBeam,PIPE,SHS100*100*3.2,X-0(?),STEEL/SS400,17
0b68sPlEH3uOMv$iCIjXfz,IfcBeam,PIPE,SHS100*100*3.2,X-0(?),STEEL/SS400,17
1SjYL7TQTA9BTc9I8gm54R,IfcBeam,PIPE,SHS100*100*3.2,X-0(?),STEEL/SS400,17
20jRzu_994mBoecVKeouW0,IfcBeam,PIPE,SHS100*100*3.2,X-0(?),STEEL/SS400,17
0Li6CaOInB9AMEfEGQRvxz,IfcBeam,Z25024,ZZ254-2.4-21-74-21-79,ID15b06324-612c-4b24-a58e-a4e41a6f9efd,STEEL/SS400,17
10GCXIG592TfL9N_fhk6ib,IfcBeam,Z25024,ZZ254-2.4-21-74-21-79,ID4040c852-4052-4276-9549-5fea6bb86b25,STEEL/SS400,17
0rILP9IiH6Ee7CgXH8EQ_B,IfcBeam,Z25024,ZZ254-2.4-21-74-21-79,ID35495649-4ac4-463a-81cc-aa144839af8b,STEEL/SS400,17
1Lry$hcxrD5fMQbfUx1y1v,IfcBeam,Z25024,ZZ254-2.4-21-74-21-79,ID55d7cfeb-9bbd-4d16-959a-9697bb07c079,STEEL/SS400,17
31LNbnqzv8nPW3pOFmjHt5,IfcBeam,Z25024,ZZ254-2.4-21-74-21-79,IDc1557971-d3de-48c5-9803-cd83f0b51dc5,STEEL/SS400,17
3CgGfbnlX7cuOEGd6vuOyi,IfcBeam,BEAM,RHS100*50*3.2,IDcca90a65-c6f8-479b-860e-4271b9e18f2c,STEEL/SS400,17
15X7h4ern1R82UbJBYhEaj,IfcBeam,BEAM,RHS100*50*3.2,ID45847ac4-a35c-416c-809e-9532e2ace92d,STEEL/SS400,17
0MTjuUNVLA7gpV8$92UwUP,IfcBeam,BEAM,SHS100*100*3.2,B-0(?),STEEL/SS400,17
2x5z2Hkhr27uFaDv22IWbx,IfcBeam,ANCHOR ROD,D12,z-0(?),STEEL/SS400,17
2cuJ1NXmD6Zfmr2YWBCKec,IfcBeam,ANCHOR ROD,D12,z-0(?),STEEL/SS400,17
0CTLsmpjb4EQE_oFbh12HG,IfcBeam,ANCHOR ROD,D12,z-0(?),STEEL/SS400,17
385qZxHbn78g85b17W6TaD,IfcBeam,ANCHOR ROD,D12,z-0(?),STEEL/SS400,17
0nQclwmF5DcgrkLMjgSmLS,IfcBeam,Z25024,ZZ254-2.4-21-74-21-79,ID316a6bfa-c0f1-4d9a-ad6e-556b6a73055c,STEEL/SS400,17
3W5UWtQ7DCTxpZ5OEKUtyi,IfcBeam,Z25024,ZZ254-2.4-21-74-21-79,IDe015e837-6873-4c77-bce3-1583947b7f2c,STEEL/SS400,17
23Dm4BlSz4iPySvWNQCKkl,IfcBeam,BEAM,H-300X300X10X15,B-0(?),STEEL/SS400,17
1nN1bd8bj3Ah_1_poWARBK,IfcBeam,BEAM,H-300X300X10X15,B-0(?),STEEL/SS400,17
2jskALO1P3PhDxvmy7yuCP,IfcBeam,BEAM,H-300X300X10X15,B-0(?),STEEL/SS400,17
3yydETucX1sA6e5XQMRhmw,IfcBeam,BEAM,H-300X300X10X15,B-0(?),STEEL/SS400,17
0zTKnXNjHCu8PrmUFYcJeK,IfcBeam,BEAM,H-300X300X10X15,B-0(?),STEEL/SS400,17
3befPADeL9GgLQV7GZsDyx,IfcBeam,BEAM,H-300X300X10X15,B-0(?),STEEL/SS400,17
1w68u0DGTAAfWUZRVU_348,IfcBeam,Z25024,ZZ254-2.4-21-74-21-79,ID7a188e00-3507-4a2a-981e-8db7def83108,STEEL/SS400,17
0UwEjoeOP2vOJE6qe_GT77,IfcBeam,Z25024,ZZ254-2.4-21-74-21-79,ID1ee8eb72-a186-42e5-84ce-1b4a3e41d1c7,STEEL/SS400,17
0Lw0PwvLfCyf6maSUTvNdr,IfcBeam,Z25024,ZZ254-2.4-21-74-21-79,ID15e8067a-e55a-4cf2-91b0-91c79de579f5,STEEL/SS400,17
1KkQeotH53zBXJQ7nsUZ2x,IfcBeam,PURLIN,ZZ152-1.5-16-61-16-65,ID54b9aa32-dd11-43f4-b853-687c767a30bb,STEEL/SS400,17
0OXQP9kDX6bxTyzYA9sgxp,IfcBeam,BEAM,SHS100*100*3.2,ID1885a649-b8d8-4697-b77c-f62289daaef3,STEEL/SS400,17
152gFTG$D78Ol5Bgwq0pmU,IfcBeam,BEAM,H-500X200X10X16,4H2-2,STEEL/SM520,17
3FbkazPP92xBvhNEW9chZ0,IfcBeam,BEAM,H-500X200X10X16,4H2-1,STEEL/SM520,17
20Y46kbNH0qfCU0g_zatYR,IfcBeam,ANCHOR ROD,D12,z-0(?),STEEL/SS400,17
2dJBRL65b5oQPj_906lqQA,IfcBeam,ANCHOR ROD,D12,z-0(?),STEEL/SS400,17
04O1J_JKr4eBKDQ8rmlM6$,IfcBeam,ANCHOR ROD,D12,z-0(?),STEEL/SS400,17
0QNH79uZT0SRB5xxV_OPmE,IfcBeam,ANCHOR ROD,D12,z-0(?),STEEL/SS400,17
3gRQx8O1LBYPTrWdwFcj0r,IfcBeam,PLATE,PL6x170,1SD-3,STEEL/SS400,17
2LPgPhtK1CwR0$X7q8jYzu,IfcBeam,ANCHOR ROD,D12,z-0(?),STEEL/SS400,17
2uP5vF0W11UPInv0axZPDx,IfcBeam,ANCHOR ROD,D12,z-0(?),STEEL/SS400,17
1bBlRdrFX7RRQMVT8VsspF,IfcBeam,ANCHOR ROD,D12,z-0(?),STEEL/SS400,17
2$cxl4NZv9CeUfdkSoMtpo,IfcBeam,ANCHOR ROD,D12,z-0(?),STEEL/SS400,17
2cCzCP2frDuvo1yAcacwQf,IfcBeam,PLATE,PL6x200,1SD-3,STEEL/SS400,17
2GFbJqrLD5uxokPwp30sfQ,IfcBeam,ANCHOR ROD,D12,z-0(?),STEEL/SS400,17
02BxLEnbv1C8EYlIDnCUTk,IfcBeam,ANCHOR ROD,D12,z-0(?),STEEL/SS400,17
2xw3PH$vT1IBEznw2cv4d8,IfcBeam,ANCHOR ROD,D12,z-0(?),STEEL/SS400,17
3oL8DSveH1NP7fi2fcuH3s,IfcBeam,ANCHOR ROD,D12,z-0(?),STEEL/SS400,17
3c9AZfzxf9lA3WPg6kStRk,IfcBeam,PLATE,PL6x200,1SD-3,STEEL/SS400,17
15BhBSHXP0W81blybbhI__,IfcBeam,DUMMY,ROD9,ID452eb2dc-4616-4080-8065-bfc965ad2fbe,STEEL/SD40,17
31Gw8p19HD4vjnIm2gsAur,IfcBeam,DUMMY,ROD9,IDc143a233-0494-4d13-9b71-4b00aad8ae35,STEEL/SD40,17
0h29rO_ZP96fraN$b1DrsM,IfcBeam,Z25024,ZZ254-2.4-21-74-21-79,ID2b089d58-fa36-491a-9d64-5ff941375d96,STEEL/SS400,17
2B3h_ihdX8Yx$stJp0oGC9,IfcBeam,Z25024,ZZ254-2.4-18-79,ID8b0ebfac-ae78-488b-bff6-dd3cc0c90309,STEEL/SS400,17
0b6hdSWsv3mwJJVZ9wpjOw,IfcBeam,PURLIN,ZZ152-1.5-16-61-16-65,ID251ab9dc-836e-43c3-a4d3-7e327aced63a,STEEL/SS400,17
0fyP7AgFX3sx7HIqBpEe8M,IfcBeam,PURLIN,ZZ152-1.5-16-61-16-65,ID29f191ca-a8f8-43db-b1d1-4b42f33a8216,STEEL/SS400,17
3_91ydE91C5htoPgiA4l3t,IfcBeam,PURLIN,ZZ152-1.5-16-61-16-65,IDfe241f27-3890-4c16-bdf2-66ab0a12f0f7,STEEL/SS400,17
0feyTkynP5IPEKhlyXDHpx,IfcBeam,PURLIN,ZZ152-1.5-16-61-16-65,ID29a3c76e-f316-4549-9394-aeff21351cfb,STEEL/SS400,17
1UmCwt8A9BU8RQj5MfBS7Y,IfcBeam,PURLIN,ZZ152-1.5-16-61-16-65,ID5ec0ceb7-20a2-4b78-86da-b455a92dc1e2,STEEL/SS400,17
3Teq1e10TFmvcJEHsk628U,IfcBeam,PURLIN,ZZ152-1.5-16-61-16-65,IDdda34068-0407-4fc3-9993-391dae18221e,STEEL/SS400,17
32pAJTXnnFkw$kxhLDrPdS,IfcBeam,PURLIN,ZZ152-1.5-16-61-16-65,IDc2cca4dd-871c-4fbb-afee-eeb54dd599dc,STEEL/SS400,17
2C4IQvql95KwVS0hoVkFB1,IfcBeam,PURLIN,ZZ152-1.5-16-61-16-65,ID8c1126b9-d2f2-4553-a7dc-02bc9fb8f2c1,STEEL/SS400,17
14fwkBf3j4s9DwUyp_sNDG,IfcBeam,PURLIN,ZZ152-1.5-16-61-16-65,ID44a7ab8b-a43b-44d8-937a-7bccfed97350,STEEL/SS400,17
04S7nS58zA_Bur9Z76WQPj,IfcBeam,PURLIN,ZZ152-1.5-16-61-16-65,ID04707c5c-148f-4af8-be35-2631c681a66d,STEEL/SS400,17
1jzFtbAHX4rBviT98Zjeo3,IfcBeam,PURLIN,ZZ152-1.5-16-61-16-65,ID6df4fde5-2918-44d4-be6c-749223b68c83,STEEL/SS400,17
19W3hXy6f15wYj1mSM3pgM,IfcBeam,PURLIN,ZZ152-1.5-16-61-16-65,ID49803ae1-f06a-4117-a8ad-0707160f3a96,STEEL/SS400,17
1HhvZ2TTLDuA4jD5b4peHY,IfcBeam,PURLIN,ZZ152-1.5-16-61-16-65,ID51af98c2-75d5-4de0-a12d-345944ce8462,STEEL/SS400,17
2TWpgIQIL7SA59r3BB7EcU,IfcBeam,PURLIN,ZZ152-1.5-16-61-16-65,ID9d833a92-6925-4770-a149-d432cb1ce99e,STEEL/SS400,17
3RahqxYU98bg5hxp68f1I_,IfcBeam,PURLIN,ZZ152-1.5-16-61-16-65,IDdb92bd3b-89e2-4896-a16b-ef3188a414be,STEEL/SS400,17
3rNQD3tc5FBQeO2Jq5AeOP,IfcBeam,PURLIN,ZZ152-1.5-16-61-16-65,IDf55da343-de61-4f2d-aa18-093d052a8619,STEEL/SS400,17
1GpmK5Y7v4MxRSb3SjcUuh,IfcBeam,PURLIN,ZZ152-1.5-16-61-16-65,ID50cf0505-887e-445b-b6dc-94372d99ee2b,STEEL/SS400,17
3tq2tegPX5P9GenEc5zn5a,IfcBeam,PURLIN,ZZ152-1.5-16-61-16-65,IDf7d02de8-a998-4564-9428-c4e985f71164,STEEL/SS400,17
1N7U465R1CFgUx1xPosz2x,IfcBeam,BEAM,SHS100*100*3.2,B-0(?),STEEL/SS400,17
2PuDpwfybCKehwxKNfw3hb,IfcBeam,BEAM,SHS100*100*3.2,ID99e0dcfa-a7c9-4c52-8afa-ed45e9e83ae5,STEEL/SS400,17
0BlruepRX4cQaPmwhE$Us$,IfcBeam,BEAM,RHS100*50*3.2,B-0(?),STEEL/SS400,17
2$$ysilYr458Q7uU$h7hPx,IfcBeam,ANCHOR ROD,D12,z-0(?),STEEL/SS400,17
1K_4pmbCDDOxpt$_Y0NO9l,IfcBeam,ANCHOR ROD,D12,z-0(?),STEEL/SS400,17
0EvOjMc3j4pfUoStpWi4_x,IfcBeam,ANCHOR ROD,D12,z-0(?),STEEL/SS400,17
2I9ZPuhIbDLfAYjUNAKuiy,IfcBeam,ANCHOR ROD,D12,z-0(?),STEEL/SS400,17
3OZ8$0XyP0ghkvAqa_eq6r,IfcBeam,PLATE,PL6x200,1SD-3,STEEL/SS400,17
1bvqDZWcTFQOLtKtSPgu2Z,IfcBeam,ANCHOR ROD,D12,z-0(?),STEEL/SS400,17
17f8Nrf09DfAgM1ke72dc7,IfcBeam,ANCHOR ROD,D12,z-0(?),STEEL/SS400,17
0g3xY65$n9kfiQ4IgpaavP,IfcBeam,ANCHOR ROD,D12,z-0(?),STEEL/SS400,17
03R_i_FvnFygtwFSB7lkmi,IfcBeam,ANCHOR ROD,D12,z-0(?),STEEL/SS400,17
0UelxUXxD23Qzdo3BZLRQ7,IfcBeam,PLATE,PL6x200,1SD-3,STEEL/SS400,17
02x0mATxb4dQjY914HoOH5,IfcBeam,ANCHOR ROD,D12,z-0(?),STEEL/SS400,17
1iYb3BS0rCcv_IkmlXoe6r,IfcBeam,ANCHOR ROD,D12,z-0(?),STEEL/SS400,17
2l8vGginr8sf$igImsuVPW,IfcBeam,ANCHOR ROD,D12,z-0(?),STEEL/SS400,17
2QGAScmFX3uPHeRP_S_8mo,IfcBeam,ANCHOR ROD,D12,z-0(?),STEEL/SS400,17
0bbsdjSNT8Dxnsy3ZMHUTd,IfcBeam,PLATE,PL6x200,1SD-3,STEEL/SS400,17
0wA$fWHYz319gm9r1qk2mv,IfcBeam,ANCHOR ROD,D12,z-0(?),STEEL/SS400,17
2QIObkFIz5X8MP_RPiWXlY,IfcBeam,ANCHOR ROD,D12,z-0(?),STEEL/SS400,17
2n_lrn$SD2o9AdXvHoZc4O,IfcBeam,ANCHOR ROD,D12,z-0(?),STEEL/SS400,17
3GGLyCdKHD9wXSOGM7xz_3,IfcBeam,ANCHOR ROD,D12,z-0(?),STEEL/SS400,17
1omFghB81Agx6MECOCMe8s,IfcBeam,PLATE,PL6x200,1SD-3,STEEL/SS400,17
2vOuSmdzv4gRKJtMv4wqVI,IfcBeam,ANCHOR ROD,D12,z-0(?),STEEL/SS400,17
2NC7PuvhL1d9PMuD4s_FDC,IfcBeam,ANCHOR ROD,D12,z-0(?),STEEL/SS400,17
39_HPb7TX73flqdK2oQOyO,IfcBeam,ANCHOR ROD,D12,z-0(?),STEEL/SS400,17
2TbcUxWIv0qOxit7A95pAN,IfcBeam,ANCHOR ROD,D12,z-0(?),STEEL/SS400,17
3lE3rOQZz0X96ahk7FyiJx,IfcBeam,PLATE,PL6x200,1SD-3,STEEL/SS400,17
2F3_xXGjL6LBm9mkM$rz_e,IfcBeam,DUMMY,ROD9,ID8f0feee1-42d5-4654-bc09-c2e5bfd7dfa8,STEEL/SD40,17
3GoT$578bD8OBQ1z5Ipj_L,IfcBeam,DUMMY,ROD9,IDd0c9dfc5-1c89-4d21-82da-07d152cedf95,STEEL/SD40,17
2xANvgtcvExRKgtr6vV_yr,IfcBeam,DUMMY,ROD9,IDbb297e6a-de6e-4eed-b52a-df51b97fef35,STEEL/SD40,17
2C$S751jDFegCDNhugNmLd,IfcBeam,DUMMY,ROD9,ID8cfdc1c5-06d3-4fa2-a30d-5ebe2a5f0567,STEEL/SD40,17
0Sg72SIoL5QObxe3Ho$ILF,IfcBeam,DUMMY,ROD9,ID1ca8709c-4b25-4569-897b-a03472fd254f,STEEL/SD40,17
2Uk1OMfSzBI9pxmLLUEsmO,IfcBeam,DUMMY,ROD9,ID9eb81616-a5cf-4b48-9cfb-c1555e3b6c18,STEEL/SD40,17
0RSfl1iEr4U9KWKoUxYtrB,IfcBeam,DUMMY,ROD9,ID1b729bc1-b0ed-4478-9520-5327bb8b7d4b,STEEL/SD40,17
3JV3HxJBT8qguk9E$lZ4an,IfcBeam,DUMMY,ROD9,IDd37c347b-4cb7-48d2-ae2e-24efef8c4931,STEEL/SD40,17
3QWSqCVljFQBz$EJxrEh9S,IfcBeam,DUMMY,ROD9,IDda81cd0c-7efb-4f68-bf7f-393ef53ab25c,STEEL/SD40,17
3CMNMn_JDFnPSKTYr5g4tf,IfcBeam,DUMMY,ROD9,IDcc5975b1-f933-4fc5-9714-762d45a84de9,STEEL/SD40,17
1ryGHW9Q91zP5zHpCLihr8,IfcBeam,DUMMY,ROD9,ID75f10460-25a2-41f5-917d-473315b2bd48,STEEL/SD40,17
3E3YTU7ULAVRnxzcvssAjv,IfcBeam,DUMMY,ROD9,IDce0e275e-1de5-4a7d-bc7b-f66e76d8ab79,STEEL/SD40,17
3aFjcSO454X8QCuB6LeY4h,IfcBeam,DUMMY,ROD9,IDe43ed99c-6041-4484-868c-e0b195a2212b,STEEL/SD40,17
0siz4rTpL0A8rOLHSCJBFq,IfcBeam,DUMMY,ROD9,ID36b3d135-7735-4028-8d58-55170c4cb3f4,STEEL/SD40,17
1OqEi41Xf6f9bwjus1jXj$,IfcBeam,DUMMY,ROD9,ID58d0eb04-061a-46a4-997a-b78d81b61b7f,STEEL/SD40,17
2VKKaARRHApQfeDiT0xckI,IfcBeam,DUMMY,ROD9,ID9f51490a-6db4-4acd-aa68-36c740ee6b92,STEEL/SD40,17
25V0eunhTFn9j1WUOiH53b,IfcBeam,DUMMY,ROD9,ID857c0a38-c6b7-4fc4-9b41-81e62c4450e5,STEEL/SD40,17
2P17JhqjX6K9A6DMXJg2ke,IfcBeam,DUMMY,ROD9,ID990474eb-d2d8-4650-9286-356853a82ba8,STEEL/SD40,17
2_1aMRF9jBbRpmVaPnjViN,IfcBeam,DUMMY,ROD9,IDbe06459b-3c9b-4b95-bcf0-7e4671b5fb17,STEEL/SD40,17
0Elw_T1XD4jQc8Oa96EDb3,IfcBeam,DUMMY,ROD9,ID0ebfaf9d-0613-44b5-a988-62424638d943,STEEL/SD40,17
3y3FH2tf55CQN8yJ$u0MSN,IfcBeam,DUMMY,ROD9,IDfc0cf442-de91-4531-a5c8-f13ff8016717,STEEL/SD40,17
04mFHY93T8X8DKFR6VeBom,IfcBeam,DUMMY,ROD9,ID04c0f462-2437-4884-8354-3db19fa0bcb0,STEEL/SD40,17
3l_zRmO2r6Th8WMl51tsyz,IfcBeam,DUMMY,ROD9,IDeffbd6f0-602d-4676-b220-5af141df6f3d,STEEL/SD40,17
2_dvxccxPArgfNaT5N_s1C,IfcBeam,DUMMY,ROD9,IDbe9f9ee6-9bb6-4ad6-aa57-91d157fb604c,STEEL/SD40,17
3a8Ec_lMTFiPm0ainFm8M1,IfcBeam,DUMMY,ROD9,IDe420e9be-bd67-4fb1-9c00-92cc4fc08581,STEEL/SD40,17
2DyXh2H$PDhxC0tnyGG0jO,IfcBeam,DUMMY,ROD9,ID8df21ac2-47f6-4daf-b300-df1f10400b58,STEEL/SD40,17
24UGGb_qnEExIJeCn3ohVs,IfcBeam,DUMMY,ROD9,ID84790425-fb4c-4e3b-b493-a0cc43cab7f6,STEEL/SD40,17
0lmxGxzOn6bf0_dwDuSr89,IfcBeam,DUMMY,ROD9,ID2fc3b43b-f58c-4696-903e-9fa378735209,STEEL/SD40,17
3p2CuhYkHEeBaU5xTWNib7,IfcBeam,DUMMY,ROD9,IDf308ce2b-8ae4-4ea0-b91e-17b7605ec947,STEEL/SD40,17
0q9LqqdE58lw67xlIhT9CC,IfcBeam,DUMMY,ROD9,ID34255d34-9ce1-48bf-a187-eef4ab74930c,STEEL/SD40,17
0gJdhzjC9Bnwd8EOYQW9vV,IfcBeam,DUMMY,ROD9,ID2a4e7afd-b4c2-4bc7-a9c8-39889a809e5f,STEEL/SD40,17
1e3ovIllj6ZOAI7UQl2o_O,IfcBeam,DUMMY,ROD9,ID680f2e52-befb-468d-8292-1de6af0b2f98,STEEL/SD40,17
3eHUW14sXAPwgYkEfaQ4_0,IfcBeam,DUMMY,ROD9,IDe845e801-1368-4a67-aaa2-b8ea64684f80,STEEL/SD40,17
2v_jujBeH9YexwClF9nxPf,IfcBeam,DUMMY,ROD9,IDb9fade2d-2e84-498a-8efa-32f3c9c7b669,STEEL/SD40,17
27qLAFeLLB4fEil6wNZdJd,IfcBeam,DUMMY,ROD9,ID87d1528f-a155-4b12-93ac-bc6e978e74e7,STEEL/SD40,17
0JDMPAJJ94CPiNnA63xPTR,IfcBeam,DUMMY,ROD9,ID1335664a-4d32-4431-9b17-c4a183ed975b,STEEL/SD40,17
2GPNFG20H0WRvmFwthvhE1,IfcBeam,DUMMY,ROD9,ID906573d0-0804-4081-be70-3fadebe6b381,STEEL/SD40,17
2hiAIyQvXE_QkZvCK1ga0H,IfcBeam,DUMMY,ROD9,IDabb0a4bc-6b98-4ef9-aba3-e4c501aa4011,STEEL/SD40,17
1qnyNWW2rBBRaRzM_y34yA,IfcBeam,DUMMY,ROD9,ID74c7c5e0-802d-4b2d-b91b-f56fbc0c4f0a,STEEL/SD40,17
2xmjCargT8ZvNwQ6yAPRvn,IfcBeam,DUMMY,ROD9,IDbbc2d324-d6a7-488f-95fa-686f0a65be71,STEEL/SD40,17
2W1799PkfBThw4eaqPLNdk,IfcBeam,DUMMY,ROD9,IDa0047249-66ea-4b76-be84-a24d195579ee,STEEL/SD40,17
1lFjNu51P0DO4IS_aCozJc,IfcBeam,DUMMY,ROD9,ID6f3ed5f8-1416-4035-8112-73e90ccbd4e6,STEEL/SD40,17
0rMIWWR6PDpelO$mk7JBec,IfcBeam,DUMMY,ROD9,ID35592820-6c66-4dce-8bd8-ff0b874cba26,STEEL/SD40,17
2he9eAKbr3PflHjZwZzKNB,IfcBeam,DUMMY,ROD9,IDaba09a0a-525d-4366-9bd1-b63ea3f545cb,STEEL/SD40,17
01yBc$ilr73woe5i2OA__D,IfcBeam,DUMMY,ROD9,ID01f0b9bf-b2fd-470f-aca8-16c0982bef8d,STEEL/SD40,17
2A1vzRuFnBB8ANF85Q_ZEl,IfcBeam,DUMMY,ROD9,ID8a079f5b-e0fc-4b2c-8297-3c815afa33af,STEEL/SD40,17
2E4J$4_iPFXwFzHProKPzA,IfcBeam,DUMMY,ROD9,ID8e113fc4-fac6-4f87-a3fd-459d72519f4a,STEEL/SD40,17
2a15PwQ9n5l8r9XP7O$Utq,IfcBeam,DUMMY,ROD9,IDa404567a-689c-45bc-8d49-8591d8fdedf4,STEEL/SD40,17
3DXUVs68HBzxxhh033pcT1,IfcBeam,DUMMY,ROD9,IDcd85e7f6-1884-4bf7-beeb-ac00c3ce6741,STEEL/SD40,17
1McmKNrI1DI8eHa5E3zkbh,IfcBeam,DUMMY,ROD9,ID569b0517-d520-4d48-8a11-905383f6e96b,STEEL/SD40,17
1BOXSRBYD6Lu8nTSZ0Es8V,IfcBeam,DUMMY,ROD9,ID4b62171b-2e23-4657-8231-75c8c03b621f,STEEL/SD40,17
2PgD0qVfT8kOg8$MAep3qM,IfcBeam,DUMMY,ROD9,ID99a8d034-7e97-48b9-8a88-fd62a8cc3d16,STEEL/SD40,17
2zhjnXD0r1iOJKfENduFzo,IfcBeam,DUMMY,ROD9,IDbdaedc61-340d-41b1-84d4-a4e5e7e0ff72,STEEL/SD40,17
3TYbOk0zb8WQOqfVVaXgPw,IfcBeam,DUMMY,ROD9,IDdd8a562e-03d9-4881-a634-a5f7e486a67a,STEEL/SD40,17
00BzSJSn55cA_EbmfXV4g7,IfcBeam,DUMMY,ROD9,ID002fd713-7311-4598-af8e-970a617c4a87,STEEL/SD40,17
0jq3jSKKr9GBls5rZuhilk,IfcBeam,DUMMY,ROD9,ID2dd03b5c-514d-4940-bbf6-1758f8aecbee,STEEL/SD40,17
3Z0w3mfrb3HQAVyXS_SHeO,IfcBeam,DUMMY,ROD9,IDe303a0f0-a759-4345-a29f-f2173e711a18,STEEL/SD40,17
3MHRDAzFX4ywKDP$81tgAj,IfcBeam,DUMMY,ROD9,IDd645b34a-f4f8-44f3-a50d-67f201dea2ad,STEEL/SD40,17
23$9ytoef1bBg2rV5b3DZ3,IfcBeam,DUMMY,ROD9,ID83fc9f37-ca8a-4194-ba82-d5f1650cd8c3,STEEL/SD40,17
3cevHIS4X52QOjjFiVuLZD,IfcBeam,DUMMY,ROD9,IDe6a39452-7048-4509-a62d-b4fb1fe158cd,STEEL/SD40,17
1dcUuwPFf4TArf84wYNg13,IfcBeam,DUMMY,ROD9,ID6799ee3a-64fa-4474-ad69-204ea25ea043,STEEL/SD40,17
3dBt2E2tD2DuPX6dSzCiZd,IfcBeam,DUMMY,ROD9,IDe72f708e-0b73-4237-8661-1a773d32c8e7,STEEL/SD40,17
1uq_b98pj4vuZy_3lA1ItB,IfcBeam,DUMMY,ROD9,ID78d3e949-233b-44e7-88fc-f83bca052dcb,STEEL/SD40,17
1rNrTDOgnBRv_EkuYqAZ$K,IfcBeam,DUMMY,ROD9,ID755f574d-62ac-4b6f-9f8e-bb88b42a3fd4,STEEL/SD40,17
3hcVzPRr5F$OcBkV$WGn$N,IfcBeam,Z25024,ZZ254-2.4-21-74-21-79,IDeb99ff59-6f51-4ffd-898b-b9ffe0431fd7,STEEL/SS400,17
1wWR9$bFXA6P5QuUDJ1FIo,IfcBeam,Z25024,ZZ254-2.4-21-74-21-79,ID7a81b27f-94f8-4a19-915a-e1e35304f4b2,STEEL/SS400,17
3M5jI6LTb6dRVDJKOR1aOg,IfcBeam,Z25024,ZZ254-2.4-21-74-21-79,IDd616d486-55d9-469d-b7cd-4d461b06462a,STEEL/SS400,17
0WvC367tX5m8a0OASi0SU7,IfcBeam,Z25024,ZZ254-2.4-21-74-21-79,ID20e4c0c6-1f78-45c0-8900-60a72c01c787,STEEL/SS400,17
2oxZphyy934uoUJPLeguav,IfcBeam,BEAM,SHS100*100*3.2,B-0(?),STEEL/SS400,17
3THD6FnJDBQOt0bmteTYUF,IfcBeam,Z25024,ZZ254-2.4-21-74-21-79,IDdd44d18f-c533-4b69-8dc0-970de876278f,STEEL/SS400,17
1cgjTZ_KnAbuwXYhKoMkRx,IfcBeam,Z25024,ZZ254-2.4-18-79,ID66aad763-f94c-4a97-8ea1-8ab5325ae6fb,STEEL/SS400,17
3biqY9AVD4oxEFA$kBLqrc,IfcBeam,BEAM,SHS50*50*2.5,IDe5b34889-29f3-44cb-b38f-2bfb8b574d66,STEEL/S275,17
1GTlpr9Rv5HwZgEeaA4i6k,IfcBeam,SQUARE TUBES,RHS50*25*2.5,1GT3-0(?),STEEL/SS400,17
0DRTqwyW11Dx2SRXyHS_DV,IfcBeam,SQUARE TUBES,SHS100*100*3.2,1GT1-0(?),STEEL/SS400,17
0uZbcg7aXBGBRn8q1ZRx$b,IfcBeam,SQUARE TUBES,SHS100*100*3.2,X-0(?),STEEL/SS400,17
1oHMWEJCL4BxhZfQ$G$1xE,IfcBeam,Z25024,ZZ254-2.4-21-74-21-79,ID7245680e-4cc5-442f-bae3-a5afd0fc1ece,STEEL/SS400,17
3iVDTuo2PAA9QOgK_ePdnk,IfcBeam,ANGLE CLEAT,L-75X40X1.9,IDec7cd778-c826-4a28-9698-a94fa8667c6e,STEEL/SS400,17
3uYjbYw_T4PhQ2IH4QtUTo,IfcBeam,ANGLE CLEAT,L-75X40X1.9,IDf88ad962-ebe7-4466-b682-49111adde772,STEEL/SS400,17
1P7WAXwo18jB7lAWsXlygX,IfcBeam,PLATE,CC150-1.5-16-64,ID591e02a1-eb20-48b4-b1ef-2a0da1bfcaa1,STEEL/SS400,17
3rNQhdv_X3mQV3vZHRNyOw,IfcBeam,ANGLE CLEAT,L-75X40X1.9,IDf55daae7-e7e8-43c1-a7c3-e6345b5fc63a,STEEL/SS400,17
10s6moR$LC0O$HPaYLznNt,IfcBeam,ANGLE CLEAT,L-75X40X1.9,ID40d86c32-6ff5-4c01-8fd1-664895f715f7,STEEL/SS400,17
3W1B6cRBn4HQBnZn1Z98q1,IfcBeam,PLATE,CC150-1.5-16-64,IDe004b1a6-6cbc-4445-a2f1-8f1063248d01,STEEL/SS400,17
3PLdF8n752gAZKRurZuJBj,IfcBeam,ANGLE CLEAT,L-75X40X1.9,IDd95673c8-c471-42a8-a8d4-6f8d63e132ed,STEEL/SS400,17
1agXO3lh9Fq9mTDDM4lWCm,IfcBeam,ANGLE CLEAT,L-75X40X1.9,ID64aa1603-beb2-4fd0-9c1d-34d584be0330,STEEL/SS400,17
1gMcqppW1E1hVR3g2kM3Y8,IfcBeam,PLATE,CC150-1.5-16-64,ID6a5a6d33-ce00-4e06-b7db-0ea0ae583888,STEEL/SS400,17
392OuzvZrE9vFh24h0RYKy,IfcBeam,ANGLE CLEAT,L-75X40X1.9,IDc9098e3d-e63d-4e27-93eb-084ac06e253c,STEEL/SS400,17
3LspCPvyP5iQEvxCnhpBoi,IfcBeam,PLATE,CC150-1.5-16-64,IDd5db3319-e7c6-45b1-a3b9-eccc6bccbcac,STEEL/SS400,17
1iAsaEVZf0ZAzUKMy4$6IT,IfcBeam,Z25024,ZZ254-2.4-21-74-21-79,ID6c2b690e-7e3a-408c-af5e-516f04fc649d,STEEL/SS400,17
2qNpwZ6s98UwXKo3NWbswx,IfcBeam,Z25024,ZZ254-2.4-21-74-21-79,IDb45f3ea3-1b62-487b-a854-c835e0976ebb,STEEL/SS400,17
3IkfDEa9P8wBNIE9Q5Q7iH,IfcBeam,Z25024,ZZ254-2.4-21-74-21-79,IDd2ba934e-9096-48e8-b5d2-389685687b11,STEEL/SS400,17
0qOzYbkDn6vwG3u_m44inF,IfcBeam,Z25024,ZZ254-2.4-21-74-21-79,ID3463d8a5-b8dc-46e7-a403-e3ec0412cc4f,STEEL/SS400,17
1na$9K5ev9VgagxNF7UwIU,IfcBeam,Z25024,ZZ254-2.4-21-74-21-79,ID7193f254-168e-497e-a92a-ed73c77ba49e,STEEL/SS400,17
1Ufl_$bF130fUMCE2f8vWg,IfcBeam,Z25024,ZZ254-2.4-21-74-21-79,ID5ea6ffbf-94f0-4302-9796-30e0a923982a,STEEL/SS400,17
3IUuk_32D3qgsmE$rG6E6A,IfcBeam,BEAM,SHS100*100*3.2,IDd27b8bbe-0c23-43d2-adb0-3bfd5018e18a,STEEL/SS400,17
0nSRLwQ51DxQX3ljBMv0Ex,IfcBeam,Z25024,ZZ254-2.4-21-74-21-79,ID3171b57a-6850-4ded-a843-bed2d6e403bb,STEEL/SS400,17
0lrdJutub86PJU7LeqXT1B,IfcBeam,BEAM,SHS100*100*3.2,ID2fd674f8-df89-4819-94de-1d5a3485d04b,STEEL/SS400,17
1pcBAMOrXBjfzNd09xqmUf,IfcBeam,BEAM,SHS100*100*3.2,ID7398b296-6358-4bb6-9f57-9c027bd307a9,STEEL/SS400,17
2gcUcf4L50SxlmLgWXD$vo,IfcBeam,BEAM,SHS100*100*3.2,IDaa99e9a9-1151-4073-bbf0-56a82137fe72,STEEL/SS400,17
09$1gP61nCLhon461TmbNv,IfcBeam,BEAM,SHS100*100*3.2,ID09fc1a99-181c-4c56-bcb1-10605dc255f9,STEEL/SS400,17
2q00G3ysj1uQQ01S_lAOHX,IfcBeam,BEAM,SHS100*100*3.2,IDb4000403-f36b-41e1-a680-05cfaf298461,STEEL/SS400,17
2E9zJGbWDBfODNrTvjHLt0,IfcBeam,BEAM,SHS100*100*3.2,ID8e27d4d0-9603-4ba5-8357-d5de6d455dc0,STEEL/SS400,17
3ml8_byaT029iQ4eKZfe0r,IfcBeam,BEAM,SHS100*100*3.2,IDf0bc8fa5-f247-4008-9b1a-128523a68035,STEEL/SS400,17
0esiVP5bj338hdnHSIFaiz,IfcBeam,BEAM,SHS100*100*3.2,ID28dac7d9-165b-430c-8ae7-c517123e4b3d,STEEL/SS400,17
29dc14kon5yxInij5CJEAC,IfcBeam,BEAM,SHS100*100*3.2,ID899e6044-bb2c-45f3-b4b1-b2d14c4ce28c,STEEL/SS400,17
0c2riG1Z93jRBZec0h6Xtf,IfcBeam,BEAM,SHS100*100*3.2,B-0(?),STEEL/SS400,17
2JeKGJq8D1OeDcNVlCoh7l,IfcBeam,BEAM,SHS100*100*3.2,B-0(?),STEEL/SS400,17
1pl5$t3497Huc2quGDyHlv,IfcBeam,BEAM,SHS100*100*3.2,ID73bc5ff7-0c42-4747-8982-d3840df11bf9,STEEL/SS400,17
3$JXSk88z1lQoFazfUQM5A,IfcBeam,BEAM,SHS100*100*3.2,IDff4e172e-208f-41bd-ac8f-93da5e69614a,STEEL/SS400,17
19jwV0wVf1lhQgh1KFdGOt,IfcBeam,BEAM,SHS100*100*3.2,ID49b7a7c0-e9fa-41be-b6aa-ac150f9d0637,STEEL/SS400,17
06ogxeZdzDIh8PB7kGbn4Z,IfcBeam,ANCHOR ROD,D12,z-0,STEEL/SS400,17
3yj$N4cTz4xADlEgGAxhaK,IfcBeam,ANCHOR ROD,D12,z-0,STEEL/SS400,17
13ryCRZ_LC$OZq_9H8cEVu,IfcBeam,ANCHOR ROD,D12,z-0,STEEL/SS400,17
39taPU6EfFFh_8Gc$Z3E4V,IfcBeam,ANCHOR ROD,D12,z-0,STEEL/SS400,17
1x07EayB1EugC3jNfHQES5,IfcBeam,ANCHOR ROD,D12,z-0,STEEL/SS400,17
1wskhD5NfDJQGDW65YjceO,IfcBeam,ANCHOR ROD,D12,z-0,STEEL/SS400,17
10f16T$4f9gg8KVRqvQ9dO,IfcBeam,ANCHOR ROD,D12,z-0,STEEL/SS400,17
3i3yKiwj1DtvTFK_KFhD0x,IfcBeam,ANCHOR ROD,D12,z-0,STEEL/SS400,17
0v0hwhJb13qw4BKP2oWlXu,IfcBeam,ANCHOR ROD,D12,z-0,STEEL/SS400,17
1snldfOjH9xvTBPVhNOsxs,IfcBeam,ANCHOR ROD,D12,z-0,STEEL/SS400,17
0AyPYBAU5CRgMXArLRrGEH,IfcBeam,ANCHOR ROD,D12,z-0,STEEL/SS400,17
0uweW0PZfAQxilDuyNhXma,IfcBeam,ANCHOR ROD,D12,z-0,STEEL/SS400,17
20FJff6VH5ohgOwu_cH70m,IfcBeam,PLATE,PL6x200,z-0,STEEL/SS400,17
2Dox2GFc18ZxTPngo7P5DJ,IfcBeam,ANCHOR ROD,D12,z-0,STEEL/SS400,17
3LZ5rQA3T2gwcEaLM1w5Jr,IfcBeam,ANCHOR ROD,D12,z-0,STEEL/SS400,17
3lbAsPyrD6$R_bNovSsf_6,IfcBeam,ANCHOR ROD,D12,z-0,STEEL/SS400,17
2T76r$PQL5l9OqwebZZYn0,IfcBeam,ANCHOR ROD,D12,z-0,STEEL/SS400,17
0eVQP_2C11D8tAkczMFDnm,IfcBeam,ANCHOR ROD,D12,z-0,STEEL/SS400,17
2bSsQS3kD4LuwkZ94Hcao8,IfcBeam,ANCHOR ROD,D12,z-0,STEEL/SS400,17
0FC0Yi0K9DUBxyk98pTwwC,IfcBeam,PLATE,PL6x200,z-0,STEEL/SS400,17
0FvTs_xfL3OfBFLJQf$2dk,IfcBeam,ANCHOR ROD,D12,z-0,STEEL/SS400,17
0jtjLDuvf5vP9b9pmaOz7n,IfcBeam,ANCHOR ROD,D12,z-0,STEEL/SS400,17
2zAoZ8xsL96h1RB90IT3zw,IfcBeam,ANCHOR ROD,D12,z-0,STEEL/SS400,17
2tBu3bF_bE_9WzVHna2rDg,IfcBeam,ANCHOR ROD,D12,z-0,STEEL/SS400,17
1isz39IjHEofTsr_ml12ht,IfcBeam,ANCHOR ROD,D12,z-0,STEEL/SS400,17
3spDBIByL0ZBwqwtwKl3X$,IfcBeam,ANCHOR ROD,D12,z-0,STEEL/SS400,17
3$bhbiBEz6kPcspRBAFEVz,IfcBeam,PLATE,PL6x200,z-0,STEEL/SS400,17
01739VHuzAZOWqT___qW0F,IfcBeam,ANCHOR ROD,D12,z-0,STEEL/SS400,17
2oMZ5tkUj0ovBcOvS0DWv7,IfcBeam,ANCHOR ROD,D12,z-0,STEEL/SS400,17
0dNwvNjvr1VRX59OkyK_R4,IfcBeam,ANCHOR ROD,D12,z-0,STEEL/SS400,17
13Esv6$kPBCeKfcu1YTpnn,IfcBeam,ANCHOR ROD,D12,z-0,STEEL/SS400,17
3gZXVyxpH1Z9lFs8dTVOHH,IfcBeam,ANCHOR ROD,D12,z-0,STEEL/SS400,17
2r84hmroT5Y9c2F8Ubc0qu,IfcBeam,ANCHOR ROD,D12,z-0,STEEL/SS400,17
0E2mLWGLjDh90jKYMCgCyj,IfcBeam,PLATE,PL6x200,z-0,STEEL/SS400,17
1M0nJQN4PCNBerb0ZwCywQ,IfcBeam,ANCHOR ROD,D12,z-0,STEEL/SS400,17
1TU_Tx6in12gBWGqgNNksk,IfcBeam,ANCHOR ROD,D12,z-0,STEEL/SS400,17
0EPSeyu_PCWBLUk5ASU0KG,IfcBeam,ANCHOR ROD,D12,z-0,STEEL/SS400,17
0FS1u_ZgP31PZXiRyQf3jC,IfcBeam,ANCHOR ROD,D12,z-0,STEEL/SS400,17
20PTygYbz4M9rQKNyNs73s,IfcBeam,ANCHOR ROD,D12,z-0,STEEL/SS400,17
3FicPNzfD8CfZAvEw86zUM,IfcBeam,ANCHOR ROD,D12,z-0,STEEL/SS400,17
0aHcZisAr9Vgtzf4fMFqsT,IfcBeam,PLATE,PL6x200,z-0,STEEL/SS400,17
2Bh7xWXA50m8FeWxEFuZHl,IfcBeam,ANGLE CLEAT,L-75X40X1.9,ID8bac7ee0-84a1-40c0-83e8-83b38fe2346f,STEEL/SS400,17
1GerfjGzb9XPX6ZGJHyTkU,IfcBeam,Z25024,ZZ254-2.4-21-74-21-79,ID50a35a6d-43d9-4985-9846-8d04d1f1db9e,STEEL/SS400,17
1qF8fx42D2BAIppPj8_OO1,IfcBeam,ANCHOR ROD,D12,z-0(?),STEEL/SS400,17
2zcOevdcnAeghVVhxJkKWF,IfcBeam,ANCHOR ROD,D12,z-0(?),STEEL/SS400,17
2y_mUDaNv1l8hVtts$G5Rs,IfcBeam,ANCHOR ROD,D12,z-0(?),STEEL/SS400,17
1ngFSE3x16q8zHs06ZqHsm,IfcBeam,ANCHOR ROD,D12,z-0(?),STEEL/SS400,17
1IE4KYZQj8sO1TJlLfzPuh,IfcBeam,ANCHOR ROD,D12,z-0(?),STEEL/SS400,17
31vZMOo9D5R8U1zvhTDhbz,IfcBeam,ANCHOR ROD,D12,z-0(?),STEEL/SS400,17
2XvVLCbrH5yRU5IOF1efFf,IfcBeam,PLATE,PL6x200,z-0(?),STEEL/SS400,17
3RzohIngT1sPmCdMbo$Ua2,IfcBeam,ANGLE CLEAT,L-75X40X1.9,IDdbf72ad2-c6a7-41d9-9c0c-9d6972fde902,STEEL/SS400,17
1QZM8tUm508vDAwsud3aJt,IfcBeam,ANCHOR ROD,D12,z-0(?),STEEL/SS400,17
2qSDjBggb1KvrgKRu84NtB,IfcBeam,ANCHOR ROD,D12,z-0(?),STEEL/SS400,17
1DB_EeNOLAheIUrmUV2vSc,IfcBeam,ANCHOR ROD,D12,z-0(?),STEEL/SS400,17
1Z3h$wtIX8EPkBh6Ah1TBF,IfcBeam,ANCHOR ROD,D12,z-0(?),STEEL/SS400,17
0cS6YfXm5D6gkLhEFGh4SJ,IfcBeam,ANCHOR ROD,D12,z-0(?),STEEL/SS400,17
3UWov_JWr4dwLjF1rmqkvP,IfcBeam,ANCHOR ROD,D12,z-0(?),STEEL/SS400,17
1AaBCLIQ93gPcVLXWusndj,IfcBeam,PLATE,PL6x200,z-0(?),STEEL/SS400,17
3_n1TxY4z7wfP0O1Ipeyjf,IfcBeam,ANGLE CLEAT,L-75X40X1.9,IDfec4177b-884f-47ea-9640-6014b3a3cb69,STEEL/SS400,17
2Z32FuUUn0wO5dWgzRI0N6,IfcBeam,Z25024,ZZ254-2.4-21-74-21-79,IDa30c23f8-79ec-40e9-8167-82af5b4805c6,STEEL/SS400,17
0KaPuU43599uIu_uf0$Z_o,IfcBeam,ANCHOR ROD,D12,z-0(?),STEEL/SS400,17
1RraKu5uHD29m6XvW7$2M$,IfcBeam,ANCHOR ROD,D12,z-0(?),STEEL/SS400,17
1b2OhNUSf2KRPOcWHT_CdX,IfcBeam,ANCHOR ROD,D12,z-0(?),STEEL/SS400,17
1PvfsKXNj3Bf6jmVtLbw7d,IfcBeam,ANCHOR ROD,D12,z-0(?),STEEL/SS400,17
1NUeKMww1AJuF6t2HHgtwg,IfcBeam,ANCHOR ROD,D12,z-0(?),STEEL/SS400,17
0YFKaqXPz0K9Vvvj4bqNeI,IfcBeam,ANCHOR ROD,D12,z-0(?),STEEL/SS400,17
23rJlFBND7wh4JxPv9yM4V,IfcBeam,PLATE,PL6x200,z-0(?),STEEL/SS400,17
31nC0JpCjA5vhHqhCJAJ3Z,IfcBeam,ANGLE CLEAT,L-75X40X1.9,IDc1c4c013-cccb-4a17-9ad1-d2b3132930e3,STEEL/SS400,17
26qu2Wrwz8iOCpScrZm0Qo,IfcBeam,ANGLE CLEAT,L-75X40X1.9,ID86d380a0-d7af-48b1-8333-726d63c006b2,STEEL/SS400,17
2LSDwudLf5eBhruiJD6mPv,IfcBeam,ANGLE CLEAT,L-75X40X1.9,ID9570deb8-9d5a-45a0-baf5-e2c4cd1b0679,STEEL/SS400,17
0$1aK3Wo13YQQD46PJRGsA,IfcBeam,ANGLE CLEAT,L-75X40X1.9,ID3f064503-8320-4389-a68d-1066536d0d8a,STEEL/SS400,17
3vyR$2Maf3kxnelWz60w6B,IfcBeam,ANCHOR ROD,D12,z-0,STEEL/SS400,17
1X1XyUvF5D78VhGLsGMvGQ,IfcBeam,ANCHOR ROD,D12,z-0,STEEL/SS400,17
1yYrmXsbv2RuLfkWoWdOLO,IfcBeam,ANCHOR ROD,D12,z-0,STEEL/SS400,17
0s00sOeYXDLgD04Qg2frHZ,IfcBeam,ANCHOR ROD,D12,z-0,STEEL/SS400,17
3jZ0c0ycD4aAOgFykSt_xR,IfcBeam,ANCHOR ROD,D12,z-0,STEEL/SS400,17
32VfpPsrnB8xkfLqF06deS,IfcBeam,ANCHOR ROD,D12,z-0,STEEL/SS400,17
30arOe7lrCV8YzBUGiP54b,IfcBeam,PLATE,PL6x200,z-0,STEEL/SS400,17
25Cf5BeI51ShTBlC3eXjK$,IfcBeam,ANGLE CLEAT,L-75X40X1.9,ID8532914b-a121-4172-b74b-bcc0e886d53f,STEEL/SS400,17
3sds5Be_X3dg6IXTlhdety,IfcBeam,ANCHOR ROD,D12,z-0(?),STEEL/SS400,17
3NNOCC6kT31w9zde833$hP,IfcBeam,ANCHOR ROD,D12,z-0(?),STEEL/SS400,17
1tHmvEEXr2lAlFaHIlNZRV,IfcBeam,ANCHOR ROD,D12,z-0(?),STEEL/SS400,17
1Zg3hp4Dr2Iv1Tmjk$HuAG,IfcBeam,ANCHOR ROD,D12,z-0(?),STEEL/SS400,17
0$IWJp0oP6uPh3zIZA$8iX,IfcBeam,ANCHOR ROD,D12,z-0(?),STEEL/SS400,17
0U53wbbY59BBHtZpgsrxuX,IfcBeam,ANCHOR ROD,D12,z-0(?),STEEL/SS400,17
0gXtJuuTDAhf053pg069qH,IfcBeam,PLATE,PL6x200,z-0(?),STEEL/SS400,17
0Qv$Bv8YP5Lxrn_lqeEins,IfcBeam,Z25024,ZZ254-2.4-21-74-21-79,ID1ae7f2f9-2226-4557-bd71-fafd283acc76,STEEL/SS400,17
2R3SBvSdn38QJt2$o5aVpe,IfcBeam,ANCHOR ROD,D12,z-0(?),STEEL/SS400,17
2$p6yW4BL5o9Y_Fi$sdype,IfcBeam,ANCHOR ROD,D12,z-0(?),STEEL/SS400,17
0wlJ_xwbbDkP$WPi4OBDLJ,IfcBeam,ANCHOR ROD,D12,z-0(?),STEEL/SS400,17
0s0nL81Y10oPO$WrGYr9aZ,IfcBeam,ANCHOR ROD,D12,z-0(?),STEEL/SS400,17
1oNk9seZP4_xJ_AWz9elCc,IfcBeam,PLATE,PL6x200,z-0(?),STEEL/SS400,17
1L3U4J2CnEzPfBNBHUmm38,IfcBeam,Z25024,ZZ254-2.4-21-74-21-79,ID550de113-08cc-4ef5-9a4b-5cb45ec300c8,STEEL/SS400,17
0X$QFUCr51ChtZWmW2zetv,IfcBeam,ANCHOR ROD,D12,z-0(?),STEEL/SS400,17
053inbgn1BqReGQty3Yrjf,IfcBeam,ANCHOR ROD,D12,z-0(?),STEEL/SS400,17
1kfEh_wpv7Q8biMunIyoNt,IfcBeam,ANCHOR ROD,D12,z-0(?),STEEL/SS400,17
3sF6UTvtf4efogA1pi9cIP,IfcBeam,ANCHOR ROD,D12,z-0(?),STEEL/SS400,17
3_yVxRY$zBluLMzUdmBVF9,IfcBeam,PLATE,PL6x200,z-0(?),STEEL/SS400,17
1gGV7ySir19vR9CHtQl$6l,IfcBeam,Z25024,ZZ254-2.4-21-74-21-79,ID6a41f1fc-72cd-4127-96c9-311ddabff1af,STEEL/SS400,17
1NZOvtRDjCZBF5_Z5OKYWp,IfcBeam,ANCHOR ROD,D12,z-0(?),STEEL/SS400,17
1KkJs4FvH7bfgbdD0y7VM0,IfcBeam,ANCHOR ROD,D12,z-0(?),STEEL/SS400,17
37c5YxxOH5nfnrSKyCdthm,IfcBeam,ANCHOR ROD,D12,z-0(?),STEEL/SS400,17
1_UXzFESf4x8YH2PHhjFOq,IfcBeam,ANCHOR ROD,D12,z-0(?),STEEL/SS400,17
3YGw2_7U9Aru7q5D0ePg7s,IfcBeam,PLATE,PL6x200,z-0(?),STEEL/SS400,17
0KwZF1FtH5qwHT4yezap80,IfcBeam,Z25024,ZZ254-2.4-21-74-21-79,ID14ea33c1-3f74-45d3-a45d-13ca3d933200,STEEL/SS400,17
16dBB5ebL53fqd0BmqkabP,IfcBeam,ANCHOR ROD,D12,z-0(?),STEEL/SS400,17
2ZVd0qOOj4BQ4yQ5Nya1KS,IfcBeam,ANCHOR ROD,D12,z-0(?),STEEL/SS400,17
2EGrdslNjBqh7aN9wjMcED,IfcBeam,ANCHOR ROD,D12,z-0(?),STEEL/SS400,17
2Uhky8ckDEtv7PyvqAUq12,IfcBeam,ANCHOR ROD,D12,z-0(?),STEEL/SS400,17
3t1HcqPxDABPEfe7FKic3h,IfcBeam,PLATE,PL6x200,z-0(?),STEEL/SS400,17
0VVUwXPVL1kAGwrlfMxA$K,IfcBeam,PLATE,SHS50*50*2.5,z-0,STEEL/SS400,17
3_K_9wm2H1TvKpVUl4uFF7,IfcBeam,ANGLE CLEAT,L-75X40X1.9,IDfe53e27a-c024-4177-9533-7debc4e0f3c7,STEEL/SS400,17
3vmO9IvuD1mQ59I$zURg8F,IfcBeam,ANGLE CLEAT,L-75X40X1.9,IDf9c18252-e783-41c1-a149-4bff5e6ea20f,STEEL/SS400,17
22ExqBoJn49h1bQEIx8W3r,IfcBeam,ANGLE CLEAT,L-75X40X1.9,ID823bbd0b-c93c-4426-b065-68e4bb2200f5,STEEL/SS400,17
19hsK0i_91nOR0HCoTa6d5,IfcBeam,ANGLE CLEAT,L-75X40X1.9,ID49af6500-b3e2-41c5-86c0-44cc9d9069c5,STEEL/SS400,17
1hlV$pAdjB3vD0TES4TrN_,IfcBeam,PLATE,CC150-1.5-16-64,ID6bbdfff3-2a7b-4b0f-9340-74e7047755fe,STEEL/SS400,17
2Zm_dN1S956AsnnvODsSaD,IfcBeam,PLATE,SHS100*100*3.2,z-0,STEEL/SS400,17
1GWa4Ew9PCb88QbjlW2MBf,IfcBeam,PLATE,RHS100*50*3.2,z-0,STEEL/SS400,17
0EmVuImzf3TB0C62tSNUnr,IfcBeam,PLATE,CC150-1.5-16-64,ID0ec1fe12-c3da-4374-b00c-182ddc5dec75,STEEL/SS400,17
3uIaRz3IDEDgkmMG0z0zMX,IfcBeam,ANCHOR ROD,D12,z-0(?),STEEL/SS400,17
1udfOqo1H42RTt0T0BQ3Kj,IfcBeam,ANCHOR ROD,D12,z-0(?),STEEL/SS400,17
1SYhMXEa144wS6AnnT7Au3,IfcBeam,ANCHOR ROD,D12,z-0(?),STEEL/SS400,17
2yxH1Pisf4iQpgwn7pEPb4,IfcBeam,ANCHOR ROD,D12,z-0(?),STEEL/SS400,17
3iwntmGcb6cP3dpHnhldX3,IfcBeam,PLATE,PL6x200,1SD-3,STEEL/SS400,17
3z6mI9fAj2Lh6qEesZQOSw,IfcBeam,SQUARE TUBES,SHS75*75*3.2,1FSD1-4(?),STEEL/SS400,17
18Jk7m45n2pOL9$MjA2$nm,IfcBeam,ANCHOR ROD,D16,z-0(?),STEEL/SS400,17
05$2zdXpXA7PmVJsQhC48h,IfcBeam,ANCHOR ROD,D16,z-0(?),STEEL/SS400,17
2K2l2VbWz4bPU9k6SfP491,IfcBeam,ANCHOR ROD,D16,z-0(?),STEEL/SS400,17
0ZURTNxOD9r8Ty6VP$ty_t,IfcBeam,ANCHOR ROD,D16,z-0(?),STEEL/SS400,17
0Y$_ON8Vn94wiLetBHMgFH,IfcBeam,ANCHOR ROD,D16,z-0(?),STEEL/SS400,17
0YKrKOXrHE2gLgbFz936Yy,IfcBeam,ANCHOR ROD,D16,z-0(?),STEEL/SS400,17
2L$0FzYXfEKBP6_l$JWceC,IfcBeam,ANCHOR ROD,D16,z-0(?),STEEL/SS400,17
25rThPRLj4wuLsor03OAyP,IfcBeam,ANCHOR ROD,D16,z-0(?),STEEL/SS400,17
3ZRFOCOnn7kgfHMC3w5r2u,IfcBeam,SQUARE TUBES,SHS100*100*3.2,1FSD-7(?),STEEL/SS400,17
18y8P1_gzDbRqM$0mJhzH_,IfcBeam,PIPE,PIPE-48.6X2.3,1HR-1,STEEL/STK400,17
1RVoo1hN5ELxfhHGM2P0Lt,IfcBeam,SQUARE TUBES,SHS100*100*3.2,4T3-3,STEEL/SS400,17
2NfSjq6Nz2WwI4BRuNkuRD,IfcBeam,SQUARE TUBES,SHS100*100*3.2,4T3-12,STEEL/SS400,17
1swmn1yM9F5A4Jab5DV4X5,IfcBeam,SQUARE TUBES,SHS100*100*3.2,4T3-10,STEEL/SS400,17
0KMcdUwpf2tenu6eS0jxc7,IfcBeam,SQUARE TUBES,SHS100*100*3.2,4T3-8,STEEL/SS400,17
3V42t8Vxb5Jv48322CME8I,IfcBeam,SQUARE TUBES,SHS100*100*3.2,4T3-6,STEEL/SS400,17
3XGcSVgMr24QpJqtSzG6mJ,IfcBeam,SQUARE TUBES,SHS100*100*3.2,4T3-4,STEEL/SS400,17
0p0PkbbCX4PvEawdSH1uhs,IfcBeam,SQUARE TUBES,SHS100*100*3.2,4T3-12,STEEL/SS400,17
0YwAgRV5r0Gfae0o1jR2ur,IfcBeam,SQUARE TUBES,SHS100*100*3.2,4T3-10,STEEL/SS400,17
2FtlGCgfn5sBVqmhVDs5SK,IfcBeam,SQUARE TUBES,SHS100*100*3.2,4T3-8,STEEL/SS400,17
3YoJH1w3f2aR$SA8_VU2Nb,IfcBeam,SQUARE TUBES,SHS100*100*3.2,4T3-6,STEEL/SS400,17
3GGlN$Hlz6BR2JKbin9t2p,IfcBeam,SQUARE TUBES,SHS100*100*3.2,4T3-13,STEEL/SS400,17
2uxQRNtp93hhbUMHAXlojW,IfcBeam,SQUARE TUBES,SHS100*100*3.2,4T3-11,STEEL/SS400,17
0GC0gRatb3A9_FQ7idjn9T,IfcBeam,SQUARE TUBES,SHS100*100*3.2,4T3-9,STEEL/SS400,17
1MKf9O$UfFXuBg8apqSfn0,IfcBeam,SQUARE TUBES,SHS100*100*3.2,4T3-7,STEEL/SS400,17
2wPTglmBv0owYk0IwiybIG,IfcBeam,SQUARE TUBES,SHS100*100*3.2,4T3-5,STEEL/SS400,17
03smasMCH849g8aoCOC5Pi,IfcBeam,PURLIN,ZZ152-1.5-16-65-16-61,ID03db0936-58c4-4810-9a88-93231830566c,STEEL/SS400,17
0kNCHcd9vBgvMTrTFC$77j,IfcBeam,PURLIN,ZZ152-1.5-16-65-16-61,ID2e5cc466-9c9e-4bab-959d-d5d3ccfc71ed,STEEL/SS400,17
3JQyDGVxHBgg4iCVtJW3qe,IfcBeam,BEAM,H-600X200X11X17,1H3-3(?),STEEL/SM520,17
0NWuCK5kf07fQAG6t$gA0g,IfcBeam,BEAM,H-294X200X8X12,4H1-2,STEEL/SM520,17
3s2j7X97v0zg34LYgc5ZX7,IfcBeam,BEAM,H-294X200X8X12,4H1-3,STEEL/SM520,17
1jHetqqJTAmxru$SVqNs8I,IfcBeam,SQUARE TUBES,SHS100*100*3.2,4T3-1,STEEL/SS400,17
2lDKSiEePBtv9be9mdcU6E,IfcBeam,SQUARE TUBES,SHS100*100*3.2,4T3-2,STEEL/SS400,17
3EwLe$dAjDI8MA2ay2LCWp,IfcBeam,NUT,M24_NUT,IDcee95a3f-9cab-4d48-858a-0a4f0254c833,STEEL/SS400,17
1kJ9U8oJj47wvaG_6szaWI,IfcBeam,NUT,M24_NUT,ID6e4c9788-c93b-441f-ae64-43e1b6f64812,STEEL/SS400,17
3ivkNkNsD0DgKDwNcKos1r,IfcBeam,NUT,M24_NUT,IDece6e5ee-5f63-4036-a50d-e97994cb6075,STEEL/SS400,17
34BUX_Fj119PeE2fE5sEn4,IfcBeam,NUT,M24_NUT,IDc42de87e-3ed0-4125-9a0e-0a9385d8ec44,STEEL/SS400,17
2_03QVvEr1Xh_QxzbGY0BC,IfcBeam,NUT,M24_NUT,IDbe00369f-e4ed-4186-bf9a-efd9508802cc,STEEL/SS400,17
03zHG9s9T5zOOx1FnQr00z,IfcBeam,NUT,M24_NUT,ID03f51409-d897-45f5-863b-04fc5ad4003d,STEEL/SS400,17
2Xeoh1yoPEVu44USgApXPl,IfcBeam,NUT,M24_NUT,IDa1a32ac1-f326-4e7f-8104-79ca8ace166f,STEEL/SS400,17
3Hp83x9WrEn9cgpdluITMd,IfcBeam,NUT,M24_NUT,IDd1cc80fb-260d-4ec4-99aa-ce7bf849d5a7,STEEL/SS400,17
3Me9fseMj4nf0uDieFpVuK,IfcBeam,NUT,M24_NUT,IDd6a09a76-a16b-44c6-9038-36ca0fcdfe14,STEEL/SS400,17
2sy4k4mVH3nv84aZbAVLov,IfcBeam,NUT,M24_NUT,IDb6f04b84-c1f4-43c7-9204-92394a7d5cb9,STEEL/SS400,17
2eFAg4REPB1BvoRqsHxLu_,IfcBeam,NUT,M24_NUT,IDa83caa84-6ce6-4b04-be72-6f4d91ed5e3e,STEEL/SS400,17
0r$dfdXbHF99DAGgb6tXCY,IfcBeam,NUT,M24_NUT,ID35fe7a67-8654-4f24-934a-42a946de1322,STEEL/SS400,17
38St$Hq9b1ZA3pjuwuxXbS,IfcBeam,ANCHOR J ROD,D24,z-0(?),STEEL/SS400,17
0w2_rKS45Fw8rmnzazE4TA,IfcBeam,ANCHOR J ROD,D24,z-0(?),STEEL/SS400,17
0SPlUdy5L7yfoSALnaNx0T,IfcBeam,ANCHOR J ROD,D24,z-0(?),STEEL/SS400,17
134BY5sIv4xerQLQ$dUXv1,IfcBeam,ANCHOR J ROD,D24,z-0(?),STEEL/SS400,17
2L$62bUUrCsvW$mq5kmAI5,IfcBeam,ANCHOR J ROD,D24,z-0(?),STEEL/SS400,17
26UPRbDGXBpQPDHfh9Czb0,IfcBeam,ANCHOR J ROD,D24,z-0(?),STEEL/SS400,17
1sTgm1sO1Cx95fAd8ckC8U,IfcBeam,ANCHOR J ROD,D24,ID7676ac01-d980-4cec-9169-2a7226b8c21e,STEEL/SS400,17
0AxjVnRMTErwOJcZ5WvQYi,IfcBeam,ANCHOR J ROD,D24,ID0aeed7f1-6d67-4ed7-a613-9a3160e5a8ac,STEEL/SS400,17
0oE1LgW8HDQ9YROyJuMq4C,IfcBeam,ANCHOR J ROD,D24,ID3238156a-8084-4d68-989b-63c4f85b410c,STEEL/SS400,17
3BYq0wm71CE9m$AKH2kdp4,IfcBeam,ANCHOR J ROD,D24,IDcb8b403a-c070-4c38-9c3f-294442ba7cc4,STEEL/SS400,17
1nOIcz9Hj7mwKvT8Wt400K,IfcBeam,ANCHOR J ROD,D24,ID716129bd-251b-47c3-a539-748837100014,STEEL/SS400,17
11kfjSzHHDoeQsSN3xZYDl,IfcBeam,ANCHOR J ROD,D24,ID41ba9b5c-f514-4dca-86b6-7170fb8e236f,STEEL/SS400,17
3VcmdJUyzF497CeVmgFimt,IfcBeam,NUT,M24_NUT,IDdf9b09d3-7bcf-4f10-91cc-a1fc2a3ecc37,STEEL/SS400,17
2V3dqusoDCnw0x53ilvf_X,IfcBeam,NUT,M24_NUT,ID9f0e7d38-db23-4cc7-a03b-143b2fe69fa1,STEEL/SS400,17
2XmzEzyp1339oNiJIVYVCI,IfcBeam,NUT,M24_NUT,IDa1c3d3bd-f330-430c-9c97-b1349f89f312,STEEL/SS400,17
0HJym4jvbB6gOdXLPu8OvU,IfcBeam,NUT,M24_NUT,ID114fcc04-b799-4b1a-a627-855678218e5e,STEEL/SS400,17
1Txr0v1Hv2nvpL5e9FM5N$,IfcBeam,NUT,M24_NUT,ID5def5039-051e-42c7-9cd5-16824f5855ff,STEEL/SS400,17
3CxO5wrOj2hR4h63D4Krdk,IfcBeam,NUT,M24_NUT,IDcced817a-d58b-42ad-b12b-1833445359ee,STEEL/SS400,17
3Jy2g6QHv9RBUjnJf64Qly,IfcBeam,NUT,M24_NUT,IDd3f02a86-691e-496c-b7ad-c53a4611abfc,STEEL/SS400,17
0C$sw6Iy10ox07DVNzyx5y,IfcBeam,WASHER,M24_WASHER,ID0cff6e86-4bc0-40cb-b007-35f5fdf3b17c,STEEL/SS400,17
0djIs2OAP3K8NzaMVtnSWz,IfcBeam,NUT,M24_NUT,ID27b52d82-60a6-4350-85fd-9167f7c5c83d,STEEL/SS400,17
2i$wpoSF57KhMoQn5mbBPp,IfcBeam,WASHER,M24_WASHER,IDacffacf2-70f1-4752-b5b2-6b117094b673,STEEL/SS400,17
3bvXX4mr10OeVKk1U3XmUB,IfcBeam,NUT,M24_NUT,IDe5e61844-c350-4062-87d4-b8178387078b,STEEL/SS400,17
0H0JkzJzv0PenJtd2oUnPT,IfcBeam,WASHER,M24_WASHER,ID11013bbd-4fde-4066-8c53-de70b27b165d,STEEL/SS400,17
2Cy2AutOzCqg4FOooMpApl,IfcBeam,NUT,M24_NUT,ID8cf022b8-dd8f-4cd2-a10f-632c96ccacef,STEEL/SS400,17
2lKMirgzT3A8Y7iQrK3pmR,IfcBeam,WASHER,M24_WASHER,IDaf516b35-abd7-4328-8887-b1ad540f3c1b,STEEL/SS400,17
3X9fzdotDD7fasn5KhzEPs,IfcBeam,NUT,M24_NUT,IDe1269f67-cb73-4d1e-9936-c4552bf4e676,STEEL/SS400,17
0kzXD8NZfCzwIFOWK4A5oS,IfcBeam,WASHER,M24_WASHER,ID2ef61348-5e3a-4cf7-a48f-620504285c9c,STEEL/SS400,17
3zT5gg5q9E7uB$kK428gz0,IfcBeam,NUT,M24_NUT,IDfd745aaa-1742-4e1f-82ff-b9410222af40,STEEL/SS400,17
0Fx$FWr_r5iQa2UCaf4yHy,IfcBeam,WASHER,M24_WASHER,ID0feff3e0-d7ed-45b1-a902-78c92913c47c,STEEL/SS400,17
1c9fJxiNLCxhakdO3bbk2b,IfcBeam,DUMMY,ROD9,ID662694fb-b175-4cee-b92e-9d80e596e0a5,STEEL/SD40,17
08pQYfnQz9_PbwjY6H9R_V,IfcBeam,DUMMY,ROD9,ID08cda8a9-c5af-49f9-997a-b6219125bf9f,STEEL/SD40,17
0Xvl4u9BnAlOJ116q6bGtA,IfcBeam,DUMMY,ROD9,ID21e6f138-24bc-4abd-84c1-046d06950dca,STEEL/SD40,17
2VslaqQhPCH9mUzjjl6iJU,IfcBeam,DUMMY,ROD9,ID9fdaf934-6ab6-4c44-9c1e-f6db6f1ac4de,STEEL/SD40,17
3mfHSrebrFYOtdjL2Z_mrV,IfcBeam,DUMMY,ROD9,IDf0a51735-a25d-4f89-8de7-b550a3fb0d5f,STEEL/SD40,17
3nh1JClQ50GO5Ee$uci8wL,IfcBeam,DUMMY,ROD9,IDf1ac14cc-bda1-4041-814e-a3fe26b08e95,STEEL/SD40,17
2tz2XCLAf0wwwh_HGJe43c,IfcBeam,DUMMY,ROD9,IDb7f4284c-54aa-40eb-aeab-f91413a040e6,STEEL/SD40,17
3jAqMFMiDEQuCtEWAWBe9T,IfcBeam,DUMMY,ROD9,IDed2b458f-5ac3-4e6b-8337-3a02a02e825d,STEEL/SD40,17
06QNKA_Dr18flN0XKONQwd,IfcBeam,DUMMY,ROD9,ID0669750a-f8dd-4122-9bd7-0215185daea7,STEEL/SD40,17
1V_E5ygyjFZ8OUH69T9H_z,IfcBeam,DUMMY,ROD9,ID5ff8e17c-abcb-4f8c-861e-44625d251fbd,STEEL/SD40,17
3z91wmE49D$uendVTjJS7z,IfcBeam,DUMMY,ROD9,IDfd241eb0-3842-4dff-8a31-9df76d4dc1fd,STEEL/SD40,17
1luGrtY810E9Xv7HxHi0qh,IfcBeam,DUMMY,ROD9,ID6fe10d77-8880-4038-9879-1d1ed1b00d2b,STEEL/SD40,17
3RH6I3LTH8qQbAsEaKUaVQ,IfcBeam,DUMMY,ROD9,IDdb446483-55d4-48d1-a94a-d8e9147a47da,STEEL/SD40,17
2MiJATcoz0qwkCg7ahQb4H,IfcBeam,DUMMY,ROD9,ID96b1329d-9b2f-40d3-ab8c-a8792b6a5111,STEEL/SD40,17
08B2b5paH4bA5Ow3Tp6CMw,IfcBeam,DUMMY,ROD9,ID082c2945-ce44-4494-a158-e8377318c5ba,STEEL/SD40,17
0YNwOcUTT489Ltg6121sEz,IfcBeam,DUMMY,ROD9,ID225fa626-79d7-4420-9577-a860420763bd,STEEL/SD40,17
0twaCEezb4AQXH6fMhxMoI,IfcBeam,DUMMY,ROD9,ID37ea430e-a3d9-4429-a851-1a95abed6c92,STEEL/SD40,17
2NAu0VgLP6sgz9iQk0rZg7,IfcBeam,DUMMY,ROD9,ID972b801f-a956-46da-af49-b1ab80d63a87,STEEL/SD40,17
3Hwa2s8RX9xBMpX43HrTuu,IfcBeam,ANCHOR J ROD,D24,IDd1ea40b6-21b8-49ec-b5b3-8440d1d5de38,STEEL/SS400,17
08Tosl_H98xAD1MncczjxO,IfcBeam,ANCHOR J ROD,D24,ID08772daf-f912-48ec-a341-5b19a6f6ded8,STEEL/SS400,17
2h8jFi_71FEuuLs0bx1jhm,IfcBeam,ANCHOR J ROD,D24,IDab22d3ec-f870-4f3b-8e15-d8097b06daf0,STEEL/SS400,17
2Q3Iw9uMD718NjYKtPQFPr,IfcBeam,ANCHOR J ROD,D24,ID9a0d2e89-e163-4704-85ed-894dd968f675,STEEL/SS400,17
0grgyPoKv3H8AjLdHriI7u,IfcBeam,ANCHOR J ROD,D24,ID2ad6af19-c94e-4344-82ad-567475b121f8,STEEL/SS400,17
14WHWi7Zz7_gUfxPUN7_T8,IfcBeam,ANCHOR J ROD,D24,ID4481182c-1e3f-47fa-a7a9-ed97971fe748,STEEL/SS400,17
3AfFCXUG1FzP$frFhkrlXd,IfcBeam,NUT,M24_NUT,IDcaa4f321-7900-4ff5-9fe9-d4faeed6f867,STEEL/SS400,17
0NihuKWHPBDeAptk9Y97P0,IfcBeam,WASHER,M24_WASHER,ID17b2be14-8116-4b36-82b3-dee262247640,STEEL/SS400,17
2iwITQ3XX6XuPXCV_CX2GY,IfcBeam,NUT,M24_NUT,IDace9275a-0e18-4687-8661-31ff8c842422,STEEL/SS400,17
38BAyaJzrCAxM5jQfVLkiE,IfcBeam,WASHER,M24_WASHER,IDc82caf24-4fdd-4c2b-b585-b5aa5f56eb0e,STEEL/SS400,17
0ia6dQ7G93cBWTlVihyisK,IfcBeam,NUT,M24_NUT,ID2c9069da-1d02-4398-b81d-bdfb2bf2cd94,STEEL/SS400,17
0WkDbcmqH10RASieRJVs5c,IfcBeam,WASHER,M24_WASHER,ID20b8d966-c344-4101-b29c-b286d37f6166,STEEL/SS400,17
3j$Affrcr2MhThCy0GCjw4,IfcBeam,NUT,M24_NUT,IDedfcaa69-d66d-425a-b76b-33c01032de84,STEEL/SS400,17
0AqgsI4MD5ewjC4iTA3l0g,IfcBeam,WASHER,M24_WASHER,ID0ad2ad92-1163-45a3-ab4c-12c74a0ef02a,STEEL/SS400,17
2Yhf9ERBLEpQZ4D46h9nVL,IfcBeam,NUT,M24_NUT,IDa2ae924e-6cb5-4ecd-a8c4-3441ab2717d5,STEEL/SS400,17
0F4D4oIib0Lvvw7UnlatVS,IfcBeam,WASHER,M24_WASHER,ID0f10d132-4ac9-4057-9e7a-1dec6f9377dc,STEEL/SS400,17
0B5wvvpMn1QeU3$$Y66Gva,IfcBeam,NUT,M24_NUT,ID0b17ae79-cd6c-416a-8783-fff886190e64,STEEL/SS400,17
24jMC91_r3FxwfLF8sQm4M,IfcBeam,WASHER,M24_WASHER,ID84b56309-07ed-433f-bea9-54f2366b0116,STEEL/SS400,17
1CJw3dGmD0$uskuKyTW5x_,IfcBeam,DUMMY,ROD9,ID4c4fa0e7-4303-40ff-8dae-e14f1d805efe,STEEL/SD40,17
0NknVrGR19aO$t0RT0TWrm,IfcBeam,DUMMY,ROD9,ID17bb17f5-41b0-4991-8ff7-01b740760d70,STEEL/SD40,17
3_eDDEz9b2lxWkm7yK$zLm,IfcBeam,DUMMY,ROD9,IDfea0d34e-f499-42bf-b82e-c07f14ffd570,STEEL/SD40,17
1M54B3DiHDbgf5yvehSVLW,IfcBeam,DUMMY,ROD9,ID561442c3-36c4-4d96-aa45-f39a2b71f560,STEEL/SD40,17
1o7VBG$_PEjf$iyxd0lO_k,IfcBeam,DUMMY,ROD9,ID721df2d0-ffe6-4eb6-9fec-f3b9c0bd8fae,STEEL/SD40,17
013Aw1kW93UOIrSvELnwTz,IfcBeam,DUMMY,ROD9,ID010cae81-ba02-4379-84b5-739395c7a77d,STEEL/SD40,17
1_jm4MBSr4NgeTnMQJOLzO,IfcBeam,DUMMY,ROD9,ID7eb70116-2dcd-445e-aa1d-c56693615f58,STEEL/SD40,17
3MHow8Ri54oxFPSljSSFr1,IfcBeam,DUMMY,ROD9,IDd6472e88-6ec1-44cb-b3d9-72fb5c70fd41,STEEL/SD40,17
2s$rILij9FWep6eDboEsmL,IfcBeam,DUMMY,ROD9,IDb6ff5495-b2d2-4f82-8cc6-a0d9723b6c15,STEEL/SD40,17
2hW7yHUfjCKP1Bg0kGUDi3,IfcBeam,DUMMY,ROD9,IDab807f11-7a9b-4c51-904b-a80b9078db03,STEEL/SD40,17
3EZ2rhXNT3fAN2sqyZUsnk,IfcBeam,DUMMY,ROD9,IDce8c2d6b-8577-43a4-a5c2-db4f237b6c6e,STEEL/SD40,17
1fUk5M2g57mvCniCQ0hK8a,IfcBeam,DUMMY,ROD9,ID697ae156-0aa1-47c3-9331-b0c680ad4224,STEEL/SD40,17
3ui57I_uHDPQ75bUxV6PsG,IfcBeam,DUMMY,ROD9,IDf8b051d2-fb84-4d65-a1c5-95eedf199d90,STEEL/SD40,17
2STW05fnDABfKtnJgds6by,IfcBeam,DUMMY,ROD9,ID9c760005-a713-4a2e-9537-c53aa7d8697c,STEEL/SD40,17
09PG4MVNP0NRSj1nQlUB2f,IfcBeam,DUMMY,ROD9,ID09650116-7d76-405d-b72d-0716af78b0a9,STEEL/SD40,17
05AOYRwkv5Iwjel19zzc7h,IfcBeam,DUMMY,ROD9,ID0529889b-eaee-454b-ab68-bc127df661eb,STEEL/SD40,17
2NJPSHqYjC08LzHLClxJeb,IfcBeam,DUMMY,ROD9,ID974d9711-d22b-4c00-857d-45532fed3a25,STEEL/SD40,17
3rs5_z6AX8w8O6OB61sNDL,IfcBeam,DUMMY,ROD9,IDf5d85fbd-18a8-48e8-8606-60b181d97355,STEEL/SD40,17
0W4$AAJ2f2y8H_Abv5VCgf,IfcBeam,DUMMY,ROD9,ID2013f28a-4c2a-42f0-847e-2a5e457ccaa9,STEEL/SD40,17
3SCswwBb5BmhqRqrkuFHGO,IfcBeam,DUMMY,ROD9,IDdc336eba-2e51-4bc2-bd1b-d35bb83d1418,STEEL/SD40,17
1ai3ZXcWPDsOBS2UMbA98Z,IfcBeam,DUMMY,ROD9,ID64b038e1-9a06-4dd9-82dc-09e5a5289223,STEEL/SD40,17
0scRp96fj2aeEOaUb5eEk$,IfcBeam,DUMMY,ROD9,ID3699bcc9-1a9b-4292-8398-91e945a0ebbf,STEEL/SD40,17
34qCl7tur35hQAbkTWZAkV,IfcBeam,DUMMY,ROD9,IDc4d0cbc7-df8d-4316-b68a-96e7608cab9f,STEEL/SD40,17
3S0DPy24j7wgXEparXvBsW,IfcBeam,DUMMY,ROD9,IDdc00d67c-084b-47ea-a84e-ce4d61e4bda0,STEEL/SD40,17
2011QjIKf4GhvL9uJwkIP2,IfcBeam,DUMMY,ROD9,ID800416ad-494a-4442-be55-2784fab92642,STEEL/SD40,17
1sN2vImN97xht3_lrDPUmo,IfcBeam,DUMMY,ROD9,ID765c2e52-c172-47ee-bdc3-fafd4d65ec32,STEEL/SD40,17
0p1uYDs7L19hzh2H5jEGOZ,IfcBeam,DUMMY,ROD9,ID3307888d-d875-4126-bf6b-09116d390623,STEEL/SD40,17
1dC3h22vL17AWa7uBLmoOl,IfcBeam,DUMMY,ROD9,ID67303ac2-0b95-411c-a824-1f82d5c3262f,STEEL/SD40,17
1VjBjG6I5CkwpApFklGgLA,IfcBeam,BEAM,H-400X200X8X13,1B3-9,STEEL/SM520,17
2A88hmCCb3wwnL47Goqfn5,IfcBeam,BEAM,H-194X150X6X9,1FR1-1,STEEL/SS400,17
1WQbA95Mv7eARyPkdBzUCG,IfcBeam,CORBEL,H-200X200X8X12,1CB-3,STEEL/SS400,17
0Yjgk0fZb5Gh$XL$gKDWGv,IfcBeam,ANCHOR ROD,D20,z-0,STEEL/SS400,17
0lDI5SqgPFkf8cLen1Ts4s,IfcBeam,ANCHOR ROD,D20,z-0,STEEL/SS400,17
2oKTz1STr7xw1mX5fz66_M,IfcBeam,ANCHOR ROD,D20,z-0,STEEL/SS400,17
3P6YVwBsP28Bm2$qKwNIQR,IfcBeam,ANCHOR ROD,D20,z-0,STEEL/SS400,17
1WsfQwiMPB7vamB4YXpqaA,IfcBeam,BEAM,H-194X150X6X9,1SB1-1,STEEL/SS400,17
1YTT6625vF9xeQjHiEaMt2,IfcBeam,CORBEL,PL25x400,1CB-7,STEEL/A572-GR.50,17
3AnQNblmj0lAaPXFr$wov1,IfcBeam,ANCHOR L ROD,D24,z-0,STEEL/SS400,17
1ClXPiVHb7d9TGHoNdQLgz,IfcBeam,ANCHOR L ROD,D24,z-0,STEEL/SS400,17
1dpYpKrdT62PjNqXqiQDQ9,IfcBeam,ANCHOR L ROD,D24,z-0,STEEL/SS400,17
1cklKraY54$PfzjSHarfSH,IfcBeam,ANCHOR L ROD,D24,z-0,STEEL/SS400,17
1DNkB4DUT7oe6Sf6hubkF9,IfcBeam,ANCHOR L ROD,D24,z-0,STEEL/SS400,17
3Of8Mdcm94oxNLOgNYIp45,IfcBeam,ANCHOR L ROD,D24,z-0,STEEL/SS400,17
0dENPSn5fBevzmOS651HJ3,IfcBeam,ANCHOR L ROD,D24,z-0,STEEL/SS400,17
1hg8axM4r01xsZjzfY890I,IfcBeam,ANCHOR L ROD,D24,z-0,STEEL/SS400,17
0ZMrq_O$5A5hGWinSrsJ1T,IfcBeam,ANCHOR L ROD,D24,z-0,STEEL/SS400,17
2N3SmwBa5FR8FGzW5dLkpq,IfcBeam,ANCHOR L ROD,D24,z-0,STEEL/SS400,17
0xrlOFShH6i9vFzaodFIpq,IfcBeam,SQUARE TUBES,H-350X350X12X19,ID3bd6f60f-72b4-46b0-9e4f-f64ca73d2cf4,STEEL/SS400,17
0VbxTusi98hgnGDSnHRM2b,IfcBeam,SQUARE TUBES,H-350X350X12X19,ID1f97b778-dac2-48ae-ac50-35cc516d60a5,STEEL/SS400,17
1AoYfUZBH88uc2VMyuKgcq,IfcBeam,SQUARE TUBES,H-350X350X12X19,ID4aca2a5e-8cb4-4823-8982-7d6f3852a9b4,STEEL/SS400,17
2uQ0kJI2r8nRt5cJ6m3l_a,IfcBeam,SQUARE TUBES,SHS200*200*4.5,4T1-1,STEEL/SS400,17
2nu19oW5DCOhFycdWe6qNM,IfcBeam,BEAM,H-294X200X8X12,4H1-1,STEEL/SM520,17
0oTUxALlD2AQkQwzF2px6f,IfcBeam,BEAM,H-294X200X8X12,4H1-4(?),STEEL/SM520,17
2EJqqTxSz5Gw45DZfH$Cda,IfcColumn,PIPE,H-200X200X8X12,ID8e4f4d1d-edcf-4543-a105-363a51fcc9e4,STEEL/SS400,17
2Wc3rpqrn43PaDf74FZxY6,IfcColumn,PIPE,SHS100*100*3.2,X-0(?),STEEL/SS400,17
2ukRVRK_jEbfSMjthT5V$5,IfcColumn,PIPE,SHS125*125*4.5,X-0(?),STEEL/SS400,17
2qi2f1q6j9zQ$JOK8cwOqa,IfcColumn,PIPE,SHS125*125*4.5,X-0(?),STEEL/SS400,17
0h8RAJdpr5cQiehz6yu_a1,IfcColumn,PIPE,SHS125*125*4.5,X-0(?),STEEL/SS400,17
21kb6uwCD0mQfvzt6K_60v,IfcColumn,PIPE,SHS100*100*3.2,X-0(?),STEEL/SS400,17
3hwOWnV7X6EAV6Jx$6UEtV,IfcColumn,PIPE,H-200X200X8X12,X-0(?),STEEL/SS400,17
2bKb$JXp11hhG16Cc4QhEL,IfcColumn,PIPE,H-200X200X8X12,X-0(?),STEEL/SS400,17
2F2FZGYHTAX8VPOde$gIv9,IfcColumn,PIPE,H-200X200X8X12,X-0(?),STEEL/SS400,17
2GRuFLSPTEBeuohmChOzBV,IfcColumn,PIPE,H-200X200X8X12,X-0(?),STEEL/SS400,17
0tX4vS_rPEDAhpj_0WE$Gc,IfcColumn,PIPE,H-200X200X8X12,X-0(?),STEEL/SS400,17
0uPK9hZOX2hBKmSo2TgnuC,IfcColumn,PIPE,H-200X200X8X12,X-0(?),STEEL/SS400,17
1YgPjBAPn35ww2YEk1foJG,IfcColumn,PIPE,H-200X200X8X12,ID62a99b4b-299c-4317-ae82-88eb81a724d0,STEEL/SS400,17
2VCwVy90X8hPnwNxQXbSq9,IfcColumn,PIPE,H-200X200X8X12,X-0(?),STEEL/SS400,17
3zExzP2cr0u8qjLjcdY1HB,IfcColumn,PIPE,H-200X200X8X12,X-0(?),STEEL/SS400,17
3tS0EWa6DFSQxyNoAA_JpW,IfcColumn,PIPE,H-200X200X8X12,X-0(?),STEEL/SS400,17
2EO5fQJPv9Lwzj27oKziGu,IfcColumn,PIPE,H-440X300X11X18,4SC-1,STEEL/SM520,17
2uH1FTL5TCAhPpurW6Fp3b,IfcColumn,DUMMY,ROD25,IDb84413dd-5457-4c2a-b673-e358063f30e5,STEEL/SD40,17
271UtYzE10eRTQO8iChfZS,IfcColumn,DUMMY,ROD25,ID8705ede2-f4e0-40a1-b75a-608b0cae98dc,STEEL/SD40,17
2uxn_9ybj7YhQMXcx0Zd3w,IfcColumn,DUMMY,ROD25,IDb8ef1f89-f25b-478a-b696-866ec08e70fa,STEEL/SD40,17
1mk1Q8qTj8JvGLBBwNs$Wh,IfcColumn,DUMMY,ROD25,ID70b81688-d1db-484f-9415-2cbe97dbf82b,STEEL/SD40,17
02Cp_WwpX8pvhyjiHCpCet,IfcColumn,DUMMY,ROD25,ID02333fa0-eb38-48cf-9afc-b6c44cccca37,STEEL/SD40,17
3B87xSONXBwujzd5P6iPQz,IfcColumn,DUMMY,ROD25,IDcb207edc-6178-4beb-8b7d-9c5646b196bd,STEEL/SD40,17
2dDlQrT496UP$5ItisGID8,IfcColumn,DUMMY,ROD25,IDa736f6b5-7442-4679-9fc5-4b7b36412348,STEEL/SD40,17
2$6sfLYofByAMt_Ar7qrX_,IfcColumn,DUMMY,ROD25,IDbf1b6a55-8b2a-4bf0-a5b7-f8ad47d3587e,STEEL/SD40,17
1o1xpaC9vD8uUxjyzbmmFe,IfcColumn,DUMMY,ROD25,ID7207bce4-309e-4d23-87bb-b7cf65c303e8,STEEL/SD40,17
1LM1bxJnH6CRykz91vtDMR,IfcColumn,DUMMY,ROD25,ID5558197b-4f14-4631-bf2e-f49079dcd59b,STEEL/SD40,17
2_V4elZV9F3RziY7bR3d84,IfcColumn,DUMMY,ROD25,IDbe7c4a2f-8df2-4f0d-bf6c-88795b0e7204,STEEL/SD40,17
2hdQW4vwf2cQ1DscMqS4s5,IfcColumn,DUMMY,ROD25,IDab9da804-e7aa-4299-a04d-da65b4704d85,STEEL/SD40,17
38zYBZesXAYQOv0rfBqg$b,IfcColumn,DUMMY,ROD25,IDc8f622e3-a368-4a89-a639-035a4bd2afe5,STEEL/SD40,17
2_WugqtrL2OvR1oN0AWIjT,IfcColumn,DUMMY,ROD25,IDbe838ab4-df55-4263-96c1-c9700a812b5d,STEEL/SD40,17
1WZwCiXTf6nBa7W2FyW6mR,IfcColumn,DUMMY,ROD25,ID608fa32c-85da-46c4-b907-8023fc806c1b,STEEL/SD40,17
0$OVJXKBfEmhITynzRlkuS,IfcColumn,DUMMY,ROD25,ID3f61f4e1-50ba-4ec2-b49d-f31f5bbeee1c,STEEL/SD40,17
1xvqtu1Pv2GA87sfR6nr2a,IfcColumn,BEAM,H-100X100X6X8,1GT2-3(?),STEEL/SS400,17
20wmnnoVL8U8M3w7GL_6JK,IfcColumn,BEAM,SHS100*100*3.2,ID80eb0c71-c9f5-4878-8583-e87415f864d4,STEEL/SS400,17
2YQLzPmvrA2RJTUGdcEVPJ,IfcColumn,BEAM,SHS100*100*3.2,IDa2695f59-c39d-4a09-b4dd-7909e639f653,STEEL/SS400,17
0t5oDtiEL4Oe2U1ICPUS$_,IfcColumn,BEAM,SHS100*100*3.2,ID37172377-b0e5-4462-809e-05231979cffe,STEEL/SS400,17
25rxlMt_L8BxAC_AviZWij,IfcColumn,BEAM,SHS100*100*3.2,ID85d7bbd6-dfe5-482f-b28c-f8ae6c8e0b2d,STEEL/SS400,17
0ZCsoBaEz85wJyXk$uVTBC,IfcColumn,PIPE,PIPE-76.3X2.8,1SP1-1,STEEL/STK400,17
2VnxesLRL9jf0qPa$JkTUn,IfcColumn,DUMMY,ROD25,ID9fc7ba36-55b5-49b6-9034-664fd3b9d7b1,STEEL/SD40,17
2FTRdzU21AVgzgA2KCCWF2,IfcColumn,DUMMY,ROD25,ID8f75b9fd-7820-4a7e-af6a-28250c3203c2,STEEL/SD40,17
0vjQ97XoDAv8O_c6z42Spb,IfcColumn,DUMMY,ROD25,ID39b5a247-8723-4ae4-863e-986f4409cce5,STEEL/SD40,17
1DMKKihdz9e8EmAZ1aipLC,IfcColumn,DUMMY,ROD25,ID4d59452c-ae7f-49a0-83b0-2a3064b3354c,STEEL/SD40,17
2rZOmNslfBFRwwmcdpBMQx,IfcColumn,DUMMY,ROD25,IDb58d8c17-dafa-4b3d-beba-c269f32d66bb,STEEL/SD40,17
15gJkTlxHFm9Ki2xglO3ny,IfcColumn,DB25,ROD25,ID45a93b9d-bfb4-4fc0-952c-0bbaaf603c7c,STEEL/SD40,17
1BGzqEfvj8runYHIoB3J0$,IfcColumn,DUMMY,ROD25,ID4b43dd0e-a79b-48d7-8c62-452c8b0d303f,STEEL/SD40,17
3d9WeluqX70wy8zEl4zFVE,IfcColumn,DUMMY,ROD25,IDe7260a2f-e348-4703-af08-f4ebc4f4f7ce,STEEL/SD40,17
20QFqXHCL5PPKmOzJUdG0i,IfcColumn,DUMMY,ROD25,ID8068fd21-44c5-4565-9530-63d4de9d002c,STEEL/SD40,17
0l40zR9dfBPvXUEPjsmZoT,IfcColumn,DUMMY,ROD25,ID2f100f5b-267a-4b67-985e-399b76c23c9d,STEEL/SD40,17
2Q1MrBXwX70hvZpk27L2Hi,IfcColumn,DUMMY,ROD25,ID9a056d4b-87a8-4702-be63-cee08754246c,STEEL/SD40,17
2K3JA0NInDUBVglUVswu5Y,IfcColumn,DUMMY,ROD25,ID940d3280-5d2c-4d78-b7ea-bde7f6eb8162,STEEL/SD40,17
2YF2j4Msn33Pt41HrpckIV,IfcColumn,DUMMY,ROD25,IDa23c2b44-5b6c-430d-9dc4-051d739ae49f,STEEL/SD40,17
2HSVou_Zz6F8D0q675bImm,IfcColumn,DUMMY,ROD25,ID9171fcb8-fa3f-463c-8340-d061c5952c30,STEEL/SD40,17
2EKRDDSFb7_BWhEoopuvXU,IfcColumn,DUMMY,ROD25,ID8e51b34d-70f9-47f8-b82b-3b2cb3e3985e,STEEL/SD40,17
0_9BPf9BnDtOBWa9vfmT$5,IfcColumn,DUMMY,ROD25,ID3e24b669-24bc-4ddd-82e0-909e69c1dfc5,STEEL/SD40,17
17Qn6PNgT5Nvndi7CXohPN,IfcColumn,DUMMY,ROD25,ID476b1199-5ea7-455f-9c67-b07321cab657,STEEL/SD40,17
287ar95ub2CPkXTJ7JBMPO,IfcColumn,DUMMY,ROD25,ID881e4d49-1789-4231-9ba1-7531d32d6658,STEEL/SD40,17
36lj2bIDH93RY2AvZbE0FY,IfcColumn,DUMMY,ROD25,IDc6bed0a5-48d4-490d-b882-2b98e53803e2,STEEL/SD40,17
2klJreHuHDVhMwt8cgVpwO,IfcColumn,DUMMY,ROD25,IDaebd3d68-4784-4d7e-b5ba-dc89aa7f3e98,STEEL/SD40,17
1BBXEO4w9248cL9OaM5TNj,IfcColumn,DUMMY,ROD25,ID4b2e1398-13a2-4210-8995-25891615d5ed,STEEL/SD40,17
0QrTbpOt54fQ87xdbCbFB5,IfcColumn,DUMMY,ROD25,ID1ad5d973-6371-44a5-a207-ee794c94f2c5,STEEL/SD40,17
3aKqxnpKDCVxIsYa9_SKgu,IfcColumn,DUMMY,ROD25,IDe4534ef1-cd43-4c7f-b4b6-8a427e714ab8,STEEL/SD40,17
0lMfNTOaD5DRuONiobkQzt,IfcColumn,DUMMY,ROD25,ID2f5a95dd-6243-4535-be18-5ecca5b9af77,STEEL/SD40,17
1I0IuMQ758Z8L529f8XX37,IfcColumn,PIPE,H-440X300X11X18,4SC-3,STEEL/SM520,17
0JK90wekrEVQNfQSJcpjzk,IfcColumn,DUMMY,ROD25,ID1350903a-a2ed-4e7d-a5e9-69c4e6cedf6e,STEEL/SD40,17
2IQgB$Hrj9PgIEwltDFj2X,IfcColumn,DUMMY,ROD25,ID926aa2ff-475b-4966-a48e-eafdcd3ed0a1,STEEL/SD40,17
2ih6Q7fsf289Ad0jHEtpi7,IfcColumn,DUMMY,ROD25,IDacac6687-a76a-4220-92a7-02d44edf3b07,STEEL/SD40,17
0b1tul9PL9bfRaJLRPmViY,IfcColumn,DUMMY,ROD25,ID25077e2f-2595-4996-96e4-4d56d9c1fb22,STEEL/SD40,17
2$X_ZTROv2DePQTcOXb9FV,IfcColumn,DUMMY,ROD25,IDbf87e8dd-6d8e-4236-865a-7666219493df,STEEL/SD40,17
24nG1U0xX18fEFd3yXQUq4,IfcColumn,DB25,ROD25,ID84c5005e-03b8-4122-938f-9c3f2169ed04,STEEL/SD40,17
3ZEqlnS9D1pwT4bAwRtuWT,IfcColumn,DUMMY,ROD25,IDe33b4bf1-7093-41cf-a744-94ae9bdf881d,STEEL/SD40,17
14rGWevOzAngdkV27N7OY3,IfcColumn,DUMMY,ROD25,ID44d50828-e58f-4ac6-a9ee-7c21d71d8883,STEEL/SD40,17
0Bu8tXYzDByO8MHQp5MX7A,IfcColumn,DUMMY,ROD25,ID0be08de1-8bd3-4bf1-8216-45acc55a11ca,STEEL/SD40,17
09rLRFQVH5LujqFmxLjiy_,IfcColumn,DUMMY,ROD25,ID09d556cf-69f4-4557-8b74-3f0ed5b6cf3e,STEEL/SD40,17
1jReEiRp5ByAe4iVliHRkU,IfcColumn,DUMMY,ROD25,ID6d6e83ac-6f31-4bf0-aa04-b1fbec45bb9e,STEEL/SD40,17
14wZKFYgTAsASnOa1FjaQh,IfcColumn,DUMMY,ROD25,ID44ea350f-8aa7-4ad8-a731-62404fb646ab,STEEL/SD40,17
3n6WxprvPBuPdkEamqXK2q,IfcColumn,PIPE,H-440X300X11X18,4SC-2,STEEL/SM520,17
3yaFqe1QPDYP$SV6hIODrX,IfcColumn,PC3E,400x600,IDfc90fd28-05a6-4d89-9fdc-7c6ad260dd61,CONCRETE/C40,17
2tJc$TAAr8P92RkiqfGp9M,IfcColumn,PC4,400x600,IDb74e6fdd-28ad-4864-909b-bacd29433256,CONCRETE/C40,17
002eehs1LDmA16hhwFSkXq,IfcColumn,PC3E,400x600,ID000a8a2b-d815-4dc0-a046-aebe8f72e874,CONCRETE/C40,17
2E6gk0ZOj7pvnHf2TJuPXh,IfcCovering,E,E,UNSPECIFIED,Undefined/Undefined,0
3hNXHqNTHF9u0F3rK8rNza,IfcCovering,E,E,UNSPECIFIED,Undefined/Undefined,0
318b1Sy9X6nAITXQA7ywIz,IfcCovering,E,E,UNSPECIFIED,Undefined/Undefined,0
0ogib7L2fAaBrF13txRFs2,IfcCovering,E,E,UNSPECIFIED,Undefined/Undefined,0
1l_6aTSYz9CeSfdY5NxUVy,IfcCovering,E,E,UNSPECIFIED,Undefined/Undefined,0
2XoZYEUCrBnfAMm$Km7wUc,IfcCovering,E,E,UNSPECIFIED,Undefined/Undefined,0
1JORn9XcfCZhfJwpHIB5Io,IfcCovering,E,E,UNSPECIFIED,Undefined/Undefined,0
0ws2qV8TD2HxOdAy3L6EM6,IfcCovering,E,E,UNSPECIFIED,Undefined/Undefined,0
08CZzhR0b56hw7QO2Hpxi3,IfcCovering,E,E,UNSPECIFIED,Undefined/Undefined,0
1RcddO_MX2IhzTBKSNAKqK,IfcCovering,E,E,UNSPECIFIED,Undefined/Undefined,0
1b2IyD4aH2DPA$ZVYKKp4A,IfcCovering,E,E,UNSPECIFIED,Undefined/Undefined,0
3nfWkAB0f2VQlIZrpU56jH,IfcCovering,E,E,UNSPECIFIED,Undefined/Undefined,0
3vEG_RU5f5OuFltmv_lGaD,IfcCovering,SurfaceTreatment,UNSPECIFIED,UNSPECIFIED,Undefined/SS400,5
0c7RUpjnb2wQEomPzsqytc,IfcCovering,E,E,UNSPECIFIED,Undefined/Undefined,0
0Vg9tHcB59yw0xpODvxVXz,IfcCovering,E,E,UNSPECIFIED,Undefined/Undefined,0
2SGINLD6rArPvI7$_34Yjw,IfcCovering,E,E,UNSPECIFIED,Undefined/Undefined,0
0RuSBFpiXAUOWnRHijMqMu,IfcCovering,SurfaceTreatment,UNSPECIFIED,UNSPECIFIED,Undefined/SS400,5
3G27m61mH7mAfxkffOpYDF,IfcCovering,SurfaceTreatment,UNSPECIFIED,UNSPECIFIED,Undefined/SS400,5
0FgUbunRb3fRrqpaHbpt5a,IfcCovering,SurfaceTreatment,UNSPECIFIED,UNSPECIFIED,Undefined/SS400,5
25WUprm$b5j9CkX2Y1zzTw,IfcCovering,E,E,UNSPECIFIED,Undefined/Undefined,0
1kZ1oSOELE0AjTx_weXuph,IfcCovering,E,E,UNSPECIFIED,Undefined/Undefined,0
3UoQPFC2L8wPo2eLi2UTKK,IfcCovering,E,E,UNSPECIFIED,Undefined/Undefined,0
3cSTWoF_z1vha84HOfdF30,IfcCovering,E,E,UNSPECIFIED,Undefined/Undefined,0
1zSEwb7yn33gJlj76OhTXV,IfcCovering,SurfaceTreatment,UNSPECIFIED,UNSPECIFIED,Undefined/SS400,5
0L0b3$p2r8eh8zZ70Q0OUk,IfcCovering,E,E,UNSPECIFIED,Undefined/Undefined,0
1Vg21DHdj4ovg6SYdgVgxF,IfcCovering,E,E,UNSPECIFIED,Undefined/Undefined,0
1kJ$UoGG10WOPVoaSKDrCP,IfcCovering,E,E,UNSPECIFIED,Undefined/Undefined,0
28lMKNIcDEsuO2e9BOQNJK,IfcCovering,SurfaceTreatment,UNSPECIFIED,UNSPECIFIED,Undefined/SS400,5
3HcLKYFgvAWfco$ovpEOpb,IfcCovering,SurfaceTreatment,UNSPECIFIED,UNSPECIFIED,Undefined/SS400,5
3hrh4_6vP4mwm5A3Vs7A7z,IfcCovering,SurfaceTreatment,UNSPECIFIED,UNSPECIFIED,Undefined/SS400,5
0v1gXP$PfDBes7uknRfvyI,IfcCovering,E,E,UNSPECIFIED,Undefined/Undefined,0
3aSA2qDaz4AOD$qyJDdR$a,IfcCovering,E,E,UNSPECIFIED,Undefined/Undefined,0
2RI9eqyrb3RPjhfdGlAimi,IfcCovering,SurfaceTreatment,UNSPECIFIED,UNSPECIFIED,Undefined/SS400,5
3kKMQbOSX6EBp0Ycnh67J4,IfcCovering,SurfaceTreatment,UNSPECIFIED,UNSPECIFIED,Undefined/SS400,5
3aIIImFOj6lujbd14uBApS,IfcCovering,SurfaceTreatment,UNSPECIFIED,UNSPECIFIED,Undefined/SS400,5
0QR0AtTGn9ceGVjN6x5sWm,IfcCovering,E,E,UNSPECIFIED,Undefined/Undefined,0
1ZZETne0j9Lx$FOelmR6FZ,IfcCovering,E,E,UNSPECIFIED,Undefined/Undefined,0
3YK1d$uDj2Dhr230NUcUBg,IfcCovering,E,E,UNSPECIFIED,Undefined/Undefined,0
1g4pab5VjD9x3xEC$V9JrN,IfcCovering,E,E,UNSPECIFIED,Undefined/Undefined,0
0aK1N22mD45ukdqBtVhRgs,IfcCovering,E,E,UNSPECIFIED,Undefined/Undefined,0
3f$Egx_SrCHuOiRB0noFTH,IfcCovering,E,E,UNSPECIFIED,Undefined/Undefined,0
2s$Tjx1KD6oP0igwDNo1p5,IfcCovering,E,E,UNSPECIFIED,Undefined/Undefined,0
3wjeVkvrnD8R4ikNwjD0tv,IfcCovering,E,E,UNSPECIFIED,Undefined/Undefined,0
2bi1T_Kh9BVRq6KcCUO8Ww,IfcCovering,E,E,UNSPECIFIED,Undefined/Undefined,0
3iOLZ8OcT78eITdTe$UQV6,IfcCovering,E,E,UNSPECIFIED,Undefined/Undefined,0
1Urn_3OFXEgeyihQBfuOrM,IfcCovering,SurfaceTreatment,UNSPECIFIED,UNSPECIFIED,Undefined/SS400,5
0p_f0EC2LF1eZou62gauss,IfcCovering,SurfaceTreatment,UNSPECIFIED,UNSPECIFIED,Undefined/SS400,5
3Ew59UGLPFPv0q5vtb17$K,IfcCovering,SurfaceTreatment,UNSPECIFIED,UNSPECIFIED,Undefined/SS400,5
1hyX7OtgX56OKsHSOzJ64C,IfcCovering,E,E,UNSPECIFIED,Undefined/Undefined,0
27DmQwqr5AyO3HJJM2sCvj,IfcCovering,E,E,UNSPECIFIED,Undefined/Undefined,0
3mPMXvdAb4wBq2oP5cfi7j,IfcCovering,E,E,UNSPECIFIED,Undefined/Undefined,0
3UptLW93jD5enpeCV_U1Sz,IfcCovering,E,E,UNSPECIFIED,Undefined/Undefined,0
16sIII22TC6P$6WR_gbrFk,IfcCovering,E,E,UNSPECIFIED,Undefined/Undefined,0
1kfh4lJ1b4verqyGkp9foN,IfcCovering,E,E,UNSPECIFIED,Undefined/Undefined,0
2XSGlzsPvDyRaJxyaQ77_N,IfcCovering,E,E,UNSPECIFIED,Undefined/Undefined,0
2dUITKLdbDfgoIwUsAHIbA,IfcCovering,E,E,UNSPECIFIED,Undefined/Undefined,0
2eX0FYM6f2ER4Ddio7IZm8,IfcCovering,E,E,UNSPECIFIED,Undefined/Undefined,0
3CIMCxR159g9tH20fBtZT4,IfcCovering,E,E,UNSPECIFIED,Undefined/Undefined,0
1eOAurHwf1R8lij1NFevaV,IfcCovering,E,E,UNSPECIFIED,Undefined/Undefined,0
3pIf154cn4VuFduX6i2eYI,IfcCovering,E,E,UNSPECIFIED,Undefined/Undefined,0
1smDIlwQPF7eOCthtY37gk,IfcCovering,E,E,UNSPECIFIED,Undefined/Undefined,0
3G8HGHqPv3T8eGDc6pWWpi,IfcCovering,E,E,UNSPECIFIED,Undefined/Undefined,0
0y6FoVbTXCQxJYY9bqSOfT,IfcCovering,E,E,UNSPECIFIED,Undefined/Undefined,0
1qGRR7XvzCJP9_vKaF7TRO,IfcCovering,E,E,UNSPECIFIED,Undefined/Undefined,0
1M7mzwaon1vgA5_f7c$I4Y,IfcCovering,E,E,UNSPECIFIED,Undefined/Undefined,0
2v7JJwQkHD2fER0Z_PJEMu,IfcCovering,E,E,UNSPECIFIED,Undefined/Undefined,0
2IOepcfk10KQamBmqnxEnI,IfcCovering,E,E,UNSPECIFIED,Undefined/Undefined,0
3tVAoWNRLAD9Ylz_3Z1hzT,IfcCovering,E,E,UNSPECIFIED,Undefined/Undefined,0
0LxjWRR5f1MOhcgPpj$J6y,IfcCovering,SurfaceTreatment,UNSPECIFIED,UNSPECIFIED,Undefined/SS400,5
3W61XyDgj2NBbVU_oTT__4,IfcCovering,SurfaceTreatment,UNSPECIFIED,UNSPECIFIED,Undefined/SS400,5
3lvjts2Kr77gVwoOyHwtrI,IfcCovering,SurfaceTreatment,UNSPECIFIED,UNSPECIFIED,Undefined/SS400,5
1IlYNm9oT8Wf5R4Dta1MKO,IfcCovering,E,E,UNSPECIFIED,Undefined/Undefined,0
3KsJqSh3v0dxq_6VXdvnqb,IfcCovering,E,E,UNSPECIFIED,Undefined/Undefined,0
0jAyd4nCbErwG9bpYeTSCB,IfcCovering,E,E,UNSPECIFIED,Undefined/Undefined,0
0XgfWrr_bABgTnaS3bKDfC,IfcCovering,E,E,UNSPECIFIED,Undefined/Undefined,0
3ikNDuDv131ORHoEpRJuEJ,IfcCovering,E,E,UNSPECIFIED,Undefined/Undefined,0
2LGCJbooz28P1r3vKjx1J0,IfcCovering,E,E,UNSPECIFIED,Undefined/Undefined,0
2OE9G93015MB7l6gxjkRF$,IfcCovering,E,E,UNSPECIFIED,Undefined/Undefined,0
2WxfmzO9rAzhrpftskB4V2,IfcCovering,E,E,UNSPECIFIED,Undefined/Undefined,0
1_X_KcPUXC4fOJEGWHoQch,IfcCovering,E,E,UNSPECIFIED,Undefined/Undefined,0
01wtV4kVrCBQYmamDQO50s,IfcCovering,E,E,UNSPECIFIED,Undefined/Undefined,0
2yylhRC0538w3c4dFbZWBO,IfcCovering,E,E,UNSPECIFIED,Undefined/Undefined,0
1_D5rA7oL5XAiT4C2oRGL2,IfcCovering,E,E,UNSPECIFIED,Undefined/Undefined,0
2Df3MMMTf2gPR0Bl$p2Vst,IfcCovering,E,E,UNSPECIFIED,Undefined/Undefined,0
3Db_Cgg6H5Qwm1V3e3TrI1,IfcCovering,E,E,UNSPECIFIED,Undefined/Undefined,0
3FPKUJURz2j9gl8ZlYvUKB,IfcCovering,E,E,UNSPECIFIED,Undefined/Undefined,0
2MohdjoT57s8lZy5WZXIy4,IfcCovering,E,E,UNSPECIFIED,Undefined/Undefined,0
2TptIBM$vAgAgqtqfOZitV,IfcCovering,E,E,UNSPECIFIED,Undefined/Undefined,0
3fRGvWxHLEfRUR2bXbUXOi,IfcCovering,E,E,UNSPECIFIED,Undefined/Undefined,0
1HTSBYo_5B59eB_4mkhzZh,IfcCovering,E,E,UNSPECIFIED,Undefined/Undefined,0
0a9AdjWrv5guThg5aS4ylg,IfcCovering,E,E,UNSPECIFIED,Undefined/Undefined,0
3i83Jyvq1CrwHzaA5FWReZ,IfcCovering,E,E,UNSPECIFIED,Undefined/Undefined,0
0Wrw1wbGbAKORtdBgKM$vq,IfcCovering,E,E,UNSPECIFIED,Undefined/Undefined,0
1jrpFzQ3T43AA1TpyHHnas,IfcCovering,SurfaceTreatment,UNSPECIFIED,UNSPECIFIED,Undefined/SS400,5
3$YF3hD6P7ve0jhgsNmSpo,IfcCovering,SurfaceTreatment,UNSPECIFIED,UNSPECIFIED,Undefined/SS400,5
37hXmIIsLC5wl105cJAjiw,IfcCovering,SurfaceTreatment,UNSPECIFIED,UNSPECIFIED,Undefined/SS400,5
3d6ioiWvHF1RfbCjoB0BHK,IfcCovering,E,E,UNSPECIFIED,Undefined/Undefined,0
1kPPnRuTD9nQnjcG0Ujio3,IfcCovering,E,E,UNSPECIFIED,Undefined/Undefined,0
1wvro5O197U9STbQcHINZE,IfcCovering,E,E,UNSPECIFIED,Undefined/Undefined,0
0ikE1PprbAJhAebzoTxasr,IfcCovering,E,E,UNSPECIFIED,Undefined/Undefined,0
14HyuMDHrAlPqv95HBWKf2,IfcCovering,E,E,UNSPECIFIED,Undefined/Undefined,0
24b7cm$Z1EUAG6gJxyBxNM,IfcCovering,E,E,UNSPECIFIED,Undefined/Undefined,0
2MSaBmnN1DT9jRMP_HuCdj,IfcCovering,E,E,UNSPECIFIED,Undefined/Undefined,0
1fR8TSC9DAPvQp7ZO$wcro,IfcCovering,E,E,UNSPECIFIED,Undefined/Undefined,0
0FzinhSjT9IB_cvR7EB$eJ,IfcCovering,E,E,UNSPECIFIED,Undefined/Undefined,0
04yBGgcqDF2RPEwB1fRT1g,IfcCovering,E,E,UNSPECIFIED,Undefined/Undefined,0
3Keq1_zgzEkBqB1DQDB3eZ,IfcCovering,E,E,UNSPECIFIED,Undefined/Undefined,0
2E4ZCIg_z8ExsYjro$_fsn,IfcCovering,E,E,UNSPECIFIED,Undefined/Undefined,0
1tmZWDnmD7SREy2_rbBUV8,IfcCovering,E,E,UNSPECIFIED,Undefined/Undefined,0
29YeREfmDB3xChLTsgswLC,IfcCovering,E,E,UNSPECIFIED,Undefined/Undefined,0
0EvqiPImv71B8DRWLZnWYd,IfcCovering,E,E,UNSPECIFIED,Undefined/Undefined,0
1qmcoU7dzEsuXtPfa7o$$q,IfcCovering,E,E,UNSPECIFIED,Undefined/Undefined,0
1DwJu2oar9_Ry_dICVT$7B,IfcCovering,SurfaceTreatment,UNSPECIFIED,UNSPECIFIED,Undefined/SS400,5
0MfQC8jl5B1Ra1ERx$3O6d,IfcCovering,SurfaceTreatment,UNSPECIFIED,UNSPECIFIED,Undefined/SS400,5
3joIwy8Cv0TelcJE1nLQZc,IfcCovering,SurfaceTreatment,UNSPECIFIED,UNSPECIFIED,Undefined/SS400,5
1s3bhCmuf6VfKF5DSO2_Cd,IfcCovering,SurfaceTreatment,UNSPECIFIED,UNSPECIFIED,Undefined/SS400,5
2zWKszrJ5EluB7z5uH2mN2,IfcCovering,SurfaceTreatment,UNSPECIFIED,UNSPECIFIED,Undefined/SS400,5
2pbbFE4Bv14vaEjAemOOPP,IfcCovering,SurfaceTreatment,UNSPECIFIED,UNSPECIFIED,Undefined/SS400,5
0R8gOByej3QwpZiSWPcY5o,IfcCovering,E,E,UNSPECIFIED,Undefined/Undefined,0
0F5mFlABn6sOFNsqYIR57g,IfcCovering,E,E,UNSPECIFIED,Undefined/Undefined,0
3nDDKhCxP3BPQNLLUSLxbR,IfcCovering,E,E,UNSPECIFIED,Undefined/Undefined,0
2rx0YQak51IgjhUsAaMluE,IfcCovering,E,E,UNSPECIFIED,Undefined/Undefined,0
2MGn2oK0T3AfLZewacZ$RI,IfcCovering,E,E,UNSPECIFIED,Undefined/Undefined,0
2i3J3$M$b2u9JvzF9CaJYY,IfcCovering,E,E,UNSPECIFIED,Undefined/Undefined,0
1sXdRewZf04O3p6iY0HqE5,IfcCovering,E,E,UNSPECIFIED,Undefined/Undefined,0
2mOR$ox6n5cOa2GWItl1_Q,IfcCovering,E,E,UNSPECIFIED,Undefined/Undefined,0
2zx_5P2tXAj8iIfVUcXEKe,IfcCovering,E,E,UNSPECIFIED,Undefined/Undefined,0
0ibIv5HSrEIwEhru26dOlF,IfcCovering,E,E,UNSPECIFIED,Undefined/Undefined,0
03ub7spZHANwokv5MlLlDx,IfcCovering,E,E,UNSPECIFIED,Undefined/Undefined,0
343jiSp41Ebx03QbbI9UvZ,IfcCovering,E,E,UNSPECIFIED,Undefined/Undefined,0
1607gJcGP6$Qyi0VFmQRtv,IfcCovering,E,E,UNSPECIFIED,Undefined/Undefined,0
3kpDpvrCv6wQDVB_S18nVL,IfcCovering,E,E,UNSPECIFIED,Undefined/Undefined,0
2fVq$4lJHDXQ_9q3Qa2ACc,IfcCovering,E,E,UNSPECIFIED,Undefined/Undefined,0
37YlJVmyj2pe$xfH58nq0e,IfcCovering,E,E,UNSPECIFIED,Undefined/Undefined,0
3zctiIRUj9dB9IQqf0b0eZ,IfcCovering,E,E,UNSPECIFIED,Undefined/Undefined,0
3S38CKEar8w9_9lnPy9DEj,IfcCovering,E,E,UNSPECIFIED,Undefined/Undefined,0
2CEmQ41qz1Pvjmq$kxwHMd,IfcCovering,E,E,UNSPECIFIED,Undefined/Undefined,0
2cMmb08cXAfeuaGn8h_25d,IfcCovering,E,E,UNSPECIFIED,Undefined/Undefined,0
0p_7KiVdX5mPqiU2uDWt0c,IfcCovering,E,E,UNSPECIFIED,Undefined/Undefined,0
0tBJL2bdv3xu7plXQgd8qJ,IfcCovering,E,E,UNSPECIFIED,Undefined/Undefined,0
18sbrd89v0OvhuxHTlJCyh,IfcCovering,E,E,UNSPECIFIED,Undefined/Undefined,0
2V1u3eqFv2l9$MdaJHKEwO,IfcCovering,E,E,UNSPECIFIED,Undefined/Undefined,0
1jSZYJf258NeuzovDQFokK,IfcCovering,E,E,UNSPECIFIED,Undefined/Undefined,0
3mM4poVR57Ehs5$fiHygDp,IfcCovering,E,E,UNSPECIFIED,Undefined/Undefined,0
0l7UPs5BLESR0gma8tS9Hk,IfcCovering,E,E,UNSPECIFIED,Undefined/Undefined,0
1FO0yIocfCRPMom9DaS09i,IfcCovering,E,E,UNSPECIFIED,Undefined/Undefined,0
3uAYLMT7n6GRS7f5toRJxg,IfcCovering,E,E,UNSPECIFIED,Undefined/Undefined,0
0mpDYdLlj6aON2ABjxSdEn,IfcCovering,E,E,UNSPECIFIED,Undefined/Undefined,0
0JTF$Z2Q9DQeaEHMbNhhQ$,IfcCovering,E,E,UNSPECIFIED,Undefined/Undefined,0
3icpgnET1269Wn0TsL3mZQ,IfcCovering,E,E,UNSPECIFIED,Undefined/Undefined,0
2XY5oyd_n9k9yiNf7Gx_qr,IfcCovering,E,E,UNSPECIFIED,Undefined/Undefined,0
0csqTwO5b2Th_FK2KSX3O$,IfcCovering,E,E,UNSPECIFIED,Undefined/Undefined,0
2_CxKygn16MeX3YjJMEGQb,IfcCovering,E,E,UNSPECIFIED,Undefined/Undefined,0
11$iRK_wn9Lu1YdvCrjthq,IfcCovering,E,E,UNSPECIFIED,Undefined/Undefined,0
2Xg9405ev07huBW9jedDQ8,IfcCovering,E,E,UNSPECIFIED,Undefined/Undefined,0
3LuUVC3O5AzBDXIDAwEfj3,IfcCovering,E,E,UNSPECIFIED,Undefined/Undefined,0
0DzAFNoen2ZAa2D4kalHe_,IfcCovering,E,E,UNSPECIFIED,Undefined/Undefined,0
1YK3d1vlzCGeqZQpBTHGGs,IfcCovering,E,E,UNSPECIFIED,Undefined/Undefined,0
0EWq9$WznBsOnTvsJX57Zc,IfcCovering,E,E,UNSPECIFIED,Undefined/Undefined,0
2UUKUnQkv16QPDSQ0A2gEF,IfcCovering,E,E,UNSPECIFIED,Undefined/Undefined,0
3UQ0MIukvDnhQI5HYlnPQF,IfcCovering,E,E,UNSPECIFIED,Undefined/Undefined,0
34Q5KZTMDAAexxDA0ZDLrQ,IfcCovering,E,E,UNSPECIFIED,Undefined/Undefined,0
1QaHCKdPP1hR5i2FRmvdHs,IfcCovering,E,E,UNSPECIFIED,Undefined/Undefined,0
03eJrOklfCxP1brUYN$oNx,IfcCovering,E,E,UNSPECIFIED,Undefined/Undefined,0
1S2fC6P2fBp9$VbCGAEoIR,IfcCovering,E,E,UNSPECIFIED,Undefined/Undefined,0
3vSEwVl8nE5Bp6k4apnYzx,IfcCovering,E,E,UNSPECIFIED,Undefined/Undefined,0
3uVlZ4Usb3luaDMqiD1up5,IfcCovering,E,E,UNSPECIFIED,Undefined/Undefined,0
3GZkklc5998PkcUTyxMh1I,IfcCovering,E,E,UNSPECIFIED,Undefined/Undefined,0
2FtzAo6vz2lx04D1M_wWP1,IfcCovering,E,E,UNSPECIFIED,Undefined/Undefined,0
08r3ZI5if0$gtodok_97Kr,IfcCovering,E,E,UNSPECIFIED,Undefined/Undefined,0
0Jpr48c1548P7eOaoSCzTO,IfcCovering,E,E,UNSPECIFIED,Undefined/Undefined,0
1h2ljNeln2p9ECaD2xpvqB,IfcCovering,E,E,UNSPECIFIED,Undefined/Undefined,0
24qCkNNLjDIhJD3jbptksr,IfcCovering,E,E,UNSPECIFIED,Undefined/Undefined,0
1h3dHTcwz26gVo2M4uaaPi,IfcCovering,E,E,UNSPECIFIED,Undefined/Undefined,0
18gxRBOEP27wfBsN_Zviao,IfcCovering,E,E,UNSPECIFIED,Undefined/Undefined,0
0TK3zcyIP21BZQ6kuOr9M4,IfcCovering,E,E,UNSPECIFIED,Undefined/Undefined,0
2lxr2uw6X8ewtn6Lou_WzN,IfcCovering,E,E,UNSPECIFIED,Undefined/Undefined,0
2D1PGmchn1g9rAOEUXv4WM,IfcCovering,E,E,UNSPECIFIED,Undefined/Undefined,0
3Z2g3cfZDEYe1PHgu756Wr,IfcCovering,E,E,UNSPECIFIED,Undefined/Undefined,0
1qkJsp4YT9I9kHwfsGHgHb,IfcCovering,E,E,UNSPECIFIED,Undefined/Undefined,0
1a57QsXN18VeWvPRyD1wUN,IfcCovering,E,E,UNSPECIFIED,Undefined/Undefined,0
2m3VaTptjBjeH6qvVNTFga,IfcCovering,E,E,UNSPECIFIED,Undefined/Undefined,0
0NNRr4vOj2z9iK$5b8n1zq,IfcCovering,E,E,UNSPECIFIED,Undefined/Undefined,0
1oBbtcBVXAewiphxdUsmCE,IfcCovering,E,E,UNSPECIFIED,Undefined/Undefined,0
2AMAOjF2j5DR5iL35DLUp8,IfcCovering,E,E,UNSPECIFIED,Undefined/Undefined,0
0oM9FvjgD2s8dP9DLQYsLj,IfcCovering,E,E,UNSPECIFIED,Undefined/Undefined,0
0YDyZjDHP6agwOGB$jGEv8,IfcCovering,E,E,UNSPECIFIED,Undefined/Undefined,0
0smx0Gob56RQHDJ1OwCXA$,IfcCovering,E,E,UNSPECIFIED,Undefined/Undefined,0
2VO1f_0rT0dRrzl7SsV1GK,IfcCovering,E,E,UNSPECIFIED,Undefined/Undefined,0
2o5bC0x7XEwOvddfFws48O,IfcCovering,E,E,UNSPECIFIED,Undefined/Undefined,0
1Yi6BFtNX7UAZlsNa9madI,IfcCovering,E,E,UNSPECIFIED,Undefined/Undefined,0
28AGAJn8P2QghtwXq5TmI8,IfcCovering,E,E,UNSPECIFIED,Undefined/Undefined,0
0rbLeLQyr6RvC3_9cDAMAX,IfcCovering,E,E,UNSPECIFIED,Undefined/Undefined,0
2F2r2GyvjAxQ_8umOFg7rm,IfcCovering,E,E,UNSPECIFIED,Undefined/Undefined,0
3pWKozwXXApvoKeGjSS4pd,IfcCovering,E,E,UNSPECIFIED,Undefined/Undefined,0
2G3nspZI9E4B8QfLPapWah,IfcCovering,E,E,UNSPECIFIED,Undefined/Undefined,0
0U486lVib0RgnO5eY$VcDa,IfcCovering,E,E,UNSPECIFIED,Undefined/Undefined,0
01m9bsN2nDfu$zacH3sZAu,IfcCovering,E,E,UNSPECIFIED,Undefined/Undefined,0
3uimB4c7H1yQ_WTDSjmN_G,IfcCovering,E,E,UNSPECIFIED,Undefined/Undefined,0
2BPyT6EKTFExPX46H5nRe2,IfcCovering,E,E,UNSPECIFIED,Undefined/Undefined,0
2ZO_8jRV11MQBvk$K54K8k,IfcCovering,E,E,UNSPECIFIED,Undefined/Undefined,0
1gIZ2eTkD4vROzbmqVP2vd,IfcCovering,E,E,UNSPECIFIED,Undefined/Undefined,0
0gnFKJvTX419CfNAaqAyLr,IfcCovering,E,E,UNSPECIFIED,Undefined/Undefined,0
34llK4mkvFBxszGreeNYqW,IfcCovering,E,E,UNSPECIFIED,Undefined/Undefined,0
2JSiY0kjnAIeqYZXNp_KFo,IfcCovering,E,E,UNSPECIFIED,Undefined/Undefined,0
2MSRvIlvT5Iuodck3LaMv5,IfcCovering,E,E,UNSPECIFIED,Undefined/Undefined,0
3E1KxWPTrEVuiQpMKgTqzo,IfcCovering,E,E,UNSPECIFIED,Undefined/Undefined,0
2lcZoUKh98OhXIe4DQr$Sz,IfcCovering,E,E,UNSPECIFIED,Undefined/Undefined,0
3WIqAomerBURgPDJ4Kzm$X,IfcCovering,E,E,UNSPECIFIED,Undefined/Undefined,0
2JTc3MzgzBKvBJCL7H0aZX,IfcCovering,E,E,UNSPECIFIED,Undefined/Undefined,0
1rcBBDiMrESPgCgISlcfHg,IfcCovering,E,E,UNSPECIFIED,Undefined/Undefined,0
1xA2wsHtTFOunjW8FUOCDb,IfcCovering,E,E,UNSPECIFIED,Undefined/Undefined,0
25YI9bcW12XPU6A3vrMG3h,IfcCovering,E,E,UNSPECIFIED,Undefined/Undefined,0
3xKORGNgz0IwGs$NDyM6G9,IfcCovering,E,E,UNSPECIFIED,Undefined/Undefined,0
144X8suIbEsBIx3pJw6kmj,IfcCovering,E,E,UNSPECIFIED,Undefined/Undefined,0
2DTxgtAS9Ef8bIqJPntVt$,IfcCovering,E,E,UNSPECIFIED,Undefined/Undefined,0
0m0fwLKXf4Wg9UhMVEplYj,IfcCovering,E,E,UNSPECIFIED,Undefined/Undefined,0
2FJiC_TDz7wRgcjWgj1Sgk,IfcCovering,E,E,UNSPECIFIED,Undefined/Undefined,0
0u1Pu0lkD5jvPGGp8j37Su,IfcCovering,E,E,UNSPECIFIED,Undefined/Undefined,0
3IVLbPk2f7gw0JuJi$jW6k,IfcCovering,E,E,UNSPECIFIED,Undefined/Undefined,0
1F7yPkEuj7nRXwbI1ffZrG,IfcCovering,E,E,UNSPECIFIED,Undefined/Undefined,0
1ugKxlEp92PvxPPKZQKHbU,IfcCovering,E,E,UNSPECIFIED,Undefined/Undefined,0
0lnlELZUj0qwTMI1Bv1J_Z,IfcCovering,E,E,UNSPECIFIED,Undefined/Undefined,0
1sXyePGM53NQlSAQZ0r58E,IfcCovering,E,E,UNSPECIFIED,Undefined/Undefined,0
2o3fLF1WnFJ9yZ2JXtCt1_,IfcCovering,E,E,UNSPECIFIED,Undefined/Undefined,0
228QGuoXz8jRk4qnXYmVEB,IfcCovering,E,E,UNSPECIFIED,Undefined/Undefined,0
1ymat5stf6ER5p28atcgOb,IfcCovering,E,E,UNSPECIFIED,Undefined/Undefined,0
08LZwQQefCGRevTYwA3wcZ,IfcCovering,E,E,UNSPECIFIED,Undefined/Undefined,0
3dHM4yYDf1xBdzpXuaJJob,IfcCovering,E,E,UNSPECIFIED,Undefined/Undefined,0
0SlllQ7$bE7hNMrVIyS$mp,IfcCovering,E,E,UNSPECIFIED,Undefined/Undefined,0
1_rHKikSzCZO1fb3hn6Bbj,IfcCovering,E,E,UNSPECIFIED,Undefined/Undefined,0
3zEPQlI710W98rD8yz9A2u,IfcCovering,E,E,UNSPECIFIED,Undefined/Undefined,0
3c9HJ6CI5EGxteegGn4E2Z,IfcCovering,E,E,UNSPECIFIED,Undefined/Undefined,0
39akxDpwf6bALLQfDuxSm4,IfcCovering,E,E,UNSPECIFIED,Undefined/Undefined,0
3UJzKlxRP8hBWPTX64gb$v,IfcCovering,E,E,UNSPECIFIED,Undefined/Undefined,0
3V8oOJDfD4dRw7zuZj8Y$h,IfcCovering,E,E,UNSPECIFIED,Undefined/Undefined,0
1mlFM06413eOK8fh40L7Uu,IfcCovering,E,E,UNSPECIFIED,Undefined/Undefined,0
31yhbmhsr4FQiy25zc_Wob,IfcCovering,E,E,UNSPECIFIED,Undefined/Undefined,0
2nRLYBMUPAtRtYfKO2RTjQ,IfcCovering,E,E,UNSPECIFIED,Undefined/Undefined,0
0OiOeGUTH3IAZW_T_MamaX,IfcCovering,E,E,UNSPECIFIED,Undefined/Undefined,0
1Y95y_e9n2efaNJg4qRX4a,IfcCovering,E,E,UNSPECIFIED,Undefined/Undefined,0
3Ho71FJ4DFuPstQbEqTsnY,IfcCovering,E,E,UNSPECIFIED,Undefined/Undefined,0
30CRDaBATAgBYJdv3o0vcn,IfcCovering,E,E,UNSPECIFIED,Undefined/Undefined,0
2Lhyuhcv50j9t3J4pqTDMV,IfcCovering,E,E,UNSPECIFIED,Undefined/Undefined,0
3MuUGA2BT6MxMjeU$54e7C,IfcCovering,E,E,UNSPECIFIED,Undefined/Undefined,0
1ymBlzVT59Ev93ucl5B5$o,IfcCovering,E,E,UNSPECIFIED,Undefined/Undefined,0
359tHAi190LQilD_YPmMR0,IfcCovering,E,E,UNSPECIFIED,Undefined/Undefined,0
2$51BIiz5ExQzY_sJu_mmp,IfcCovering,E,E,UNSPECIFIED,Undefined/Undefined,0
1LFpcCvM14AQTFKcyTqUMi,IfcCovering,E,E,UNSPECIFIED,Undefined/Undefined,0
1yAe9H6617w9T$se4_Ki3w,IfcCovering,E,E,UNSPECIFIED,Undefined/Undefined,0
1UgwG$Uxn2OuQ9m$Ya0fet,IfcCovering,E,E,UNSPECIFIED,Undefined/Undefined,0
3qtLccI7r0vuY7Mw1N5w5W,IfcCovering,E,E,UNSPECIFIED,Undefined/Undefined,0
2D1faNHxj1ARrZTvZ1I0Sr,IfcCovering,E,E,UNSPECIFIED,Undefined/Undefined,0
1Ru0hrVPXDk9yOVjaG4X55,IfcCovering,E,E,UNSPECIFIED,Undefined/Undefined,0
2xsoPMGRDBcxRHXQlwdJFm,IfcCovering,E,E,UNSPECIFIED,Undefined/Undefined,0
3LX$YUKhT1CR8WV89lZGtu,IfcCovering,E,E,UNSPECIFIED,Undefined/Undefined,0
0d$3ytO4z1oQAB7Cnm7hnd,IfcCovering,E,E,UNSPECIFIED,Undefined/Undefined,0
0uyBipWVDFovgZE5or6KWz,IfcCovering,E,E,UNSPECIFIED,Undefined/Undefined,0
02o_Bnyg92SgIREbIzzWyC,IfcCovering,E,E,UNSPECIFIED,Undefined/Undefined,0
29Crqv3avFk8wJTiU6mnBV,IfcCovering,E,E,UNSPECIFIED,Undefined/Undefined,0
0Oz2f6Ch15if81B37JbnLq,IfcCovering,E,E,UNSPECIFIED,Undefined/Undefined,0
26UzDXNxj8Gwu8XPEE9LoB,IfcCovering,E,E,UNSPECIFIED,Undefined/Undefined,0
21PJUH2VfDyxWnua4l2hEv,IfcCovering,E,E,UNSPECIFIED,Undefined/Undefined,0
08r267JYr9HOeBdAkenscf,IfcCovering,E,E,UNSPECIFIED,Undefined/Undefined,0
1p03prMVHD0Rdh2E1w0O$c,IfcCovering,E,E,UNSPECIFIED,Undefined/Undefined,0
36Jr0xnkPFO9NfqVDpO1VJ,IfcCovering,E,E,UNSPECIFIED,Undefined/Undefined,0
0kZMR6un1DcxzO0STIJazN,IfcCovering,E,E,UNSPECIFIED,Undefined/Undefined,0
1q$XNFpfr1QONxFPxqRaVH,IfcCovering,E,E,UNSPECIFIED,Undefined/Undefined,0
3W8lxEi796IQCTUZRPp9K$,IfcCovering,E,E,UNSPECIFIED,Undefined/Undefined,0
0TaJfSsefFhgrSNQSIyG_C,IfcCovering,E,E,UNSPECIFIED,Undefined/Undefined,0
38Uy_eXBP1IONHLoISQs1w,IfcCovering,E,E,UNSPECIFIED,Undefined/Undefined,0
3d7eZRiiLAfe5AHQ5mWSfm,IfcCovering,E,E,UNSPECIFIED,Undefined/Undefined,0
3RrcoIB75AueE7ZuEaKiPn,IfcCovering,E,E,UNSPECIFIED,Undefined/Undefined,0
2fs7P_zXT70fxb_hsOcgMw,IfcCovering,E,E,UNSPECIFIED,Undefined/Undefined,0
1CkCIqpJD37wHaBJYmeVNc,IfcCovering,E,E,UNSPECIFIED,Undefined/Undefined,0
25ecXZJcn36uQgGkV6kLoL,IfcCovering,E,E,UNSPECIFIED,Undefined/Undefined,0
2D9lmr6P1D7PWvCzmxNAUk,IfcCovering,E,E,UNSPECIFIED,Undefined/Undefined,0
1Zl2IbJjD0gfhGccPUN8hi,IfcCovering,E,E,UNSPECIFIED,Undefined/Undefined,0
1cm_h3UIjCkgt7xPP36dwe,IfcCovering,E,E,UNSPECIFIED,Undefined/Undefined,0
2dZD_uN6LA9Br_NcBkZYv5,IfcCovering,E,E,UNSPECIFIED,Undefined/Undefined,0
2KW3GO4kX6dBlHV2fMXyBP,IfcCovering,E,E,UNSPECIFIED,Undefined/Undefined,0
0M9GR9ZcvFOe1dU2u7fozC,IfcCovering,E,E,UNSPECIFIED,Undefined/Undefined,0
0o6O_BmGn1_vasERKp77oS,IfcCovering,E,E,UNSPECIFIED,Undefined/Undefined,0
0FWepQqv94Wf0ni5TyNYXd,IfcCovering,E,E,UNSPECIFIED,Undefined/Undefined,0
28Lz8U9rHC1OEjApjyP3tO,IfcCovering,E,E,UNSPECIFIED,Undefined/Undefined,0
1Ne3p$OpH34eZjWCnxQcsL,IfcCovering,E,E,UNSPECIFIED,Undefined/Undefined,0
2nWo12$pHAAB_wKkibalx_,IfcCovering,E,E,UNSPECIFIED,Undefined/Undefined,0
1AMAab9Xv5Zf8AK5ErbeEB,IfcCovering,E,E,UNSPECIFIED,Undefined/Undefined,0
2Y6IpB6Yr8wg$bDd1aTXHs,IfcCovering,E,E,UNSPECIFIED,Undefined/Undefined,0
3jZzL7HOLCdQSnPjLbzSR_,IfcCovering,E,E,UNSPECIFIED,Undefined/Undefined,0
1fyzLaOgDEdgsH7jX98Pii,IfcCovering,E,E,UNSPECIFIED,Undefined/Undefined,0
1XCnXNoqD5ahntLk54B7N9,IfcCovering,E,E,UNSPECIFIED,Undefined/Undefined,0
28_gWQLDz8WADGvBai5lns,IfcCovering,E,E,UNSPECIFIED,Undefined/Undefined,0
0_0vhCLKfAPRX5neGB97GT,IfcCovering,E,E,UNSPECIFIED,Undefined/Undefined,0
31Gge07SLAoeyiQRZnvvi8,IfcCovering,E,E,UNSPECIFIED,Undefined/Undefined,0
0wKrCG_hzEzxOzrThBCX7t,IfcCovering,E,E,UNSPECIFIED,Undefined/Undefined,0
0YoKjcw81DVOFhbHmF5RRh,IfcCovering,E,E,UNSPECIFIED,Undefined/Undefined,0
0hSDgTYZbEueqLHNnhfI1J,IfcCovering,E,E,UNSPECIFIED,Undefined/Undefined,0
2TAQW8x916ePvFOWGydfkp,IfcCovering,E,E,UNSPECIFIED,Undefined/Undefined,0
3jSCcGLxj2_vtnN$Rs4PZv,IfcCovering,E,E,UNSPECIFIED,Undefined/Undefined,0
1ewlCaS3fEnPArOWNtLg73,IfcCovering,E,E,UNSPECIFIED,Undefined/Undefined,0
150W3p0fb2FxyynHVTZwzl,IfcCovering,E,E,UNSPECIFIED,Undefined/Undefined,0
2FqG2y_kT96Q5DRUn0liEh,IfcCovering,E,E,UNSPECIFIED,Undefined/Undefined,0
0p1OBI6W1Bfh4BDCyFpGNj,IfcCovering,E,E,UNSPECIFIED,Undefined/Undefined,0
2YPeUTro18fvJ2Cumuv66t,IfcCovering,E,E,UNSPECIFIED,Undefined/Undefined,0
0x9_GN3PbFGe8kiqe935vo,IfcCovering,E,E,UNSPECIFIED,Undefined/Undefined,0
2G09qEcJz8EhvCnUwbFPmk,IfcCovering,E,E,UNSPECIFIED,Undefined/Undefined,0
0uAzamfHr5vAiOvaVDJLQS,IfcCovering,E,E,UNSPECIFIED,Undefined/Undefined,0
0qqEZ$Zo9FmPlpC7WsuKnD,IfcCovering,E,E,UNSPECIFIED,Undefined/Undefined,0
1Fw7jzDOH1Ox794ZAmMjDG,IfcCovering,E,E,UNSPECIFIED,Undefined/Undefined,0
2RuBLY7t14sg6_X5Unf1X4,IfcCovering,E,E,UNSPECIFIED,Undefined/Undefined,0
3tyWl4Rcb2HgHmU_FvHTSp,IfcCovering,E,E,UNSPECIFIED,Undefined/Undefined,0
3Yd1147Iv7zwv3jnVGpwj_,IfcCovering,E,E,UNSPECIFIED,Undefined/Undefined,0
3b34r0ltbDUQgpbrpkIkpO,IfcCovering,E,E,UNSPECIFIED,Undefined/Undefined,0
2ps9K$pC19AR4rej61hDFw,IfcCovering,E,E,UNSPECIFIED,Undefined/Undefined,0
0_Hp89$RzDOxk2YtZPxqxt,IfcCovering,E,E,UNSPECIFIED,Undefined/Undefined,0
0V6gf02evBABwd2JZh7kXY,IfcCovering,E,E,UNSPECIFIED,Undefined/Undefined,0
0VguhOY1LFjv34FCEDugto,IfcCovering,E,E,UNSPECIFIED,Undefined/Undefined,0
31XlwJ35HD$u1Q9jK7GdIT,IfcCovering,E,E,UNSPECIFIED,Undefined/Undefined,0
2OUVuoKM90TBCIox1FzzUF,IfcCovering,E,E,UNSPECIFIED,Undefined/Undefined,0
1SGiM$f3TBMQQ5jzLaamHY,IfcCovering,E,E,UNSPECIFIED,Undefined/Undefined,0
0DLrKZgtH2BxVY_1X5p$Q0,IfcCovering,E,E,UNSPECIFIED,Undefined/Undefined,0
2BqZPFM390P8FrJW8uK2tn,IfcCovering,E,E,UNSPECIFIED,Undefined/Undefined,0
3iTSaD9BL49uqIUY1pRca1,IfcCovering,E,E,UNSPECIFIED,Undefined/Undefined,0
0fp$4zDAH1KPTjaYKO75ij,IfcCovering,E,E,UNSPECIFIED,Undefined/Undefined,0
0G0dePkFXBn9hai1EwIHg5,IfcCovering,E,E,UNSPECIFIED,Undefined/Undefined,0
1E4QP$P7v5DxR7Z3Fj$MP6,IfcCovering,E,E,UNSPECIFIED,Undefined/Undefined,0
3FwrsxUgn1QfZwEiNaa6hr,IfcCovering,E,E,UNSPECIFIED,Undefined/Undefined,0
1XBtCbyA98X83o2UVyGrWF,IfcCovering,E,E,UNSPECIFIED,Undefined/Undefined,0
073tbwGTLFKvWRgBD67ZZq,IfcCovering,E,E,UNSPECIFIED,Undefined/Undefined,0
0duQ3a$nPFUROqCP3_apYP,IfcCovering,E,E,UNSPECIFIED,Undefined/Undefined,0
0rhHAPFUj6vgbDlfHWUtDx,IfcCovering,E,E,UNSPECIFIED,Undefined/Undefined,0
3X1WMZEcn8sADz48UZ$dNl,IfcCovering,E,E,UNSPECIFIED,Undefined/Undefined,0
2ubo6$eQD9IwYFk21$zu6n,IfcCovering,E,E,UNSPECIFIED,Undefined/Undefined,0
07pvcJ7mD6IA1BqsiywwAb,IfcCovering,E,E,UNSPECIFIED,Undefined/Undefined,0
2mglo4P9TD5gALgV5PapDm,IfcCovering,E,E,UNSPECIFIED,Undefined/Undefined,0
0RREV_8yHCGejwX42yc4vR,IfcCovering,E,E,UNSPECIFIED,Undefined/Undefined,0
02uJUf2vP6YRe7wMpslZ_1,IfcCovering,E,E,UNSPECIFIED,Undefined/Undefined,0
2StILL2uz9dwFYjMqlwdMa,IfcCovering,E,E,UNSPECIFIED,Undefined/Undefined,0
1r42FoWmvFHwKiMvBeirYh,IfcCovering,E,E,UNSPECIFIED,Undefined/Undefined,0
3KmS$l$0966hRSLkU7ZwdI,IfcCovering,E,E,UNSPECIFIED,Undefined/Undefined,0
0mNWsETkrFeQN1iJbVwWCA,IfcCovering,E,E,UNSPECIFIED,Undefined/Undefined,0
1S83KpAbf3$RBJD$f0od2k,IfcCovering,E,E,UNSPECIFIED,Undefined/Undefined,0
08sVqqz_DFvRDyabW0U$W9,IfcCovering,E,E,UNSPECIFIED,Undefined/Undefined,0
0LsUX0ajj34AedImL92jkw,IfcCovering,E,E,UNSPECIFIED,Undefined/Undefined,0
1GXr3DNpHFHBoossnGbZs6,IfcCovering,E,E,UNSPECIFIED,Undefined/Undefined,0
275eqTAmb2aukWJF7QivDN,IfcCovering,E,E,UNSPECIFIED,Undefined/Undefined,0
0bmCXKLlf7A87h4WMpzZ5w,IfcCovering,E,E,UNSPECIFIED,Undefined/Undefined,0
36u0IF0_5AExbNQ_l5RbCU,IfcCovering,E,E,UNSPECIFIED,Undefined/Undefined,0
195n92sP13AhAsKNo6jc8U,IfcCovering,E,E,UNSPECIFIED,Undefined/Undefined,0
3P2vsyleH49g1jLh5DeVmc,IfcCovering,E,E,UNSPECIFIED,Undefined/Undefined,0
01d8fW6Kj2JhSrDEFR4_JL,IfcCovering,E,E,UNSPECIFIED,Undefined/Undefined,0
0gOC3x8UrBI9F6BxNJ182Y,IfcCovering,E,E,UNSPECIFIED,Undefined/Undefined,0
0JQVCznZf6hR3_fCOcQn9Y,IfcCovering,E,E,UNSPECIFIED,Undefined/Undefined,0
3E1ldg62P18evBvE4DASOL,IfcCovering,E,E,UNSPECIFIED,Undefined/Undefined,0
2Ac4j8a_r0DAgruaEJbqIK,IfcCovering,E,E,UNSPECIFIED,Undefined/Undefined,0
3lhPYmho55RRpwwVZv4GDR,IfcCovering,E,E,UNSPECIFIED,Undefined/Undefined,0
0IaexmPWr3PhkdRj1ar3R5,IfcCovering,E,E,UNSPECIFIED,Undefined/Undefined,0
2KvKhweV19HPiuJbfDZQgr,IfcCovering,E,E,UNSPECIFIED,Undefined/Undefined,0
37iwe8GSLByxbMRNcgk8YG,IfcCovering,E,E,UNSPECIFIED,Undefined/Undefined,0
0q6Sf6N8913QeUJaPq_6Jd,IfcCovering,E,E,UNSPECIFIED,Undefined/Undefined,0
283s$sVSr3HPD2VLD8zDIt,IfcCovering,E,E,UNSPECIFIED,Undefined/Undefined,0
0wz5c35cH8jQp8fEI7fiCE,IfcCovering,E,E,UNSPECIFIED,Undefined/Undefined,0
29TkRadNr1mwHmjtb0S9DI,IfcCovering,E,E,UNSPECIFIED,Undefined/Undefined,0
2tWasiY6zBz9jAfJOgkBCf,IfcCovering,E,E,UNSPECIFIED,Undefined/Undefined,0
1uT71wOE118xl_MKi5pbnv,IfcCovering,E,E,UNSPECIFIED,Undefined/Undefined,0
2uGPOc7qz5UQl$N4RJgnMf,IfcCovering,E,E,UNSPECIFIED,Undefined/Undefined,0
0exJj_zYD07guODbtPDGss,IfcCovering,E,E,UNSPECIFIED,Undefined/Undefined,0
0sO7RnT7P1HQOJWGOWfV9D,IfcCovering,E,E,UNSPECIFIED,Undefined/Undefined,0
04zFWdV7TFH9lEdH$yq5GM,IfcCovering,E,E,UNSPECIFIED,Undefined/Undefined,0
3Q4syRz399$w6ZxsquPInG,IfcCovering,E,E,UNSPECIFIED,Undefined/Undefined,0
0KwwZxfRj1Z8RsIjWcbySz,IfcCovering,E,E,UNSPECIFIED,Undefined/Undefined,0
3oFbV1tivDBftyjoTV0UL3,IfcCovering,E,E,UNSPECIFIED,Undefined/Undefined,0
0fcpLAfbH6Fghct_hb4spR,IfcCovering,E,E,UNSPECIFIED,Undefined/Undefined,0
2uhnoO88L67wEO4SrzCwFI,IfcCovering,E,E,UNSPECIFIED,Undefined/Undefined,0
3wRcQuJIjBKfl$Le9FaQ3k,IfcCovering,E,E,UNSPECIFIED,Undefined/Undefined,0
39P3leSg907go2a62ofwEA,IfcCovering,E,E,UNSPECIFIED,Undefined/Undefined,0
3v$XwTo$X9Aw3NWH_7mSlO,IfcCovering,E,E,UNSPECIFIED,Undefined/Undefined,0
27axMOTMj1ZfaWnQzdpvJz,IfcCovering,E,E,UNSPECIFIED,Undefined/Undefined,0
0UlPdj$0vEwOCeQOixX8w5,IfcCovering,E,E,UNSPECIFIED,Undefined/Undefined,0
2DemYaqCbD2RpTT3HibK$Z,IfcCovering,E,E,UNSPECIFIED,Undefined/Undefined,0
0n3doBCWf1pB2lXTTuIzOw,IfcCovering,E,E,UNSPECIFIED,Undefined/Undefined,0
3pbb868Q95FAR$nxYNINwC,IfcCovering,E,E,UNSPECIFIED,Undefined/Undefined,0
2qiT5XDG10xuBLJzjqjO3C,IfcCovering,E,E,UNSPECIFIED,Undefined/Undefined,0
2_34VUf8rDq8iO4gqis6_i,IfcCovering,E,E,UNSPECIFIED,Undefined/Undefined,0
1xSqmKE5r7$hxceVrfmxX8,IfcCovering,E,E,UNSPECIFIED,Undefined/Undefined,0
3AvB_uSg102uKEcyhcXF2K,IfcCovering,E,E,UNSPECIFIED,Undefined/Undefined,0
1NbiKyEB99EQec7RSICiDs,IfcCovering,E,E,UNSPECIFIED,Undefined/Undefined,0
2iUCaXRgv8TOekfQi6VAdP,IfcCovering,E,E,UNSPECIFIED,Undefined/Undefined,0
23STE$m954pxxxBz1uhe5Z,IfcCovering,E,E,UNSPECIFIED,Undefined/Undefined,0
2imqqaJWn69ffPlUxf5OF3,IfcCovering,E,E,UNSPECIFIED,Undefined/Undefined,0
1RetaEMELBW8FtjWrgCUpp,IfcCovering,E,E,UNSPECIFIED,Undefined/Undefined,0
1mYlU1qcTFq9rFLAeWhAs$,IfcCovering,E,E,UNSPECIFIED,Undefined/Undefined,0
0Qn6BYiNjFUxovBkV3_$wc,IfcCovering,E,E,UNSPECIFIED,Undefined/Undefined,0
2IKFoUeH5C0eg4Zs65cFrH,IfcCovering,E,E,UNSPECIFIED,Undefined/Undefined,0
2kgxqIZqTE7Q_vflWMs8ag,IfcCovering,E,E,UNSPECIFIED,Undefined/Undefined,0
2YyhJHQrn3YvVebR$rlgJ1,IfcCovering,E,E,UNSPECIFIED,Undefined/Undefined,0
3j$NxpoFz23RJpFCp5d$gl,IfcCovering,E,E,UNSPECIFIED,Undefined/Undefined,0
3gx4l4ZHXAoOHXoBsYpCr0,IfcCovering,E,E,UNSPECIFIED,Undefined/Undefined,0
13FhL0RA51ZgJIu4V2VH4V,IfcCovering,E,E,UNSPECIFIED,Undefined/Undefined,0
25OqIt8Ub20emlqXvbHBXg,IfcCovering,E,E,UNSPECIFIED,Undefined/Undefined,0
2JrPmQGmzFBgxNGnpZLEiV,IfcCovering,E,E,UNSPECIFIED,Undefined/Undefined,0
3C3269pmvBJPv0SWaPgYwU,IfcCovering,E,E,UNSPECIFIED,Undefined/Undefined,0
1kt_vqPv1Flug2CfIaZWib,IfcCovering,E,E,UNSPECIFIED,Undefined/Undefined,0
3AXjICaOf9Xuc2xQaqSQpj,IfcCovering,E,E,UNSPECIFIED,Undefined/Undefined,0
2MkIR9oQr0LOii9tu6ZbZu,IfcCovering,E,E,UNSPECIFIED,Undefined/Undefined,0
0Umuj15hP8bORSSBmwdrxt,IfcCovering,E,E,UNSPECIFIED,Undefined/Undefined,0
0lOwWK7uXEeBQMhituKBgr,IfcCovering,E,E,UNSPECIFIED,Undefined/Undefined,0
2yu0IPSIL2YgYFqV11i2Lv,IfcCovering,ROOF,ROOF,UNSPECIFIED,Undefined/Undefined,0
0lkMfXPGzCmeb$QKzpCiv$,IfcCovering,ROOF,ROOF,UNSPECIFIED,Undefined/Undefined,0
1LxL5FgA98GP8HSpFmGG72,IfcCovering,ROOF,ROOF,UNSPECIFIED,Undefined/Undefined,0
1v12b1ZI9FbwY8eFgoXl$y,IfcCovering,H2,H2,UNSPECIFIED,Undefined/Undefined,0
2O5qR7qjDEURhHCYxMHak4,IfcCovering,ROOF,ROOF,UNSPECIFIED,Undefined/Undefined,0
16v95ATwv8whMn8ituSM5Q,IfcCovering,ROOF,ROOF,UNSPECIFIED,Undefined/Undefined,0
2WvdrRUPH3NfXWzn6FT5ok,IfcCovering,ROOF,ROOF,UNSPECIFIED,Undefined/Undefined,0
390AKMxQDAzujghX6XZWzJ,IfcCovering,ROOF,ROOF,UNSPECIFIED,Undefined/Undefined,0
3DyaNu5Wv0KxSv00sChvZ0,IfcCovering,ROOF,ROOF,UNSPECIFIED,Undefined/Undefined,0
2VF_t3md9DZQT8FXIhzqbX,IfcCovering,H2,H2,UNSPECIFIED,Undefined/Undefined,0
2h4P15l9fCbwqiQu5sWbYD,IfcCovering,ROOF,ROOF,UNSPECIFIED,Undefined/Undefined,0
1UAZ8uPMX0IhgoKQbTg0Nz,IfcCovering,ROOF,ROOF,UNSPECIFIED,Undefined/Undefined,0
1aqpwqiWL32ALsp9mbCf5v,IfcCovering,COLUMN SC1,COLUMN SC1,UNSPECIFIED,Undefined/Undefined,0
2ARFvHtLfBohguZ41dMDB8,IfcCovering,SC,SC,UNSPECIFIED,Undefined/Undefined,0
1mOv2xjCD5FPXEIsa5BWJX,IfcCovering,ROOF,ROOF,UNSPECIFIED,Undefined/Undefined,0
0MnPOJ7x58kOGonXRgctor,IfcCovering,ROOF,ROOF,UNSPECIFIED,Undefined/Undefined,0
001vpiFd53WAdbvAteIEVF,IfcCovering,ROOF,ROOF,UNSPECIFIED,Undefined/Undefined,0
2uvpBXpFf2JASuEtH2JMHy,IfcCovering,ROOF,ROOF,UNSPECIFIED,Undefined/Undefined,0
23F6ldWwPFMQ0_skc7xZef,IfcCovering,0,0,UNSPECIFIED,Undefined/Undefined,0
06ibHYNPbA7xiRhwbyWQJg,IfcCovering,0,0,UNSPECIFIED,Undefined/Undefined,0
32JztrnXP8cOzEturixOHw,IfcCovering,0,0,UNSPECIFIED,Undefined/Undefined,0
3dgMgaivL0XezIEuEthOUT,IfcCovering,0,0,UNSPECIFIED,Undefined/Undefined,0
2gWYWCo9b0AwX5x9HkBVwb,IfcCovering,0,0,UNSPECIFIED,Undefined/Undefined,0
3QYYJVnsnBTRTaqCX$aTs9,IfcCovering,0,0,UNSPECIFIED,Undefined/Undefined,0
398xl2kaD9$uUVBQ2QDFIp,IfcCovering,0,0,UNSPECIFIED,Undefined/Undefined,0
2kN5zAbavDnf1B_qlq4vvF,IfcCovering,0,0,UNSPECIFIED,Undefined/Undefined,0
0IL8A46bz3BPuQQYnbX0bb,IfcCovering,0,0,UNSPECIFIED,Undefined/Undefined,0
0J7SyqF3P1EuWxGrtWzW0u,IfcCovering,0,0,UNSPECIFIED,Undefined/Undefined,0
3dI_vNvwb9UBBuKt7VdaA_,IfcCovering,0,0,UNSPECIFIED,Undefined/Undefined,0
2b1HqYFrz0He6$1YP$ycUn,IfcCovering,0,0,UNSPECIFIED,Undefined/Undefined,0
30MZs$jcv9hPsXiOGptl5V,IfcCovering,0,0,UNSPECIFIED,Undefined/Undefined,0
1fBxTdZUvA2RBC_Zc$t7d9,IfcCovering,0,0,UNSPECIFIED,Undefined/Undefined,0
2GVuESzaj5DPh48NFn_K6O,IfcCovering,0,0,UNSPECIFIED,Undefined/Undefined,0
3oSlI81LHABO4PO5hs$P03,IfcCovering,0,0,UNSPECIFIED,Undefined/Undefined,0
2mNoScuMD1mukotswdetnu,IfcCovering,ROOF,ROOF,UNSPECIFIED,Undefined/Undefined,0
0qQlKxHNLBCBqi2gWqMXKc,IfcCovering,ROOF,ROOF,UNSPECIFIED,Undefined/Undefined,0
2LytHboE13MQm2AN9YwL37,IfcCovering,ROOF,ROOF,UNSPECIFIED,Undefined/Undefined,0
1HS5G$lsX1DQ6ukt3T5i1B,IfcCovering,ROOF,ROOF,UNSPECIFIED,Undefined/Undefined,0
0_lOBHHkL7JO8rkh08X8Lf,IfcCovering,ROOF,ROOF,UNSPECIFIED,Undefined/Undefined,0
1omdTjdFD1mBjTGqcXnuik,IfcCovering,ROOF,ROOF,UNSPECIFIED,Undefined/Undefined,0
1P2mhuCM53OuUH_gUK_YdU,IfcCovering,SurfaceTreatment,UNSPECIFIED,UNSPECIFIED,Undefined/SS400,5
0KSiws_Jr6RPYITv4023Em,IfcCovering,SurfaceTreatment,UNSPECIFIED,UNSPECIFIED,Undefined/SS400,5
3uWdn81Vj1MQviIEscE9lg,IfcCovering,SurfaceTreatment,UNSPECIFIED,UNSPECIFIED,Undefined/SS400,5
0FXlv9dS9EVuwMXfvPAyea,IfcCovering,SurfaceTreatment,UNSPECIFIED,UNSPECIFIED,Undefined/SS400,5
0IYeIxHIP0NxFi1uGcm4x9,IfcCovering,F,F,UNSPECIFIED,Undefined/Undefined,0
2EXgQ7eFH5SOyeJ6hpgEBe,IfcCovering,F,F,UNSPECIFIED,Undefined/Undefined,0
30zFNaDmL2$9XvJk87kRC6,IfcCovering,F,F,UNSPECIFIED,Undefined/Undefined,0
0yIsN9DlnARBwMDVThrDNG,IfcCovering,F,F,UNSPECIFIED,Undefined/Undefined,0
3n8WoL7w96gR0tLIKiFh4_,IfcCovering,F,F,UNSPECIFIED,Undefined/Undefined,0
2sUhuximP1l87pGT20Vwjb,IfcCovering,F,F,UNSPECIFIED,Undefined/Undefined,0
2YNe0uzi59H8Pw464nIL58,IfcCovering,H1,H1,UNSPECIFIED,Undefined/Undefined,0
0JDZWlaa98Pf5IH4WGwCoL,IfcCovering,H1,H1,UNSPECIFIED,Undefined/Undefined,0
1sOi2YkvbC1BkUm68m6e6n,IfcCovering,COLUMN SC1,COLUMN SC1,UNSPECIFIED,Undefined/Undefined,0
0_6HnXsnz8qvtek$nUd4bJ,IfcCovering,0,0,UNSPECIFIED,Undefined/Undefined,0
2zcEJ5FXT9ohAQXhM0T3kF,IfcCovering,0,0,UNSPECIFIED,Undefined/Undefined,0
0Vccegetn1Ug$bDGyok7M2,IfcCovering,0,0,UNSPECIFIED,Undefined/Undefined,0
0ZM4Qs6PX5p9kJjpASPvLH,IfcCovering,0,0,UNSPECIFIED,Undefined/Undefined,0
18nITyf0j1aAy2a4E9AsrV,IfcCovering,0,0,UNSPECIFIED,Undefined/Undefined,0
2rVlpYETT68PJelGyhlrG0,IfcCovering,0,0,UNSPECIFIED,Undefined/Undefined,0
3Nrd52hd97QgHbL5LVyVod,IfcCovering,0,0,UNSPECIFIED,Undefined/Undefined,0
03o5Xwj8z6YerfuobBTtss,IfcCovering,0,0,UNSPECIFIED,Undefined/Undefined,0
3XRDTblxv9gROpVC3GmskN,IfcCovering,0,0,UNSPECIFIED,Undefined/Undefined,0
2Ozfvx1_v91fsDrnAEtdI$,IfcCovering,0,0,UNSPECIFIED,Undefined/Undefined,0
053hgUvVT7gQ101ySJlnQ1,IfcCovering,0,0,UNSPECIFIED,Undefined/Undefined,0
2eijzDZyP9rfqAeuWTaQBu,IfcCovering,0,0,UNSPECIFIED,Undefined/Undefined,0
3VPNeF1kXEy8Jsw88vWAVB,IfcCovering,COLUMN SC1,COLUMN SC1,UNSPECIFIED,Undefined/Undefined,0
1WUWsw2V912guoci87ewom,IfcCovering,0,0,UNSPECIFIED,Undefined/Undefined,0
0J90UZsbj3980KsGgADygN,IfcCovering,0,0,UNSPECIFIED,Undefined/Undefined,0
2TPdcgkeT1VAMrSxHoOJUx,IfcCovering,0,0,UNSPECIFIED,Undefined/Undefined,0
2InsMuXKr1k9NyWiFTvjuA,IfcCovering,0,0,UNSPECIFIED,Undefined/Undefined,0
05b7CW8rn9SOqE5Kdd6mSm,IfcCovering,0,0,UNSPECIFIED,Undefined/Undefined,0
0y03ZwKBT78RPua8dxgWNk,IfcCovering,0,0,UNSPECIFIED,Undefined/Undefined,0
3qDKFp6rv2cvVmEQ2xvcud,IfcCovering,0,0,UNSPECIFIED,Undefined/Undefined,0
3CCkJAbP916Pjydwt66d6k,IfcCovering,0,0,UNSPECIFIED,Undefined/Undefined,0
31JNUWRSbBtePnq2teeHS$,IfcCovering,0,0,UNSPECIFIED,Undefined/Undefined,0
2P0Q_BiYL9p8AMFxKJmA4n,IfcCovering,0,0,UNSPECIFIED,Undefined/Undefined,0
11ZYqo_MnEPudaL$PHP$mM,IfcCovering,0,0,UNSPECIFIED,Undefined/Undefined,0
1wSUm4cjvDqg1ZJP4WvoxG,IfcCovering,0,0,UNSPECIFIED,Undefined/Undefined,0
2xiNG3ytj7AAhBeZbl1Upn,IfcCovering,SC,SC,UNSPECIFIED,Undefined/Undefined,0
083ItMV11Cb8QPP9Dg3MD4,IfcCovering,0,0,UNSPECIFIED,Undefined/Undefined,0
35Y86Jdo5D2Q7XLdaVUZQc,IfcCovering,0,0,UNSPECIFIED,Undefined/Undefined,0
2lfu3JHDj80xrW8079puse,IfcCovering,0,0,UNSPECIFIED,Undefined/Undefined,0
02CobgteP3v9iSwGbweOqJ,IfcCovering,0,0,UNSPECIFIED,Undefined/Undefined,0
0nUrQYvlrCWOIsNHNWrVkP,IfcCovering,0,0,UNSPECIFIED,Undefined/Undefined,0
3Zj4PynS18BBwMwwyyJNiT,IfcCovering,0,0,UNSPECIFIED,Undefined/Undefined,0
0wIw_9NQT7MQOSmGsjE9ew,IfcCovering,0,0,UNSPECIFIED,Undefined/Undefined,0
3fWd9EYCr6qQTPFa4A3pnY,IfcCovering,0,0,UNSPECIFIED,Undefined/Undefined,0
0lp39rdJ56NR$LAjtcvkAb,IfcCovering,0,0,UNSPECIFIED,Undefined/Undefined,0
14VJyYm3vBBupIuC7TKjxc,IfcCovering,0,0,UNSPECIFIED,Undefined/Undefined,0
2Royn_iJnFE8mzpadNguWN,IfcCovering,0,0,UNSPECIFIED,Undefined/Undefined,0
3plx3ywbT1hPt6ayRTUSDs,IfcCovering,0,0,UNSPECIFIED,Undefined/Undefined,0
0GSxb0Om9CR98MQPIdtja8,IfcCovering,COLUMN SC1,COLUMN SC1,UNSPECIFIED,Undefined/Undefined,0
2sUT7stebFq8XDGXCFB2pD,IfcCovering,H1,H1,UNSPECIFIED,Undefined/Undefined,0
34tkHo4n13sQh8UkJDZqE7,IfcCovering,H1,H1,UNSPECIFIED,Undefined/Undefined,0
1ZPDMimnT5wgSLHTpEeWyz,IfcCovering,SC,SC,UNSPECIFIED,Undefined/Undefined,0
0X6dJEAav1cAPQgtRfBSOJ,IfcCovering,E,E,UNSPECIFIED,Undefined/Undefined,0
0qQRCWiTTBOPFyxoLluN8Z,IfcCovering,0,0,UNSPECIFIED,Undefined/Undefined,0
2yOE7nT9rEyvvc2kM1myUv,IfcCovering,0,0,UNSPECIFIED,Undefined/Undefined,0
1M8Hn0Z0f2Dv$UcwZIPpgi,IfcCovering,0,0,UNSPECIFIED,Undefined/Undefined,0
1ih1_nDRD18ABdIpuuWZet,IfcMember,TUBE,C-100X50X5X7.5,ID6cac1fb1-35b3-4120-a2e7-4b3e38823a37,STEEL/SS400,17
3E$rKSAyPDD9qsReI8Q2nt,IfcMember,TUBE,C-100X50X5X7.5,IDceff551c-2bc6-4d34-9d36-6e8488682c77,STEEL/SS400,17
06NnkcsTDAjucBM4lcob1k,IfcMember,TUBE,C-100X50X5X7.5,ID065f1ba6-d9d3-4ab7-898b-584be6ca506e,STEEL/SS400,17
2cs1Vy$Q50K8aqSmkt2mOl,IfcMember,TUBE,C-100X50X5X7.5,IDa6d817fc-fda1-4050-8934-730bb70b062f,STEEL/SS400,17
0Jnqxq5o56xvY7jhgt_nQZ,IfcMember,TUBE,C-100X50X5X7.5,ID13c74ef4-1721-46ef-9887-b6bab7fb16a3,STEEL/SS400,17
3HyA_Y1HzC1wMRD3a6nD6_,IfcMember,TUBE,C-100X50X5X7.5,IDd1f0afa2-051f-4c07-a59b-343906c4d1be,STEEL/SS400,17
3ZHBNQwdbDoRpH88QkBG9k,IfcPlate,PLATE,PL9x135,IDe344b5da-ea79-4dc9-bcd1-2086ae2d026e,STEEL/SS400,17
2etiljmfb1ihTLv2WXnbcw,IfcPlate,PLATE,PL9x135,IDa8decbed-c299-41b2-b755-e42821c659ba,STEEL/SS400,17
3sHOX0lj90Wgbmf80i7AbH,IfcPlate,PLATE,PL12x420,IDf6458840-bed2-4082-a970-a4802c1ca951,STEEL/SS400,17
3nKwUj8o9BfwkvYi8rsjVz,IfcPlate,PLATE,PL12x420,IDf153a7ad-2322-4ba7-abb9-8ac235dad7fd,STEEL/SS400,17
2c2fP5YfTD9QUQNVkcPq0S,IfcPlate,PLATE,PL9x135,IDa60a9645-8a97-4d25-a79a-5dfba667401c,STEEL/SS400,17
0EfP$yuoLCu9V9YBErF7jE,IfcPlate,PLATE,PL9x135,ID0ea59ffc-e325-4ce0-97c9-88b3b53c7b4e,STEEL/SS400,17
2WCXJ2EHL5Ke$yc0gnu69B,IfcPlate,PLATE,PL12x420,IDa03214c2-3915-4552-8ffc-980ab1e0624b,STEEL/SS400,17
2godWCoeHB1wCzHVk1Kv4x,IfcPlate,PLATE,PL12x420,IDaaca780c-ca84-4b07-a33d-45fb8153913b,STEEL/SS400,17
1MP62EW4X9twPQKK8jUgw2,IfcPlate,PLATE,PL9x135,ID5664608e-8048-49df-a65a-51422d7aae82,STEEL/SS400,17
3tUdfkWwrC9ONviZXbREY8,IfcPlate,PLATE,PL9x235,IDf77a7a6e-83ad-4c25-85f9-b238656ce888,STEEL/SS400,17
3tFylg4C91GxyfBaKpuKO7,IfcPlate,PLATE,PL9x135,IDf73fcbea-10c2-4143-bf29-2e4533e14607,STEEL/SS400,17
27qPJPH9v6uxXFeV5AYSvx,IfcPlate,PLATE,PL9x235,ID87d194d9-449e-46e3-b84f-a1f14a89ce7b,STEEL/SS400,17
0Lp8Ti5An2bRBlpoGEyWJU,IfcPlate,PLATE,PL9x135,ID15cc876c-14ac-4295-b2ef-cf240ef204de,STEEL/SS400,17
0hc49LS2P9KgK6FdDcwnpz,IfcPlate,PLATE,PL9x235,ID2b984255-7026-4952-a506-3e7366eb1cfd,STEEL/SS400,17
3RJ5YS4P57Tx9hVVrecY2i,IfcPlate,PLATE,PL9x135,IDdb4c589c-1191-4777-b26b-7dfd689a20ac,STEEL/SS400,17
2XfFsO75j9juJbqN5nCbYf,IfcPlate,PLATE,PL9x235,IDa1a4fd98-1c5b-49b7-84e5-d171713258a9,STEEL/SS400,17
0rD5xeBOn0cOBaVxcpV8qk,IfcPlate,PLATE,PL9x135,ID35345ee8-2d8c-4099-82e4-7fb9b37c8d2e,STEEL/SS400,17
2wfNm81SX308Q$wKShbTDc,IfcPlate,PLATE,PL9x235,IDbaa57c08-05c8-4300-86bf-e9472b95d366,STEEL/SS400,17
0E2AXjGTv4euAK7N4EtaDd,IfcPlate,PLATE,PL9x135,ID0e08a86d-41de-44a3-8294-1d710ede4367,STEEL/SS400,17
1CRVDQCWb9TPaIRRIq4pij,IfcPlate,PLATE,PL9x235,ID4c6df35a-3209-4975-9912-6db4b4133b2d,STEEL/SS400,17
189leATVz5lxHrzmp$uoh9,IfcPlate,PLATE,PL6x48,ID4826fa0a-75ff-45bf-b475-f70cffe32ac9,STEEL/SS400,17
3UQIME4wn8hgv6iMaarxaZ,IfcPlate,PLATE,PL6x45,IDde69258e-13ac-48ae-ae46-b16924d7b923,STEEL/SS400,17
2B_odR1xr0Z9yqlEpwrqvo,IfcPlate,PLATE,PL6x45,ID8bfb29db-07bd-408c-9f34-bcecfad74e72,STEEL/SS400,17
2oKkYhjv96gQi3EoLLUW9Y,IfcPlate,CHECKER PLATE,CHK4.5x470.5,IDb252e8ab-b792-46a9-ab03-3b25557a0262,STEEL/SS400,17
2egwCjkPf5NQ5VEuQy5sE8,IfcPlate,PLATE,PL8x129.9,x-0,STEEL/SS400,17
2rUeiIo5LDGOCEWN_q667Y,IfcPlate,GROUT,PL35x300,IDb57a8b12-c855-4d41-830e-817fb41861e2,Undefined/GROUT,17
0xf$dQG719XRpsWBYBJt_s,IfcPlate,GROUT,PL35x400,ID3ba7f9da-4070-4985-bcf6-80b88b4f7fb6,Undefined/GROUT,17
0FwMunqj9E5wN5OWlSFlky,IfcPlate,GROUT,PL35x400,ID0fe96e31-d2d2-4e17-a5c5-620bdc3efbbc,Undefined/GROUT,17
1d$2SgyVrCjfaypNU06I9J,IfcSlab,SLAB,150x1500,ID67fc272a-f1fd-4cb6-993c-cd7780192253,CONCRETE/C40,17
2dhDgI_s5ASxtRlso0gaiz,IfcSlab,SLAB,150x1600,IDa7acda92-fb61-4a73-bddb-bf6c80aa4b3d,CONCRETE/C40,17
2l__7gZOz49v2HJpo7FO4X,IfcSlab,SLAB,150x1150,IDaffbe1ea-8d8f-4427-9091-4f3c873d8121,CONCRETE/C40,17
0b1CW8NeH57eMWv1XtzANh,IfcSlab,SLAB,220x1150,ID2504c808-5e84-451e-85a0-e41877f4a5eb,CONCRETE/C40,17
0OBx$55FD5MvytvD8eOPk8,IfcSlab,SLAB,270x1200,ID182fbfc5-14f3-455b-9f37-e4d228619b88,CONCRETE/C40,17
2vwvPAqeXCXQyv4D89Hyay,IfcSlab,SLAB,300x21500,IDb9eb964a-d288-4c85-af39-10d20947c93c,CONCRETE/C40,17
2Urumt22H74g9DhEaACBt7,IfcSlab,PRECAST,2630x100,ID9ed78c37-0824-4712-a24d-ace90a30bdc7,CONCRETE/C40,17
2B2x_KBLb56vNSmJxE1KyZ,IfcSlab,PRECAST,2630x100,ID8b0bbf94-2d59-451b-95dc-c13ece054f23,CONCRETE/C40,17
0B3BbwGtj83xtvT0RIAAUA,IfcSlab,PRECAST,2630x100,ID0b0cb97a-437b-480f-bdf9-7406d228a78a,CONCRETE/C40,17
3sdLp3Gvb9l9ADBmmrQDmo,IfcSlab,PRECAST,2630x100,IDf69d5cc3-4399-49bc-928d-2f0c3568dc32,CONCRETE/C40,17
3lEirTMCbFgueRVkLPjfNe,IfcSlab,PRECAST,2630x100,IDef3acd5d-58c9-4fab-8a1b-7ee559b695e8,CONCRETE/C40,17
2jjHH6VTv5dwQNhpBR$LHh,IfcSlab,PRECAST,2630x100,IDadb51446-7dde-459f-a697-af32dbfd546b,CONCRETE/C40,17
1EcL9RnWjEUxdmjoNJgbH7,IfcSlab,PRECAST,2630x100,ID4e99525b-c60b-4e7b-b9f0-b725d3aa5447,CONCRETE/C40,17
2LLoUPgij6aQ8CjujSIisv,IfcSlab,PRECAST,2630x100,ID95572799-aacb-4691-a20c-b78b5c4acdb9,CONCRETE/C40,17
0ntjBJrNL7yBb0$5x0_urT,IfcSlab,PRECAST,2630x100,ID31ded2d3-d575-47f0-b940-fc5ec0fb8d5d,CONCRETE/C40,17
3uPhpfLTTBXRAt6Zr5VX48,IfcSlab,SLAB,230x74105,IDf866bce9-55d7-4b85-b2b7-1a3d457e1108,CONCRETE/C40,17
0ll9VpdBL4quj8$A7CnHtk,IfcSlab,SLAB,230x22000,ID2fbc97f3-9cb5-44d3-8b48-fca1ccc51dee,CONCRETE/C40,17
0oVZyYa9H9PfpGiqtRcpT8,IfcSlab,SLAB,250x80482,ID327e3f22-9094-4966-9cd0-b34ddb9b3748,CONCRETE/C40,17
10ootrcff7h8OFOEkuPOvF,IfcSlab,PC2C',300x600,ID40cb2df5-9a9a-47ac-860f-60ebb8658e4f,CONCRETE/C40,17
33tCvdmRj5xhlXWml1fh3o,IfcSlab,PC2C,300x1200,IDc3dcce67-c1bb-45ee-bbe1-830bc1a6b0f2,CONCRETE/C40,17
13Vg52VqXDXfhbqHrfN20m,IfcElementAssembly,BEAM,UNSPECIFIED,B-0(?),UNSPECIFIED,8
0SGyRddDr0lwbMXlltJzF4,IfcElementAssembly,BEAM,UNSPECIFIED,B-0(?),UNSPECIFIED,8
0V_x5WPQL7LfxQb_euBbxn,IfcElementAssembly,PIPE,UNSPECIFIED,X-0(?),UNSPECIFIED,8
0CkCXvEVH0bAfrJCNnDc55,IfcElementAssembly,PIPE,UNSPECIFIED,X-0(?),UNSPECIFIED,8
0zbDB0Wbr8AhixjzS7w3a9,IfcElementAssembly,PIPE,UNSPECIFIED,X-0(?),UNSPECIFIED,8
368sxigdPBtgey$V_LVq8V,IfcElementAssembly,PIPE,UNSPECIFIED,X-0(?),UNSPECIFIED,8
01TkC$F$LB5R5PTcBDLgxw,IfcElementAssembly,PIPE,UNSPECIFIED,X-0(?),UNSPECIFIED,8
1cDjPYbTL9RgVc3ZKTua32,IfcElementAssembly,PIPE,UNSPECIFIED,X-0(?),UNSPECIFIED,8
1afBdNtqz2ePovIWB5aaJj,IfcElementAssembly,PIPE,UNSPECIFIED,X-0(?),UNSPECIFIED,8
0brmUaTcX55gqsQ$6D8bd1,IfcElementAssembly,PIPE,UNSPECIFIED,X-0(?),UNSPECIFIED,8
2AjzeMAvH0KP5z50ya5Ciq,IfcElementAssembly,PIPE,UNSPECIFIED,X-0(?),UNSPECIFIED,8
3nwPuDn7PEtuVyYy520ftY,IfcElementAssembly,PIPE,UNSPECIFIED,X-0(?),UNSPECIFIED,8
2_yimnhuv3FwkNaI7GgxVi,IfcElementAssembly,PIPE,UNSPECIFIED,X-0(?),UNSPECIFIED,8
2dsGvTKwn2GPIqdMYoaEOH,IfcElementAssembly,PIPE,UNSPECIFIED,X-0(?),UNSPECIFIED,8
2xrLVErbTA_fNDTkofoOIz,IfcElementAssembly,PIPE,UNSPECIFIED,X-0(?),UNSPECIFIED,8
3uarpLV0f6ePjgypKD5dVo,IfcElementAssembly,PIPE,UNSPECIFIED,X-0(?),UNSPECIFIED,8
3mpm_4MYv0180fQGoyJlcx,IfcElementAssembly,PIPE,UNSPECIFIED,X-0(?),UNSPECIFIED,8
1sAdBC7Ij0pxnZ_Wc9P_Nl,IfcElementAssembly,BEAM,UNSPECIFIED,B-0(?),UNSPECIFIED,8
2i4$zJb8980hnpVN6UIbil,IfcElementAssembly,BEAM,UNSPECIFIED,B-0(?),UNSPECIFIED,8
3ivO1wJS9E4wlhW1L00SRj,IfcElementAssembly,BEAM,UNSPECIFIED,B-0(?),UNSPECIFIED,8
3JP5S830n3JgaR69zJIYW2,IfcElementAssembly,PIPE,UNSPECIFIED,X-0(?),UNSPECIFIED,8
1RnBrVXsTChxNRQTZfU6mq,IfcElementAssembly,PIPE,UNSPECIFIED,X-0(?),UNSPECIFIED,8
309NqcpT56mv$9TZpJ1DnK,IfcElementAssembly,PIPE,UNSPECIFIED,X-0(?),UNSPECIFIED,8
3dh4U2OPL0iejJqaD0RuJV,IfcElementAssembly,PIPE,UNSPECIFIED,X-0(?),UNSPECIFIED,8
3OZeHddwDC$ucbRxlnnVvv,IfcElementAssembly,PIPE,UNSPECIFIED,X-0(?),UNSPECIFIED,8
1EBiDWAaz87A3E7s3mjgGL,IfcElementAssembly,PIPE,UNSPECIFIED,X-0(?),UNSPECIFIED,8
2qNwOeFIr9UfkNkMCyiRVd,IfcElementAssembly,BEAM,UNSPECIFIED,B-0(?),UNSPECIFIED,8
3UD9n5OJT9Q8ZLRRoattwy,IfcElementAssembly,BEAM,UNSPECIFIED,B-0(?),UNSPECIFIED,8
139KBFSAPDg8hJyhY5edkd,IfcElementAssembly,BEAM,UNSPECIFIED,B-0(?),UNSPECIFIED,8
18yW2YNpLAj8qi5I8KYKb7,IfcElementAssembly,PIPE,UNSPECIFIED,X-0(?),UNSPECIFIED,8
3GD9$_hkvDvwyKgjEna0ye,IfcElementAssembly,PIPE,UNSPECIFIED,X-0(?),UNSPECIFIED,8
1Hc2uZALjFpOm43ZsMYwjY,IfcElementAssembly,PIPE,UNSPECIFIED,X-0(?),UNSPECIFIED,8
0BkVAu6019MRvQL$8_7xNn,IfcElementAssembly,PIPE,UNSPECIFIED,X-0(?),UNSPECIFIED,8
25ckIFZY5APOJ8tMbw7mAj,IfcElementAssembly,PIPE,UNSPECIFIED,X-0(?),UNSPECIFIED,8
0FlnTUOG1FZOUZD24G1a8C,IfcElementAssembly,PIPE,UNSPECIFIED,X-0(?),UNSPECIFIED,8
3Gu4oYNi94F9fyqm7$6hx5,IfcElementAssembly,PIPE,UNSPECIFIED,X-0(?),UNSPECIFIED,8
2TDBplydv6Mho2NeFVHtfW,IfcElementAssembly,PIPE,UNSPECIFIED,X-0(?),UNSPECIFIED,8
2QCar_XX96Du12QzAFX2bn,IfcElementAssembly,PIPE,UNSPECIFIED,X-0(?),UNSPECIFIED,8
0HEBNXvuLCEgadVXvy78Kq,IfcElementAssembly,PIPE,UNSPECIFIED,X-0(?),UNSPECIFIED,8
3ls16aljXFf9Monqhq03hk,IfcElementAssembly,PIPE,UNSPECIFIED,X-0(?),UNSPECIFIED,8
1VUzlV$h1478bZTawGpJv4,IfcElementAssembly,PIPE,UNSPECIFIED,X-0(?),UNSPECIFIED,8
1HIPTVTAD7$w$tmncuQsLf,IfcElementAssembly,PIPE,UNSPECIFIED,X-0(?),UNSPECIFIED,8
19T$oiIS94jfktXFjb9IGA,IfcElementAssembly,PIPE,UNSPECIFIED,X-0(?),UNSPECIFIED,8
0g1xSGrDP8HwOK43GlTofq,IfcElementAssembly,PIPE,UNSPECIFIED,X-0(?),UNSPECIFIED,8
3J_ftCPF54OfQxQNvaN2kS,IfcElementAssembly,PIPE,UNSPECIFIED,X-0(?),UNSPECIFIED,8
138GDtU3z3Eg2OA9ZYErf8,IfcElementAssembly,PIPE,UNSPECIFIED,X-0(?),UNSPECIFIED,8
3pIobquKb5lhzqFDzHwTv2,IfcElementAssembly,ANCHOR ROD,UNSPECIFIED,z-0(?),UNSPECIFIED,8
0QpHWWPL19MBvUK3QLV64Z,IfcElementAssembly,ANCHOR ROD,UNSPECIFIED,z-0(?),UNSPECIFIED,8
2jddGdYufCWw_iwkXbAeiy,IfcElementAssembly,ANCHOR ROD,UNSPECIFIED,z-0(?),UNSPECIFIED,8
0cIZM8_HLDOx08uLKG1Rt_,IfcElementAssembly,ANCHOR ROD,UNSPECIFIED,z-0(?),UNSPECIFIED,8
17tFKEIxTDUeiIwS8LdEdf,IfcElementAssembly,ANCHOR ROD,UNSPECIFIED,z-0(?),UNSPECIFIED,8
3UC67y2mT74e2k_S5uvfyD,IfcElementAssembly,BEAM,UNSPECIFIED,B-0(?),UNSPECIFIED,8
3pHgOeSg9C2OoYNX5t$IN3,IfcElementAssembly,BEAM,UNSPECIFIED,B-0(?),UNSPECIFIED,8
0GZv1uZF12qAoikrIk40QU,IfcElementAssembly,ANCHOR ROD,UNSPECIFIED,z-0(?),UNSPECIFIED,8
0K$wLk_hbCrBt58GSsEvFg,IfcElementAssembly,ANCHOR ROD,UNSPECIFIED,z-0(?),UNSPECIFIED,8
0UkpZYItH7dvpVzeMBdj9O,IfcElementAssembly,ANCHOR ROD,UNSPECIFIED,z-0(?),UNSPECIFIED,8
2lVOqamxn9DhxDX0giHfa6,IfcElementAssembly,ANCHOR ROD,UNSPECIFIED,z-0(?),UNSPECIFIED,8
3R1fgRaIr2YOhppJ28yS2P,IfcElementAssembly,ANCHOR ROD,UNSPECIFIED,z-0(?),UNSPECIFIED,8
2G4srUY_18_B4xkfy3Xd8g,IfcElementAssembly,ANCHOR ROD,UNSPECIFIED,z-0(?),UNSPECIFIED,8
2VfAEzzYD5$wPWGlzezRd$,IfcElementAssembly,BEAM,UNSPECIFIED,B-0(?),UNSPECIFIED,8
3j8rCCd_b6wuelRpDb1XCe,IfcElementAssembly,BEAM,UNSPECIFIED,B-0(?),UNSPECIFIED,8
0bquPwTSL1cv7t291KvuIO,IfcElementAssembly,SQUARE TUBES,UNSPECIFIED,1GT1-0(?),UNSPECIFIED,8
0hgpu1X3j0LQW2Bb8_VHJ_,IfcElementAssembly,ANCHOR ROD,UNSPECIFIED,z-0(?),UNSPECIFIED,8
1IiI$4X1f8Fg1l5pf3YP8X,IfcElementAssembly,ANCHOR ROD,UNSPECIFIED,z-0(?),UNSPECIFIED,8
30yqhBSEr6B8xJXDDkBp8K,IfcElementAssembly,ANCHOR ROD,UNSPECIFIED,z-0(?),UNSPECIFIED,8
3tvc2Qn9f1sP9m7qjWnvKC,IfcElementAssembly,ANCHOR ROD,UNSPECIFIED,z-0(?),UNSPECIFIED,8
3rI2OPbWv4Kxu3W17ZfgOK,IfcElementAssembly,BEAM,UNSPECIFIED,1H3-3(?),UNSPECIFIED,8
0a0yKNuVb1mOqRd1IOB7Oe,IfcElementAssembly,SQUARE TUBES,UNSPECIFIED,X-0(?),UNSPECIFIED,8
3KpkNfKm1Fd9NePpALl3gg,IfcElementAssembly,SQUARE TUBES,UNSPECIFIED,1GT3-0(?),UNSPECIFIED,8
3yFYodEY9Acf_lJpBE$2a9,IfcElementAssembly,SQUARE TUBES,UNSPECIFIED,X-0(?),UNSPECIFIED,8
0y8bYU2MP23RWyfL_PnOfj,IfcElementAssembly,SQUARE TUBES,UNSPECIFIED,1GT3-0(?),UNSPECIFIED,8
110hgkJSz2PhIff3LTvwD8,IfcElementAssembly,PIPE,UNSPECIFIED,4SC-2,UNSPECIFIED,8
201cl8hl122BjeO8AzvDbO,IfcElementAssembly,BEAM,UNSPECIFIED,B-0(?),UNSPECIFIED,8
3NJlwbiF51FeGF2tONVTj3,IfcElementAssembly,BEAM,UNSPECIFIED,4H1-4(?),UNSPECIFIED,8
1ZVZTjQM14vQG29EgcYXBr,IfcElementAssembly,BEAM,UNSPECIFIED,B-0(?),UNSPECIFIED,8
08IKb1wpz9O8C8A2lNU1rD,IfcElementAssembly,PIPE,UNSPECIFIED,4SC-1(?),UNSPECIFIED,8
1g8ho7CMX9zfnwheAFWeRA,IfcElementAssembly,SQUARE TUBES,UNSPECIFIED,4T2-1,UNSPECIFIED,8
0G7ra5D197huNHqsR5nUq3,IfcElementAssembly,SQUARE TUBES,UNSPECIFIED,4T1-1,UNSPECIFIED,8
0vwRmHgoP6svx9VCYYXFfC,IfcElementAssembly,BEAM,UNSPECIFIED,4H1-2,UNSPECIFIED,8
0p4eHoFRH8T9uJxHSvmiKY,IfcElementAssembly,BEAM,UNSPECIFIED,4H2-1,UNSPECIFIED,8
13TFTkCLj5_wEIaml2z3gP,IfcElementAssembly,PIPE,UNSPECIFIED,4SC-3,UNSPECIFIED,8
0u3GfABJTDTRjn4QfTKRAp,IfcElementAssembly,BEAM,UNSPECIFIED,4H2-2,UNSPECIFIED,8
20Td8PXLzCjgsX9$JZ64Tw,IfcElementAssembly,BEAM,UNSPECIFIED,4H1-3,UNSPECIFIED,8
36s9oOPjn2ORgFErgnbQVl,IfcElementAssembly,PLATE,UNSPECIFIED,1SD-3(?),UNSPECIFIED,8
3udTEYWFP9QOOOuKfUQI33,IfcElementAssembly,ANCHOR ROD,UNSPECIFIED,z-0(?),UNSPECIFIED,8
0oIyZfzWbBouqq2pVOErN7,IfcElementAssembly,ANCHOR ROD,UNSPECIFIED,z-0(?),UNSPECIFIED,8
1vgpsc5uvA8hrIRYMSKzSn,IfcElementAssembly,ANCHOR ROD,UNSPECIFIED,z-0(?),UNSPECIFIED,8
03cbAYMJ10agKSSlp66ZFu,IfcElementAssembly,ANCHOR ROD,UNSPECIFIED,z-0(?),UNSPECIFIED,8
3VKXi$XeP5ae6c6v6p$laI,IfcElementAssembly,PLATE,UNSPECIFIED,1SD-3(?),UNSPECIFIED,8
3xBzPhElz7ZeChMuGJ9k_a,IfcElementAssembly,ANCHOR ROD,UNSPECIFIED,z-0(?),UNSPECIFIED,8
0oiwRXVRz4$f0P44EcTpnP,IfcElementAssembly,ANCHOR ROD,UNSPECIFIED,z-0(?),UNSPECIFIED,8
3f4YPct359$hdEG9EZVJrv,IfcElementAssembly,ANCHOR ROD,UNSPECIFIED,z-0(?),UNSPECIFIED,8
1r89lq0Sn1nRGwwIeACiX4,IfcElementAssembly,ANCHOR ROD,UNSPECIFIED,z-0(?),UNSPECIFIED,8
02O6FWDyj0fx6nsIOF1B6X,IfcElementAssembly,PLATE,UNSPECIFIED,1SD-3(?),UNSPECIFIED,8
2ovwS1S0f3kxrUGDGfwL5Y,IfcElementAssembly,ANCHOR ROD,UNSPECIFIED,z-0(?),UNSPECIFIED,8
3S73PP$Vz49BGRw5Fe2Dg4,IfcElementAssembly,ANCHOR ROD,UNSPECIFIED,z-0(?),UNSPECIFIED,8
1_VzzYZaz2OexqOnygP9ia,IfcElementAssembly,ANCHOR ROD,UNSPECIFIED,z-0(?),UNSPECIFIED,8
33_p6m3x1188zSy6Uu8arp,IfcElementAssembly,ANCHOR ROD,UNSPECIFIED,z-0(?),UNSPECIFIED,8
2wZDcuqjH3S8een5Su9oZi,IfcElementAssembly,BEAM,UNSPECIFIED,4H1-1,UNSPECIFIED,8
27T8oRyDP7wedqUkcbAb60,IfcElementAssembly,PIPE,UNSPECIFIED,4SC-4(?),UNSPECIFIED,8
2wql01ihP6uAKr$7kJH0qe,IfcElementAssembly,BEAM,UNSPECIFIED,B-0(?),UNSPECIFIED,8
0GMc5JfhHAJgfed5$YZXCX,IfcElementAssembly,PIPE,UNSPECIFIED,4SC-6,UNSPECIFIED,8
1qWQar8XD3WucU7TqQJNuQ,IfcElementAssembly,PLATE,UNSPECIFIED,1SD-3(?),UNSPECIFIED,8
2xDjFW4MT9Rv0bMu3pBEnJ,IfcElementAssembly,ANCHOR ROD,UNSPECIFIED,z-0(?),UNSPECIFIED,8
0nKNvLkt1F4uwZCztoduV5,IfcElementAssembly,ANCHOR ROD,UNSPECIFIED,z-0(?),UNSPECIFIED,8
1Axu8GkUbCEuA7uhqoVubg,IfcElementAssembly,ANCHOR ROD,UNSPECIFIED,z-0(?),UNSPECIFIED,8
2DfvB2l_P5nBjI2pW1vT38,IfcElementAssembly,ANCHOR ROD,UNSPECIFIED,z-0(?),UNSPECIFIED,8
1MFsc2n8fDguI2noSt3rGl,IfcElementAssembly,PLATE,UNSPECIFIED,1SD-3(?),UNSPECIFIED,8
2P1In4lwT9YPqmS9DXZntt,IfcElementAssembly,ANCHOR ROD,UNSPECIFIED,z-0(?),UNSPECIFIED,8
3u0$I7woPEoAjZ7NiuWlI6,IfcElementAssembly,ANCHOR ROD,UNSPECIFIED,z-0(?),UNSPECIFIED,8
3hdxhmYnbFkfzSH3m7$bsJ,IfcElementAssembly,ANCHOR ROD,UNSPECIFIED,z-0(?),UNSPECIFIED,8
1toUxhMFHF58QcDsFbxPya,IfcElementAssembly,ANCHOR ROD,UNSPECIFIED,z-0(?),UNSPECIFIED,8
2Xpj3NNWX8GQJjLqvYPabM,IfcElementAssembly,PLATE,UNSPECIFIED,1SD-3(?),UNSPECIFIED,8
24L84Xo_zD5P7fh5hP9BY5,IfcElementAssembly,ANCHOR ROD,UNSPECIFIED,z-0(?),UNSPECIFIED,8
3vJkEUoh1D8BjB3FUdacL7,IfcElementAssembly,ANCHOR ROD,UNSPECIFIED,z-0(?),UNSPECIFIED,8
3GMHv5zOTC0vo91xXptXc2,IfcElementAssembly,ANCHOR ROD,UNSPECIFIED,z-0(?),UNSPECIFIED,8
2_420KdjP6J8T11Aa5g0Q5,IfcElementAssembly,ANCHOR ROD,UNSPECIFIED,z-0(?),UNSPECIFIED,8
23bwtgGTH5PQp2WrEZaQ3S,IfcElementAssembly,PLATE,UNSPECIFIED,1SD-3(?),UNSPECIFIED,8
2pEqW5pB13gh8Mqq8zbzSU,IfcElementAssembly,ANCHOR ROD,UNSPECIFIED,z-0(?),UNSPECIFIED,8
3nEKaQ1Tz9zg_Xs$aQFocd,IfcElementAssembly,ANCHOR ROD,UNSPECIFIED,z-0(?),UNSPECIFIED,8
2uZq62qL11mA80Haz9Yn9f,IfcElementAssembly,ANCHOR ROD,UNSPECIFIED,z-0(?),UNSPECIFIED,8
1GOXbr0nvFTxDOSp_9kg7c,IfcElementAssembly,ANCHOR ROD,UNSPECIFIED,z-0(?),UNSPECIFIED,8
1urLkDoRr3$e36tyruD2zw,IfcElementAssembly,PLATE,UNSPECIFIED,1SD-3(?),UNSPECIFIED,8
2Q_CdUuNnCjeieO8FZs2tH,IfcElementAssembly,ANCHOR ROD,UNSPECIFIED,z-0(?),UNSPECIFIED,8
00Tf9TNwH5aQTYtFm9ihP0,IfcElementAssembly,ANCHOR ROD,UNSPECIFIED,z-0(?),UNSPECIFIED,8
3G_HM_Zn13qBYpYWz2bFLL,IfcElementAssembly,ANCHOR ROD,UNSPECIFIED,z-0(?),UNSPECIFIED,8
2sn6esqTz7AOzIvAiuF2LN,IfcElementAssembly,ANCHOR ROD,UNSPECIFIED,z-0(?),UNSPECIFIED,8
0pyhotz7DFBfBBNLlx1Lhx,IfcElementAssembly,PLATE,UNSPECIFIED,1SD-3(?),UNSPECIFIED,8
3kZww0i6XCPuYO3uChs$Rc,IfcElementAssembly,BEAM,UNSPECIFIED,1FR1-1,UNSPECIFIED,8
1j23Mao_f7t8rd5ETbIO0c,IfcElementAssembly,BEAM,UNSPECIFIED,1SB1-1,UNSPECIFIED,8
2mKPL64FHC0OMyHBJ_2b71,IfcElementAssembly,PIPE,UNSPECIFIED,1HR-1,UNSPECIFIED,8
1fnAXwVofCBg3SWg4ZoUCd,IfcElementAssembly,BEAM,UNSPECIFIED,1B3-9,UNSPECIFIED,8
0JW9mCv1fDW8RBn0uxwug7,IfcElementAssembly,BEAM,UNSPECIFIED,1GT2-3(?),UNSPECIFIED,8
29xbF0b6fDbA3wg30Z53Az,IfcElementAssembly,BEAM,UNSPECIFIED,1GT2-2(?),UNSPECIFIED,8
1Iq9Z9555BPBn7KfsYIjhS,IfcElementAssembly,SQUARE TUBES,UNSPECIFIED,1FSD1-4(?),UNSPECIFIED,8
19skU1fuP09uLkTu5LrVYL,IfcElementAssembly,BEAM,UNSPECIFIED,B-0(?),UNSPECIFIED,8
1O9FXgogj7HQmj$JzoNfV6,IfcElementAssembly,BEAM,UNSPECIFIED,B-0(?),UNSPECIFIED,8
1$fBRcyM1A28$aDia_ynbB,IfcElementAssembly,PLATE,UNSPECIFIED,x-0(?),UNSPECIFIED,8
3f9ClsBTrDUOO6gwnc3c1W,IfcElementAssembly,ANCHOR ROD,UNSPECIFIED,z-0(?),UNSPECIFIED,8
3UTvRNsXr21PMYhGjTzfoa,IfcElementAssembly,ANCHOR ROD,UNSPECIFIED,z-0(?),UNSPECIFIED,8
1IY9h699HFMuGGNLh3mw$W,IfcElementAssembly,ANCHOR ROD,UNSPECIFIED,z-0(?),UNSPECIFIED,8
06sQ2Pk_z4evS0N7lPM6ks,IfcElementAssembly,ANCHOR ROD,UNSPECIFIED,z-0(?),UNSPECIFIED,8
2kaynKkbP4MhuTQDQx4C8c,IfcElementAssembly,ANCHOR ROD,UNSPECIFIED,z-0(?),UNSPECIFIED,8
21U$DdBoz7khi_it8Ka4qh,IfcElementAssembly,ANCHOR ROD,UNSPECIFIED,z-0(?),UNSPECIFIED,8
3SPEwEGQD3mATeup6qXktU,IfcElementAssembly,PLATE,UNSPECIFIED,z-0(?),UNSPECIFIED,8
2iOmG1ly1AJw2NA1XGa8QL,IfcElementAssembly,ANCHOR ROD,UNSPECIFIED,z-0(?),UNSPECIFIED,8
3j_wJXjy1FwvNTGFu5BVoS,IfcElementAssembly,ANCHOR ROD,UNSPECIFIED,z-0(?),UNSPECIFIED,8
3wFRVgTRf8b87eLLdS9mPt,IfcElementAssembly,ANCHOR ROD,UNSPECIFIED,z-0(?),UNSPECIFIED,8
2o5_Cu$iXEeuk6Cg8F8$3e,IfcElementAssembly,ANCHOR ROD,UNSPECIFIED,z-0(?),UNSPECIFIED,8
2hawC3EUvFefJLslHBIF1J,IfcElementAssembly,ANCHOR ROD,UNSPECIFIED,z-0(?),UNSPECIFIED,8
0ieqjA2fvAOhyDqjBfW1HE,IfcElementAssembly,ANCHOR ROD,UNSPECIFIED,z-0(?),UNSPECIFIED,8
0jUcMIKkP3sBPTTusbcnrn,IfcElementAssembly,PLATE,UNSPECIFIED,z-0(?),UNSPECIFIED,8
2_eJvt8Kb8zQeqlbfibquy,IfcElementAssembly,ANCHOR ROD,UNSPECIFIED,z-0(?),UNSPECIFIED,8
3LN4DiaFr8Wx1aGtNb4W0i,IfcElementAssembly,ANCHOR ROD,UNSPECIFIED,z-0(?),UNSPECIFIED,8
3zUZVt5Vb5cA8XuHA5EwEZ,IfcElementAssembly,ANCHOR ROD,UNSPECIFIED,z-0(?),UNSPECIFIED,8
1YujNKWJDCEPv3aFzyLjCF,IfcElementAssembly,ANCHOR ROD,UNSPECIFIED,z-0(?),UNSPECIFIED,8
3B7i2VUEf1A9FjzseJdTWp,IfcElementAssembly,ANCHOR ROD,UNSPECIFIED,z-0(?),UNSPECIFIED,8
35LvUKifvEPPC2mRobIDd3,IfcElementAssembly,ANCHOR ROD,UNSPECIFIED,z-0(?),UNSPECIFIED,8
2VAJul6qP7futFDdxd6FhG,IfcElementAssembly,PLATE,UNSPECIFIED,z-0(?),UNSPECIFIED,8
2QaoEGFmr2jBpy3gHthHAq,IfcElementAssembly,ANCHOR ROD,UNSPECIFIED,z-0(?),UNSPECIFIED,8
3xBZQWdyjBauNA$cF46kEG,IfcElementAssembly,ANCHOR ROD,UNSPECIFIED,z-0(?),UNSPECIFIED,8
1qIvFm48PBWvEgOuEcMMZh,IfcElementAssembly,ANCHOR ROD,UNSPECIFIED,z-0(?),UNSPECIFIED,8
0PJ3piOPT0GP$KPFe_gB_$,IfcElementAssembly,ANCHOR ROD,UNSPECIFIED,z-0(?),UNSPECIFIED,8
2$vbZLo01D_h4HK3Hmw0B7,IfcElementAssembly,ANCHOR ROD,UNSPECIFIED,z-0(?),UNSPECIFIED,8
0C$f7QfePD9fZY4X4XG_m9,IfcElementAssembly,ANCHOR ROD,UNSPECIFIED,z-0(?),UNSPECIFIED,8
3ypQkvdCn3KPQPA3Wd1wtk,IfcElementAssembly,PLATE,UNSPECIFIED,z-0(?),UNSPECIFIED,8
0AuJXeZUL8zeWCj4e_iDT$,IfcElementAssembly,ANCHOR ROD,UNSPECIFIED,z-0(?),UNSPECIFIED,8
0gY$Zv6L96NOZTOJ$orD2S,IfcElementAssembly,ANCHOR ROD,UNSPECIFIED,z-0(?),UNSPECIFIED,8
2ySDXCjx9E5P6oLohJHWHv,IfcElementAssembly,ANCHOR ROD,UNSPECIFIED,z-0(?),UNSPECIFIED,8
0LZZEhfOn9uvZY9OHX4HKd,IfcElementAssembly,ANCHOR ROD,UNSPECIFIED,z-0(?),UNSPECIFIED,8
09HFyYx65BQw9wKn2oDbs1,IfcElementAssembly,ANCHOR ROD,UNSPECIFIED,z-0(?),UNSPECIFIED,8
16xUIQkfL9Ifls4pe1JP_n,IfcElementAssembly,ANCHOR ROD,UNSPECIFIED,z-0(?),UNSPECIFIED,8
1_xhY7RtD5bgoC6He1OAvX,IfcElementAssembly,PLATE,UNSPECIFIED,z-0(?),UNSPECIFIED,8
1swk9cfVf63xJFYSuvlJUp,IfcElementAssembly,ANCHOR ROD,UNSPECIFIED,z-0(?),UNSPECIFIED,8
2Iu6vbWx93shbD3NI73A9f,IfcElementAssembly,ANCHOR ROD,UNSPECIFIED,z-0(?),UNSPECIFIED,8
1cgORe4WPF_hG_8Tzp5ytg,IfcElementAssembly,ANCHOR ROD,UNSPECIFIED,z-0(?),UNSPECIFIED,8
2RjDR9sH9CZ9uwVg4h7fV2,IfcElementAssembly,ANCHOR ROD,UNSPECIFIED,z-0(?),UNSPECIFIED,8
1NufFsb6vEpu8W_efBD1ZH,IfcElementAssembly,ANCHOR ROD,UNSPECIFIED,z-0(?),UNSPECIFIED,8
2l5$k98wj7X8dUucTH$FtE,IfcElementAssembly,ANCHOR ROD,UNSPECIFIED,z-0(?),UNSPECIFIED,8
0o6oORMvDC6OZ3Q3A71IQw,IfcElementAssembly,PLATE,UNSPECIFIED,z-0(?),UNSPECIFIED,8
02$UmwQEPCVAG2$Omi7ChX,IfcElementAssembly,PLATE,UNSPECIFIED,z-0(?),UNSPECIFIED,8
01If1w$Fn3WBzxCojKJW4K,IfcElementAssembly,ANCHOR ROD,UNSPECIFIED,z-0(?),UNSPECIFIED,8
1lID8LmYv2MABgtIj3O64_,IfcElementAssembly,ANCHOR ROD,UNSPECIFIED,z-0(?),UNSPECIFIED,8
30fV24fwr53Qy4Zyftyisn,IfcElementAssembly,ANCHOR ROD,UNSPECIFIED,z-0(?),UNSPECIFIED,8
2plC7FQ8v6jveflULSGKGI,IfcElementAssembly,ANCHOR ROD,UNSPECIFIED,z-0(?),UNSPECIFIED,8
0LfiRQvzX8qQ2C2RSmyEr3,IfcElementAssembly,ANCHOR ROD,UNSPECIFIED,z-0(?),UNSPECIFIED,8
2gO$$dyg5BMPkC57eDFZrH,IfcElementAssembly,ANCHOR ROD,UNSPECIFIED,z-0(?),UNSPECIFIED,8
35jKw9q$zCKe8CZeoBQ87b,IfcElementAssembly,PLATE,UNSPECIFIED,z-0(?),UNSPECIFIED,8
3O7zIaXq91Y85kiPlhWPQN,IfcElementAssembly,ANCHOR ROD,UNSPECIFIED,z-0(?),UNSPECIFIED,8
22BDv5epLFQRGUmXsqGiRu,IfcElementAssembly,ANCHOR ROD,UNSPECIFIED,z-0(?),UNSPECIFIED,8
0r6APkgAvFTBoZi54ZhIm3,IfcElementAssembly,ANCHOR ROD,UNSPECIFIED,z-0(?),UNSPECIFIED,8
2byimk7T9AphbpP16uuRaR,IfcElementAssembly,ANCHOR ROD,UNSPECIFIED,z-0(?),UNSPECIFIED,8
1QjPktSZTDORTc1Fv13MdX,IfcElementAssembly,ANCHOR ROD,UNSPECIFIED,z-0(?),UNSPECIFIED,8
3qhhbkh3nAOxxrVobCT8Jm,IfcElementAssembly,ANCHOR ROD,UNSPECIFIED,z-0(?),UNSPECIFIED,8
2MqhYPd6H0uOzBp7G9OZeq,IfcElementAssembly,PLATE,UNSPECIFIED,z-0(?),UNSPECIFIED,8
0QzcZraKz16PP0AT3sug33,IfcElementAssembly,ANCHOR ROD,UNSPECIFIED,z-0(?),UNSPECIFIED,8
0azX3Hum5Dnw$XzdR1wrLC,IfcElementAssembly,ANCHOR ROD,UNSPECIFIED,z-0(?),UNSPECIFIED,8
0_b6j0S952p87PNov3Sznp,IfcElementAssembly,ANCHOR ROD,UNSPECIFIED,z-0(?),UNSPECIFIED,8
2ZNK65ZiTC1x6hPFbRe$yH,IfcElementAssembly,ANCHOR ROD,UNSPECIFIED,z-0(?),UNSPECIFIED,8
1jNbgZL2jCxQAqqXEVfaWo,IfcElementAssembly,ANCHOR ROD,UNSPECIFIED,z-0(?),UNSPECIFIED,8
2G9pmZGLP0Ux7M8WJQgHDf,IfcElementAssembly,ANCHOR ROD,UNSPECIFIED,z-0(?),UNSPECIFIED,8
3kYH$qYmX0$BhgLC7MVvnS,IfcElementAssembly,PLATE,UNSPECIFIED,z-0(?),UNSPECIFIED,8
0bd5h$UGH4vONjZEXjCBu1,IfcElementAssembly,ANCHOR ROD,UNSPECIFIED,z-0(?),UNSPECIFIED,8
1UYUebA59BiundNnuRft7e,IfcElementAssembly,ANCHOR ROD,UNSPECIFIED,z-0(?),UNSPECIFIED,8
0tWTXWxwbCRh1OX9yAgTMf,IfcElementAssembly,ANCHOR ROD,UNSPECIFIED,z-0(?),UNSPECIFIED,8
0pc_C6Xqn53OEhlRlOImhx,IfcElementAssembly,ANCHOR ROD,UNSPECIFIED,z-0(?),UNSPECIFIED,8
1Vf59iGVH61vJ2$WcyxYGC,IfcElementAssembly,ANCHOR ROD,UNSPECIFIED,z-0(?),UNSPECIFIED,8
2SxevQt3rFGBK29k$XEkS7,IfcElementAssembly,ANCHOR ROD,UNSPECIFIED,z-0(?),UNSPECIFIED,8
3rIu7w3xXFCOO2yY8c2zoV,IfcElementAssembly,ANCHOR ROD,UNSPECIFIED,z-0(?),UNSPECIFIED,8
1_B1r7l9P7fRyGtsuxd7TG,IfcElementAssembly,ANCHOR ROD,UNSPECIFIED,z-0(?),UNSPECIFIED,8
3t8AxeRFnFMOx2cDyj0Ud4,IfcElementAssembly,ANCHOR ROD,UNSPECIFIED,z-0(?),UNSPECIFIED,8
2nk1lLbWX2Rf4GnOMQtExT,IfcElementAssembly,ANCHOR ROD,UNSPECIFIED,z-0(?),UNSPECIFIED,8
30$yI3hzL0Bew9KAMBLh3O,IfcElementAssembly,ANCHOR ROD,UNSPECIFIED,z-0(?),UNSPECIFIED,8
2EVpt$zFHE$BDvG1YnrSg7,IfcElementAssembly,ANCHOR ROD,UNSPECIFIED,z-0(?),UNSPECIFIED,8
3mHbh0gITBdQrxItLvv1sd,IfcElementAssembly,PLATE,UNSPECIFIED,z-0(?),UNSPECIFIED,8
0y02tU2Az2qvsIanfyR$TP,IfcElementAssembly,ANCHOR ROD,UNSPECIFIED,z-0(?),UNSPECIFIED,8
31N0wu$Of4h9pJrQ0DNBF7,IfcElementAssembly,ANCHOR ROD,UNSPECIFIED,z-0(?),UNSPECIFIED,8
3YirhSVBTED9I02RD45zpY,IfcElementAssembly,ANCHOR ROD,UNSPECIFIED,z-0(?),UNSPECIFIED,8
1or5_TSR58C9D5tWodb$FP,IfcElementAssembly,ANCHOR ROD,UNSPECIFIED,z-0(?),UNSPECIFIED,8
1i_FYm3An1XvY0696tpXJa,IfcElementAssembly,PLATE,UNSPECIFIED,z-0(?),UNSPECIFIED,8
24o53I9wvBCeRblCDpIKGY,IfcElementAssembly,ANCHOR ROD,UNSPECIFIED,z-0(?),UNSPECIFIED,8
2n$qVVGozAiAAKsOL76TR1,IfcElementAssembly,ANCHOR ROD,UNSPECIFIED,z-0(?),UNSPECIFIED,8
2t8B9JVAz0bBUwuAEyto5l,IfcElementAssembly,ANCHOR ROD,UNSPECIFIED,z-0(?),UNSPECIFIED,8
005WrNi0HBURYlAEWxPDuw,IfcElementAssembly,ANCHOR ROD,UNSPECIFIED,z-0(?),UNSPECIFIED,8
1XfR9vxcz3ef1zgwoHndQ9,IfcElementAssembly,PLATE,UNSPECIFIED,z-0(?),UNSPECIFIED,8
2DlWcc7YX45ggySjQZpltG,IfcElementAssembly,ANCHOR ROD,UNSPECIFIED,z-0(?),UNSPECIFIED,8
27KjMGC5PDkh96dYBtYUAN,IfcElementAssembly,ANCHOR ROD,UNSPECIFIED,z-0(?),UNSPECIFIED,8
2r$WODyLDANAMwBUDQ$hvQ,IfcElementAssembly,ANCHOR ROD,UNSPECIFIED,z-0(?),UNSPECIFIED,8
3F_iM80e1AZf2lfv7bswNn,IfcElementAssembly,ANCHOR ROD,UNSPECIFIED,z-0(?),UNSPECIFIED,8
1esMgl_LX76xOLnqNIkUA8,IfcElementAssembly,PLATE,UNSPECIFIED,z-0(?),UNSPECIFIED,8
2bhRUkgvL7ewv0Z7tQzhvP,IfcElementAssembly,ANCHOR ROD,UNSPECIFIED,z-0(?),UNSPECIFIED,8
2r7T59t$jBZhM8eQltIe8d,IfcElementAssembly,ANCHOR ROD,UNSPECIFIED,z-0(?),UNSPECIFIED,8
2dQwsa27L9vum0iHTweikA,IfcElementAssembly,ANCHOR ROD,UNSPECIFIED,z-0(?),UNSPECIFIED,8
0zKkG0Mqv0Ax2F3SfUAQwU,IfcElementAssembly,ANCHOR ROD,UNSPECIFIED,z-0(?),UNSPECIFIED,8
0SPLmjaKDCsu$ivbFelOBA,IfcElementAssembly,PLATE,UNSPECIFIED,z-0(?),UNSPECIFIED,8
1hiPfoepDCg8KezWd6FN$T,IfcElementAssembly,PLATE,UNSPECIFIED,z-0(?),UNSPECIFIED,8
2S186ef9XAMOiHaLVizYNx,IfcElementAssembly,PLATE,UNSPECIFIED,z-0(?),UNSPECIFIED,8
20pkm7UpL23A9IKnEImVMe,IfcElementAssembly,ANCHOR ROD,UNSPECIFIED,z-0(?),UNSPECIFIED,8
2x7XthUkX0GBac0Mo7IGvQ,IfcElementAssembly,ANCHOR ROD,UNSPECIFIED,z-0(?),UNSPECIFIED,8
0c0EyAMcXDRPABYrkEd2Y_,IfcElementAssembly,ANCHOR ROD,UNSPECIFIED,z-0(?),UNSPECIFIED,8
2OuW9yb8fCvedlf71sQ$bW,IfcElementAssembly,ANCHOR ROD,UNSPECIFIED,z-0(?),UNSPECIFIED,8
2chx138MH7R9CGKxj116OH,IfcElementAssembly,SQUARE TUBES,UNSPECIFIED,1FSD-7(?),UNSPECIFIED,8
0Z_gpWIBf4uxDYsMEFypSu,IfcElementAssembly,ANCHOR ROD,UNSPECIFIED,z-0(?),UNSPECIFIED,8
01nw6KMcj3ZByMsb5IF5qr,IfcElementAssembly,ANCHOR ROD,UNSPECIFIED,z-0(?),UNSPECIFIED,8
08rlkiJBzCqfIDyrQja$pR,IfcElementAssembly,ANCHOR ROD,UNSPECIFIED,z-0(?),UNSPECIFIED,8
3F_KyQePz2TOE16$x33nX2,IfcElementAssembly,ANCHOR ROD,UNSPECIFIED,z-0(?),UNSPECIFIED,8
3YiW6W1DH9fRKZBMwWzgqE,IfcElementAssembly,ANCHOR ROD,UNSPECIFIED,z-0(?),UNSPECIFIED,8
3K1XqEa1z0WQ7nKgT3gerV,IfcElementAssembly,ANCHOR ROD,UNSPECIFIED,z-0(?),UNSPECIFIED,8
2_clLG4pP5z9mOEYYvTYLQ,IfcElementAssembly,ANCHOR ROD,UNSPECIFIED,z-0(?),UNSPECIFIED,8
1OtOut3E11x8eJgpgT6QeT,IfcElementAssembly,ANCHOR ROD,UNSPECIFIED,z-0(?),UNSPECIFIED,8
3flN7b_jP9gR7JwHrTj$jv,IfcElementAssembly,PIPE,UNSPECIFIED,1SP1-1,UNSPECIFIED,8
3brLsBU4XDLAUTYKsQjxxE,IfcElementAssembly,CHANNAL,UNSPECIFIED,1C75-2,UNSPECIFIED,8
3_9d1TDm9CRefe6SzXcYHz,IfcElementAssembly,PIPE,UNSPECIFIED,1SP1-4,UNSPECIFIED,8
1XXvz8i0bC5BhIs5aa8xpg,IfcElementAssembly,PIPE,UNSPECIFIED,1SP1-7,UNSPECIFIED,8
0ZApZBPBnD$Ba7gqdAHHkQ,IfcElementAssembly,SQUARE TUBES,UNSPECIFIED,4T2-4,UNSPECIFIED,8
1DNcKoCVL8yPd8IhOmIdsf,IfcElementAssembly,SQUARE TUBES,UNSPECIFIED,4T2-3,UNSPECIFIED,8
0pL1l4vev8URdUD1jyypck,IfcElementAssembly,SQUARE TUBES,UNSPECIFIED,4T2-2,UNSPECIFIED,8
1BDl1c43fAnugZBNoQ$W1Y,IfcElementAssembly,SQUARE TUBES,UNSPECIFIED,4T3-9,UNSPECIFIED,8
1_NQ1106j17gRpaSLKNtaf,IfcElementAssembly,SQUARE TUBES,UNSPECIFIED,4T3-1,UNSPECIFIED,8
1V9jmYiS93kPuHRQ0ifQtR,IfcElementAssembly,SQUARE TUBES,UNSPECIFIED,4T3-5,UNSPECIFIED,8
142aM$WUP9IuGKkmZuNRjx,IfcElementAssembly,SQUARE TUBES,UNSPECIFIED,4T3-7,UNSPECIFIED,8
0ln7$7VF9BVh8LAFK90I__,IfcElementAssembly,SQUARE TUBES,UNSPECIFIED,4T3-11,UNSPECIFIED,8
1oJsO7SuvDlPw9uN5YLWTw,IfcElementAssembly,SQUARE TUBES,UNSPECIFIED,4T3-13,UNSPECIFIED,8
35YfM1kJr1pPi3oUQ4yXc7,IfcElementAssembly,SQUARE TUBES,UNSPECIFIED,4T3-12,UNSPECIFIED,8
1ZXr8aIef9RPPI8qu4uz6m,IfcElementAssembly,SQUARE TUBES,UNSPECIFIED,4T3-10,UNSPECIFIED,8
3J6PpY$C99exV7QOzgcKqb,IfcElementAssembly,SQUARE TUBES,UNSPECIFIED,4T3-8,UNSPECIFIED,8
0Zczp$Q3jAPxFfeDtRFQjB,IfcElementAssembly,SQUARE TUBES,UNSPECIFIED,4T3-6,UNSPECIFIED,8
3Jyz1ll$n9VRY4V5XrNh2O,IfcElementAssembly,SQUARE TUBES,UNSPECIFIED,4T3-4,UNSPECIFIED,8
3uAWI06yDAu82r2MBE8urK,IfcElementAssembly,SQUARE TUBES,UNSPECIFIED,4T3-3,UNSPECIFIED,8
1$Ms$LHvf62R14sKaXSGoO,IfcElementAssembly,SQUARE TUBES,UNSPECIFIED,4T3-2,UNSPECIFIED,8
3e0cH8w1fD1APYkGIReEI_,IfcElementAssembly,SQUARE TUBES,UNSPECIFIED,4T3-12,UNSPECIFIED,8
17GF_hai92XuAy9wYb6p_F,IfcElementAssembly,SQUARE TUBES,UNSPECIFIED,4T3-10,UNSPECIFIED,8
3RGpCJJ19D5QPUJw33CxPo,IfcElementAssembly,SQUARE TUBES,UNSPECIFIED,4T3-8,UNSPECIFIED,8
04cZ1tYYvCeP_M01b3GRp8,IfcElementAssembly,SQUARE TUBES,UNSPECIFIED,4T3-6,UNSPECIFIED,8
3xGxGvE2D029hkFxWC2yxF,IfcElementAssembly,BEAM,UNSPECIFIED,1SB2-4,UNSPECIFIED,8
3CxUFHi3X4n949qbQozcq9,IfcElementAssembly,BEAM,UNSPECIFIED,1SB2-1,UNSPECIFIED,8
3F06QtHBvEJOSwFm5xcj6V,IfcElementAssembly,BEAM,UNSPECIFIED,1H3-2(?),UNSPECIFIED,8
1QN9gQ_Sj8gf3HIRWdJ7Gy,IfcElementAssembly,ANCHOR ROD,UNSPECIFIED,z-0(?),UNSPECIFIED,8
3EuecfE2b75PxctSv4mWxI,IfcElementAssembly,ANCHOR ROD,UNSPECIFIED,z-0(?),UNSPECIFIED,8
2v$HoJBq53tQUntbp7GIhu,IfcElementAssembly,ANCHOR ROD,UNSPECIFIED,z-0(?),UNSPECIFIED,8
1OcLlwVRf9uugJWW1GFVrw,IfcElementAssembly,ANCHOR ROD,UNSPECIFIED,z-0(?),UNSPECIFIED,8
2jNwx5pkfChPtrcCp3lLEg,IfcElementAssembly,ANCHOR ROD,UNSPECIFIED,z-0(?),UNSPECIFIED,8
1y9BYdyP16GA4EK$GrC9cd,IfcElementAssembly,ANCHOR ROD,UNSPECIFIED,z-0(?),UNSPECIFIED,8
33bj2SU7HECx0JXFKna5MP,IfcElementAssembly,PIPE,UNSPECIFIED,1SP1-2,UNSPECIFIED,8
10RNQfchv6hulMSHK10DGA,IfcElementAssembly,CORBEL,UNSPECIFIED,1CB-3,UNSPECIFIED,8
0QXKkv7IXB2vRTSdtE5BH9,IfcElementAssembly,ANCHOR ROD,UNSPECIFIED,z-0(?),UNSPECIFIED,8
2NqQD5IPbAqRETAYecJ9kO,IfcElementAssembly,ANCHOR ROD,UNSPECIFIED,z-0(?),UNSPECIFIED,8
1JFj0D9Af8wBGJok2qmVpd,IfcElementAssembly,ANCHOR ROD,UNSPECIFIED,z-0(?),UNSPECIFIED,8
0dd_Kqa_X7_Bd6B2JP86dN,IfcElementAssembly,ANCHOR ROD,UNSPECIFIED,z-0(?),UNSPECIFIED,8
154PS9yk50cOfvBSF7xKXH,IfcElementAssembly,BRACING,UNSPECIFIED,1BX19-1,UNSPECIFIED,8
2FN5aqsGT3sh$xvvko$vjV,IfcElementAssembly,BRACING,UNSPECIFIED,1BX19-1,UNSPECIFIED,8
12wWewsSb5z9eOpK3CSl4a,IfcElementAssembly,BRACING,UNSPECIFIED,1BX19-1,UNSPECIFIED,8
1UHqSa271Aq8i$xoKEhIrj,IfcElementAssembly,CORBEL,UNSPECIFIED,1CB-7,UNSPECIFIED,8
3a$S490vnABh9J_7QFtJpw,IfcElementAssembly,ANCHOR ROD,UNSPECIFIED,z-0(?),UNSPECIFIED,8
0ryLzJ0Ln1_ODmL7eSs0M6,IfcElementAssembly,ANCHOR ROD,UNSPECIFIED,z-0(?),UNSPECIFIED,8
3rfNI0JyP9eP9uMAYoJ9V$,IfcElementAssembly,ANCHOR ROD,UNSPECIFIED,z-0(?),UNSPECIFIED,8
2fErndInn9YxTFDj7L2NgR,IfcElementAssembly,ANCHOR ROD,UNSPECIFIED,z-0(?),UNSPECIFIED,8
0CWR6RPLj4lhYMSlDDwpy_,IfcElementAssembly,ANCHOR ROD,UNSPECIFIED,z-0(?),UNSPECIFIED,8
2wGj71quTF4wxIJ0jj_ioW,IfcElementAssembly,ANCHOR ROD,UNSPECIFIED,z-0(?),UNSPECIFIED,8
2YDDKTdG9DEPj_fxCMwQvD,IfcElementAssembly,ANCHOR ROD,UNSPECIFIED,z-0(?),UNSPECIFIED,8
1V1VSajVPCOvhd9Yx8wdcL,IfcElementAssembly,ANCHOR ROD,UNSPECIFIED,z-0(?),UNSPECIFIED,8
1JPocOxczDiumdJneqBwCf,IfcElementAssembly,ANCHOR ROD,UNSPECIFIED,z-0(?),UNSPECIFIED,8
37r1Nzq$z0p9avq09uV28o,IfcElementAssembly,ANCHOR ROD,UNSPECIFIED,z-0(?),UNSPECIFIED,8
1PVnAeqi94IRJ_k2vTEZvM,IfcDiscreteAccessory,BACKINGBAR,PL9x25,P-0(?),STEEL/SS400,17
1VnWe9mx912gC_F5CGzpTt,IfcDiscreteAccessory,BACKINGBAR,PL9x25,P-0(?),STEEL/SS400,17
1QbR5ZR1T6jwQisCSFqpF1,IfcDiscreteAccessory,BACKINGBAR,PL9x25,P-0(?),STEEL/SS400,17
1pS8DXEfv0TQo5izVeguBo,IfcDiscreteAccessory,BACKINGBAR,PL9x25,P-0(?),STEEL/SS400,17
15G0tx3zjFZRDWs83zZlRI,IfcDiscreteAccessory,BACKINGBAR,PL9x25,P-0(?),STEEL/SS400,17
01doAE1gj5sx$MVXVKq4i2,IfcDiscreteAccessory,PIPE,SHS75*75*2.3,x-0(?),STEEL/SS400,17
31x6O$xVjFRh2223Pocgvv,IfcDiscreteAccessory,PIPE,SHS75*75*2.3,x-0(?),STEEL/SS400,17
1evIKW4M57$P5AOm1yK7NC,IfcDiscreteAccessory,PIPE,SHS75*75*2.3,x-0(?),STEEL/SS400,17
3OXgMK761Cvv_6lQktHyyV,IfcDiscreteAccessory,PIPE,SHS75*75*2.3,x-0(?),STEEL/SS400,17
3gTK9ISln6JxO7p0MM0KS1,IfcDiscreteAccessory,PIPE,SHS75*75*2.3,x-0(?),STEEL/SS400,17
05BKoANH96DRPzEosO2eNG,IfcDiscreteAccessory,PIPE,SHS75*75*2.3,x-0(?),STEEL/SS400,17
27AZ4wQfH8SvlVHncaKfYS,IfcDiscreteAccessory,PIPE,SHS75*75*2.3,x-0(?),STEEL/SS400,17
1Q9xVXthTEvQN9LlqWqGE6,IfcDiscreteAccessory,PIPE,SHS75*75*2.3,x-0(?),STEEL/SS400,17
0zX5bQGBjFcBDH0LJVDLOo,IfcDiscreteAccessory,PIPE,SHS75*75*2.3,x-0(?),STEEL/SS400,17
0fKdzVquv1zfv$tdVhebr9,IfcDiscreteAccessory,PIPE,SHS75*75*2.3,x-0(?),STEEL/SS400,17
1g_yD56tHCeg_Epefust1_,IfcDiscreteAccessory,PIPE,SHS75*75*2.3,x-0(?),STEEL/SS400,17
2dWwTfi7z8JhzgdlxwYEx6,IfcDiscreteAccessory,CHECKER PLATE,CHK4.5x594,x-0(?),STEEL/SS400,17
1sYp34wEPFegncDVAnsvNT,IfcDiscreteAccessory,PIPE,SHS75*75*2.3,x-0(?),STEEL/SS400,17
070KVyjRT4qAqwmnUpIZGu,IfcDiscreteAccessory,PIPE,SHS75*75*2.3,x-0(?),STEEL/SS400,17
3jBeZfDpj2GRHM8MkkkKxu,IfcDiscreteAccessory,PIPE,SHS75*75*2.3,x-0(?),STEEL/SS400,17
1_JwTf8nL8wxddcSjiHgM_,IfcDiscreteAccessory,CHECKER PLATE,CHK4.5x594,x-0(?),STEEL/SS400,17
1V1SnB1dbFtPGmQKVyHrvs,IfcDiscreteAccessory,CHECKER PLATE,CHK4.5x594,x-0(?),STEEL/SS400,17
10caoq9mbDiPr2kTWI_CRz,IfcDiscreteAccessory,CHECKER PLATE,CHK4.5x594,x-0(?),STEEL/SS400,17
1NWRGPX6f3Iv$kgGv5xCJp,IfcDiscreteAccessory,PIPE,SHS75*75*2.3,x-0(?),STEEL/SS400,17
27$m4VyIz5DBQz2YOIes3Y,IfcDiscreteAccessory,PIPE,SHS75*75*2.3,x-0(?),STEEL/SS400,17
1tKG6ZfKDAgBbKrlK0oDgT,IfcDiscreteAccessory,PIPE,SHS75*75*2.3,x-0(?),STEEL/SS400,17
0YXX4$mLD6jflwL2qjSfNj,IfcDiscreteAccessory,PIPE,SHS75*75*2.3,x-0(?),STEEL/SS400,17
1JgAO0l_DCqAtRyffC_BbL,IfcDiscreteAccessory,CHECKER PLATE,CHK4.5x594,x-0(?),STEEL/SS400,17
02P06ZW8T488k40$yus$y9,IfcDiscreteAccessory,PIPE,SHS75*75*2.3,x-0(?),STEEL/SS400,17
2zvKdvaf10hQYnw2iQm9Q$,IfcDiscreteAccessory,PIPE,SHS75*75*2.3,x-0(?),STEEL/SS400,17
0dQg_jr_f6PwrV$qR5ZY6A,IfcDiscreteAccessory,PIPE,SHS75*75*2.3,x-0(?),STEEL/SS400,17
0Uk_vigZP7fQpXPUGn2hEU,IfcDiscreteAccessory,CHECKER PLATE,CHK4.5x594,x-0(?),STEEL/SS400,17
3LLhseooP0UQxGW9YywWpx,IfcDiscreteAccessory,CHECKER PLATE,CHK4.5x594,x-0(?),STEEL/SS400,17
1Rwe95c2PAdhMTPPBAqZE6,IfcDiscreteAccessory,CHECKER PLATE,CHK4.5x594,x-0(?),STEEL/SS400,17
0hdp6CWir1ggD8kOabIva9,IfcDiscreteAccessory,PIPE,SHS75*75*2.3,x-0(?),STEEL/SS400,17
0l2nBPZ3v7XfueDzZqfkkZ,IfcDiscreteAccessory,PIPE,SHS75*75*2.3,x-0(?),STEEL/SS400,17
3etxUvpRDFsuBQotqO5qZb,IfcDiscreteAccessory,CHECKER PLATE,CHK4.5x594,x-0(?),STEEL/SS400,17
3rczMju6fB3OhoHfjdzBC7,IfcDiscreteAccessory,CHECKER PLATE,CHK4.5x594,x-0(?),STEEL/SS400,17
3lQEfl$fj1QQksQ5gfoWeR,IfcDiscreteAccessory,CHECKER PLATE,CHK4.5x594,x-0(?),STEEL/SS400,17
1RSGj2lGD7FghxdrC60rmN,IfcDiscreteAccessory,PIPE,SHS75*75*2.3,x-0(?),STEEL/SS400,17
3pzVjzGc17Qw214zZ4ZwBm,IfcDiscreteAccessory,PIPE,SHS75*75*2.3,x-0(?),STEEL/SS400,17
0XqTTWzZ92GOnjy2G9D8Lz,IfcDiscreteAccessory,PIPE,SHS75*75*2.3,x-0(?),STEEL/SS400,17
3RJ$Jsw$501P0xUCeKhDmY,IfcDiscreteAccessory,PIPE,SHS75*75*2.3,x-0(?),STEEL/SS400,17
1$gBGfMD59BgPXlG1GU_I9,IfcDiscreteAccessory,PIPE,SHS75*75*2.3,x-0(?),STEEL/SS400,17
34gwpQx9rB8xL8z0imCz0e,IfcDiscreteAccessory,PIPE,SHS75*75*2.3,x-0(?),STEEL/SS400,17
2qhZj7z7rDKxTaLOOzhZxL,IfcDiscreteAccessory,PIPE,SHS75*75*2.3,x-0(?),STEEL/SS400,17
2TR3Gx8Rn5hhf3ZBru_VV6,IfcDiscreteAccessory,PIPE,SHS75*75*2.3,x-0(?),STEEL/SS400,17
1kAtqpNOT4Yv3Gcn$MozwB,IfcDiscreteAccessory,PIPE,SHS75*75*2.3,x-0(?),STEEL/SS400,17
2$QNOCLUrFYgGLNJWgu$Cd,IfcDiscreteAccessory,PIPE,SHS75*75*2.3,x-0(?),STEEL/SS400,17
23FxLdYrn9YPT7sHLrzZC9,IfcDiscreteAccessory,CHECKER PLATE,CHK4.5x594,x-0(?),STEEL/SS400,17
2DGCKN_XP1TgwbixwIZ1S9,IfcDiscreteAccessory,CHECKER PLATE,CHK4.5x594,x-0(?),STEEL/SS400,17
10s6UWoGPBV8cv8Vzrb4l5,IfcDiscreteAccessory,CHECKER PLATE,CHK4.5x594,x-0(?),STEEL/SS400,17
06hvllRpL9Au_l3IMY1Tn3,IfcDiscreteAccessory,PIPE,SHS75*75*2.3,x-0(?),STEEL/SS400,17
1MdDDiMP92L9fEeZGcO7xB,IfcDiscreteAccessory,PIPE,SHS75*75*2.3,x-0(?),STEEL/SS400,17
2Tbth2hPv4Duk_wIQbJmbX,IfcDiscreteAccessory,PIPE,SHS75*75*2.3,x-0(?),STEEL/SS400,17
2LTO465WHASeb$b1XvQJzc,IfcDiscreteAccessory,PIPE,SHS75*75*2.3,x-0(?),STEEL/SS400,17
0okIcSJ8H2hgmbVw9ig059,IfcDiscreteAccessory,PIPE,SHS75*75*2.3,x-0(?),STEEL/SS400,17
2Jbg_bRujEoxeXi9YmLQoP,IfcDiscreteAccessory,PIPE,SHS75*75*2.3,x-0(?),STEEL/SS400,17
0OeM9l0o1DfhWo3cljj_vi,IfcDiscreteAccessory,PIPE,SHS75*75*2.3,x-0(?),STEEL/SS400,17
1fFeeHBGj3FwQqZL6hbfWG,IfcDiscreteAccessory,PIPE,SHS75*75*2.3,x-0(?),STEEL/SS400,17
0VPJ8G0In8xgUu_y_VCrUX,IfcDiscreteAccessory,PIPE,SHS75*75*2.3,x-0(?),STEEL/SS400,17
1fgy2p5G58_wPrjowgn0dA,IfcDiscreteAccessory,PIPE,SHS75*75*2.3,x-0(?),STEEL/SS400,17
351uYVhMX8PRjNodA3Y3mR,IfcDiscreteAccessory,PIPE,SHS75*75*2.3,x-0(?),STEEL/SS400,17
1VMJHVBD10bviPipOWB3GL,IfcDiscreteAccessory,PIPE,SHS75*75*2.3,x-0(?),STEEL/SS400,17
2drELjhcz5rwkVgzeRcCIy,IfcDiscreteAccessory,PIPE,SHS75*75*2.3,x-0(?),STEEL/SS400,17
2SAO94DM99IxCPztGTCnnH,IfcDiscreteAccessory,PIPE,SHS75*75*2.3,x-0(?),STEEL/SS400,17
3hgIuFTCvFC9MbSdDMB7Sw,IfcDiscreteAccessory,PIPE,SHS75*75*2.3,x-0(?),STEEL/SS400,17
0TTW5CRRL39AXLi36oUV5Z,IfcDiscreteAccessory,PIPE,SHS75*75*2.3,x-0(?),STEEL/SS400,17
2pcxR_uGjDjR7ibkNvJ0_l,IfcDiscreteAccessory,PIPE,SHS75*75*2.3,x-0(?),STEEL/SS400,17
24LjjTmoHCSxcDjYJvO_Vv,IfcDiscreteAccessory,PIPE,SHS75*75*2.3,x-0(?),STEEL/SS400,17
0GZj9IZqrCSh9$tC3wuiWe,IfcDiscreteAccessory,PIPE,SHS75*75*2.3,x-0(?),STEEL/SS400,17
1QJTbCs2D5IA2qEM2PriSE,IfcDiscreteAccessory,PIPE,SHS75*75*2.3,x-0(?),STEEL/SS400,17
1Fu8Y78fr96A_9M4dZ7M35,IfcDiscreteAccessory,CHECKER PLATE,CHK4.5x594,x-0(?),STEEL/SS400,17
1dy$_yVgj90P5dt4KyM2L3,IfcDiscreteAccessory,CHECKER PLATE,CHK4.5x594,x-0(?),STEEL/SS400,17
1iJUyPLor5Wuw$MMCx5eww,IfcDiscreteAccessory,CHECKER PLATE,CHK4.5x594,x-0(?),STEEL/SS400,17
0ABzlYgL93YQsDOBxa_93k,IfcDiscreteAccessory,PIPE,SHS75*75*2.3,x-0(?),STEEL/SS400,17
255lbax3b1jBqB5OQRaXdg,IfcDiscreteAccessory,PIPE,SHS75*75*2.3,x-0(?),STEEL/SS400,17
0t723_XOXCtP7v1qfsIcbR,IfcDiscreteAccessory,PIPE,SHS75*75*2.3,x-0(?),STEEL/SS400,17
1_u8RYkP5AbOgF1yz05m_K,IfcDiscreteAccessory,PIPE,SHS75*75*2.3,x-0(?),STEEL/SS400,17
2H17x_jGPFbRy9EtOXjyWX,IfcDiscreteAccessory,PIPE,SHS75*75*2.3,x-0(?),STEEL/SS400,17
3ATLyxD61E9eg9LvQ6lBJV,IfcDiscreteAccessory,PIPE,SHS75*75*2.3,x-0(?),STEEL/SS400,17
1eot1tw$939wynzKsRUu7v,IfcDiscreteAccessory,PIPE,SHS75*75*2.3,x-0(?),STEEL/SS400,17
1ezt7s4Gr8BhjlPxJYdTie,IfcDiscreteAccessory,PIPE,SHS75*75*2.3,x-0(?),STEEL/SS400,17
0app3n_0X4JAtZatuGgSY4,IfcDiscreteAccessory,PIPE,SHS75*75*2.3,x-0(?),STEEL/SS400,17
3qLx$rSDj7$xQCcusK1Lt_,IfcDiscreteAccessory,PIPE,SHS75*75*2.3,x-0(?),STEEL/SS400,17
0OWoLs5uTD69Y0k_eLEc9Q,IfcDiscreteAccessory,PIPE,SHS75*75*2.3,x-0(?),STEEL/SS400,17
0FtdjQ0oT32fSd$F9r0oXp,IfcDiscreteAccessory,PIPE,SHS75*75*2.3,x-0(?),STEEL/SS400,17
2lN5xh3D11xvRa2JbR5PhP,IfcDiscreteAccessory,PIPE,SHS75*75*2.3,x-0(?),STEEL/SS400,17
3gK2O9aRb008rb0Vdh_9yv,IfcDiscreteAccessory,PIPE,SHS75*75*2.3,x-0(?),STEEL/SS400,17
0$pn$OtLDAsPSDNmTqavdG,IfcDiscreteAccessory,PIPE,SHS75*75*2.3,x-0(?),STEEL/SS400,17
1MprvoEMDAeR9E7MQe43L3,IfcDiscreteAccessory,PIPE,SHS75*75*2.3,x-0(?),STEEL/SS400,17
2nutppEHPBbwElVNiOntri,IfcDiscreteAccessory,PIPE,SHS75*75*2.3,x-0(?),STEEL/SS400,17
2xZiARRvT3IvNVa83y7gds,IfcDiscreteAccessory,PIPE,SHS75*75*2.3,x-0(?),STEEL/SS400,17
1bj8zUpAv79gNxlaIjuWpp,IfcDiscreteAccessory,PIPE,SHS75*75*2.3,x-0(?),STEEL/SS400,17
1IKXEjBVv3HPMfmg$JVcNc,IfcDiscreteAccessory,PIPE,SHS75*75*2.3,x-0(?),STEEL/SS400,17
3Xc7V6HrLC0Al5t95ldyRt,IfcDiscreteAccessory,PIPE,SHS75*75*2.3,x-0(?),STEEL/SS400,17
12Ru4FYH9BkOoSa0L2DTxj,IfcDiscreteAccessory,PIPE,SHS75*75*2.3,x-0(?),STEEL/SS400,17
3XG1Qk9NnB7PYJzMPfVhbM,IfcDiscreteAccessory,CHECKER PLATE,CHK4.5x594,x-0(?),STEEL/SS400,17
08HbkQ1xT8AQsK3Bo6iHo_,IfcDiscreteAccessory,CHECKER PLATE,CHK4.5x594,x-0(?),STEEL/SS400,17
0pSwkC7JrF4Akc2d0H1S3G,IfcDiscreteAccessory,CHECKER PLATE,CHK4.5x594,x-0(?),STEEL/SS400,17
1qstuXSi95M9WEJmTQFvUl,IfcDiscreteAccessory,PIPE,SHS75*75*2.3,x-0(?),STEEL/SS400,17
1VQUvSTsbAkwxgJbEb1XCQ,IfcDiscreteAccessory,PIPE,SHS75*75*2.3,x-0(?),STEEL/SS400,17
0ZIHA1QND4eAWU0mktNGz0,IfcDiscreteAccessory,PIPE,SHS75*75*2.3,x-0(?),STEEL/SS400,17
2ELq7uR_fF7h56HadJF$gO,IfcDiscreteAccessory,PIPE,SHS75*75*2.3,x-0(?),STEEL/SS400,17
19A4Gnxkr9bfqX4ajbmmZ4,IfcDiscreteAccessory,PIPE,SHS75*75*2.3,x-0(?),STEEL/SS400,17
2hYJ4HcPz96hfla$3Jvztk,IfcDiscreteAccessory,PIPE,SHS75*75*2.3,x-0(?),STEEL/SS400,17
36ws9avPj9lhdQKPaHVKTR,IfcDiscreteAccessory,PIPE,SHS75*75*2.3,x-0(?),STEEL/SS400,17
21RVCS2d1EuubKawlQKgTK,IfcDiscreteAccessory,PIPE,SHS75*75*2.3,x-0(?),STEEL/SS400,17
2ZjW9ehqD2WOXMhq9glkDo,IfcDiscreteAccessory,PIPE,SHS75*75*2.3,x-0(?),STEEL/SS400,17
3u4qPGRLP8EB77p7YAJj4z,IfcDiscreteAccessory,PIPE,SHS75*75*2.3,x-0(?),STEEL/SS400,17
3yjoYBNXH20QFOUzWNizAf,IfcDiscreteAccessory,PIPE,SHS75*75*2.3,x-0(?),STEEL/SS400,17
3pixZWE$X8FO9XhSG2nyp2,IfcDiscreteAccessory,PIPE,SHS75*75*2.3,x-0(?),STEEL/SS400,17
15Q2deNPHD1uJqbBMm_Ep1,IfcDiscreteAccessory,PIPE,SHS75*75*2.3,x-0(?),STEEL/SS400,17
2gUGNVaRjDb8JnwWw2GUwc,IfcDiscreteAccessory,PIPE,SHS75*75*2.3,x-0(?),STEEL/SS400,17
1XoynXY7r8SBoVz4CkyJg_,IfcDiscreteAccessory,PIPE,SHS75*75*2.3,x-0(?),STEEL/SS400,17
0OW0IUYh97keuj57w2O5HT,IfcDiscreteAccessory,PIPE,SHS75*75*2.3,x-0(?),STEEL/SS400,17
1_YCEnCRD1e9iTyO65X$jR,IfcDiscreteAccessory,CHECKER PLATE,CHK4.5x594,x-0(?),STEEL/SS400,17
2t8YYgVhD1hh0o5eMVqRek,IfcDiscreteAccessory,CHECKER PLATE,CHK4.5x594,x-0(?),STEEL/SS400,17
1SiG_AUgnClOuyG3FmkwCc,IfcDiscreteAccessory,CHECKER PLATE,CHK4.5x594,x-0(?),STEEL/SS400,17
2$AHxEU$j0_9RcPZxAHoOR,IfcDiscreteAccessory,CHECKER PLATE,CHK4.5x594,x-0(?),STEEL/SS400,17
3zUFrtadz86hl7dq93Mq_g,IfcDiscreteAccessory,CHECKER PLATE,CHK4.5x594,x-0(?),STEEL/SS400,17
2_AoEsLKbCux3EO8PHGmN8,IfcDiscreteAccessory,CHECKER PLATE,CHK4.5x594,x-0(?),STEEL/SS400,17
18eJmfBD5Be8Kd2Wbdk2Xt,IfcDiscreteAccessory,CAP PLATE,PL4.5x42.3,p-0(?),STEEL/SS400,17
1mZ8uYmbP4vvqXvcWYLaIb,IfcDiscreteAccessory,CAP PLATE,PL4.5x42.3,p-0(?),STEEL/SS400,17
26sTmlHqf0tAewbsX_0Oyi,IfcDiscreteAccessory,PLATE,PL9x100,P-0(?),STEEL/SS400,17
1A1PB5iUj4QPVDyFr_ErBZ,IfcDiscreteAccessory,CAP PLATE,PL4.5x42.3,p-0(?),STEEL/SS400,17
3Yr6_0hCzE1vAhkFdBJZbj,IfcDiscreteAccessory,CAP PLATE,PL4.5x42.3,p-0(?),STEEL/SS400,17
2JR$w9UIb9hwV_fWli9JRX,IfcDiscreteAccessory,PLATE,PL9x254.5,P-0(?),STEEL/SS400,17
0yXslj_DLCYPv$ea6L0awv,IfcDiscreteAccessory,CAP PLATE,PL4.5x42.3,p-0(?),STEEL/SS400,17
02SesvdFDBXuFxoJIxFzVk,IfcDiscreteAccessory,CAP PLATE,PL4.5x42.3,p-0(?),STEEL/SS400,17
0zdpLzQo97YQO8KXppBxrH,IfcDiscreteAccessory,CAP PLATE,PL4.5x42.3,p-0(?),STEEL/SS400,17
36WRXT00zEE9zGYeNy7UHW,IfcDiscreteAccessory,CAP PLATE,PL4.5x42.3,p-0(?),STEEL/SS400,17
1VqUbTFbT7du33QMmsp56H,IfcDiscreteAccessory,PLATE,PL9x254.5,P-0(?),STEEL/SS400,17
3CFm9YnGT3BxnoIuLrt3Y8,IfcDiscreteAccessory,PLATE,PL9x100,P-0(?),STEEL/SS400,17
3wrXc2iW5DMRtuEh_Pbx8P,IfcDiscreteAccessory,CAP PLATE,PL4.5x42.3,p-0(?),STEEL/SS400,17
3L6kUBtf5BpfIXJlHL$uO6,IfcDiscreteAccessory,CAP PLATE,PL4.5x42.3,p-0(?),STEEL/SS400,17
1atIHqePr7VQ4ZVWQFBUqL,IfcDiscreteAccessory,CAP PLATE,PL4.5x42.3,p-0(?),STEEL/SS400,17
0gMSaK0cL76vM0gzf4$qE0,IfcDiscreteAccessory,CAP PLATE,PL4.5x42.3,p-0(?),STEEL/SS400,17
1OA4J2pjLD3QJIEmP7puaj,IfcDiscreteAccessory,PLATE,PL9x171.8,P-0(?),STEEL/SS400,17
09NjZnzNj8mA4cYs$uQU9_,IfcDiscreteAccessory,PLATE,PL9x171.8,P-0(?),STEEL/SS400,17
3t11IIpm16t8ySo5I$8y4g,IfcDiscreteAccessory,CAP PLATE,PL4.5x42.3,p-0(?),STEEL/SS400,17
2qrK$l_3v64uyma7zZiczD,IfcDiscreteAccessory,CAP PLATE,PL4.5x42.3,p-0(?),STEEL/SS400,17
2PtiS0CWb4gQOaDbzZZagX,IfcDiscreteAccessory,PLATE,PL9x254.5,P-0(?),STEEL/SS400,17
1LKxsyiJH1Xh8gVkCv$ovC,IfcDiscreteAccessory,CAP PLATE,PL4.5x42.3,p-0(?),STEEL/SS400,17
36a8kBnhnBpOOkhbbJYZlO,IfcDiscreteAccessory,CAP PLATE,PL4.5x42.3,p-0(?),STEEL/SS400,17
0V3J7Cud1DmeOT0K4wtVQD,IfcDiscreteAccessory,CAP PLATE,PL4.5x42.3,p-0(?),STEEL/SS400,17
09jN1G0hn0CvCA4Prt4tRC,IfcDiscreteAccessory,CAP PLATE,PL4.5x42.3,p-0(?),STEEL/SS400,17
3vMXxKdsL2mPwLk_ZdThCS,IfcDiscreteAccessory,PLATE,PL9x254.5,P-0(?),STEEL/SS400,17
0obLJ6d1PEyeMb$0HfUhsl,IfcDiscreteAccessory,PLATE,PL9x171.8,P-0(?),STEEL/SS400,17
05pHb$HYbA_g5WVactUSkG,IfcDiscreteAccessory,CAP PLATE,PL4.5x42.3,p-0(?),STEEL/SS400,17
0fQEv3blLCteO0rtywZC$p,IfcDiscreteAccessory,CAP PLATE,PL4.5x42.3,p-0(?),STEEL/SS400,17
2wQc$xwz96mPYomTG9ve2Z,IfcDiscreteAccessory,PLATE,PL9x254.5,P-0(?),STEEL/SS400,17
2TagaUTF9AEu2CGKCMWT9I,IfcDiscreteAccessory,CAP PLATE,PL4.5x42.3,p-0(?),STEEL/SS400,17
1PSAtQpnLFwPC60lxnb5LL,IfcDiscreteAccessory,CAP PLATE,PL4.5x42.3,p-0(?),STEEL/SS400,17
163XBcXrb6vBcqzU73E3pE,IfcDiscreteAccessory,CAP PLATE,PL4.5x42.3,p-0(?),STEEL/SS400,17
15wrSqsnT4Px8UmZDHMsgB,IfcDiscreteAccessory,CAP PLATE,PL4.5x42.3,p-0(?),STEEL/SS400,17
19s6FqocPBswoe203QwlvH,IfcDiscreteAccessory,PLATE,PL9x254.5,P-0(?),STEEL/SS400,17
2rmk$bzfz3zxeMUOc1Xm6Q,IfcDiscreteAccessory,PLATE,PL9x171.8,P-0(?),STEEL/SS400,17
0o6DmOgzr7BQt$88_ILHf3,IfcDiscreteAccessory,CAP PLATE,PL4.5x42.3,p-0(?),STEEL/SS400,17
1hHjMbUC91MOkDXsJ7AkU2,IfcDiscreteAccessory,CAP PLATE,PL4.5x42.3,p-0(?),STEEL/SS400,17
2ezTIIn5PFKf7ez41G8efp,IfcDiscreteAccessory,CAP PLATE,PL4.5x42.3,p-0(?),STEEL/SS400,17
1NdDiCEy9FJfOhmnT0TxYr,IfcDiscreteAccessory,CAP PLATE,PL4.5x42.3,p-0(?),STEEL/SS400,17
3whlLnhdXB2816zZGuIdEz,IfcDiscreteAccessory,PLATE,PL9x171.8,P-0(?),STEEL/SS400,17
19saWfIfD5ZuJCfObxNwCx,IfcDiscreteAccessory,PLATE,PL9x171.8,P-0(?),STEEL/SS400,17
1PQS4c3uj928Lp92cPPz3k,IfcDiscreteAccessory,CAP PLATE,PL4.5x42.3,p-0(?),STEEL/SS400,17
0l9BWYJv18_AgJKLX8KEfM,IfcDiscreteAccessory,CAP PLATE,PL4.5x42.3,p-0(?),STEEL/SS400,17
3QxxnyaijFswvNs1U6TUY0,IfcDiscreteAccessory,PLATE,PL9x254.5,P-0(?),STEEL/SS400,17
155im2vDjDSfNKC1MCRNL7,IfcDiscreteAccessory,CAP PLATE,PL4.5x42.3,p-0(?),STEEL/SS400,17
08n3V6QW58hB$PjaoNXgvg,IfcDiscreteAccessory,CAP PLATE,PL4.5x42.3,p-0(?),STEEL/SS400,17
28_syfnKX439A5oCnz2bf5,IfcDiscreteAccessory,CAP PLATE,PL4.5x42.3,p-0(?),STEEL/SS400,17
0YFI2V32n2NxbiJfPGJpSa,IfcDiscreteAccessory,CAP PLATE,PL4.5x42.3,p-0(?),STEEL/SS400,17
2j2VwBWKL2beSyTP7I_9ql,IfcDiscreteAccessory,PLATE,PL9x254.5,P-0(?),STEEL/SS400,17
0udZVTn3PE6RKggOiSorRm,IfcDiscreteAccessory,PLATE,PL9x171.8,P-0(?),STEEL/SS400,17
1aDJIjdfb1PeX0gkQvU5z4,IfcDiscreteAccessory,CAP PLATE,PL4.5x42.3,p-0(?),STEEL/SS400,17
2UGD8t0b53w9csbJuxV6R5,IfcDiscreteAccessory,CAP PLATE,PL4.5x42.3,p-0(?),STEEL/SS400,17
2kc8K9SOf6lganqgXzrXeE,IfcDiscreteAccessory,PLATE,PL9x254.5,P-0(?),STEEL/SS400,17
14HnPUI3v7CBziDfa_xipF,IfcDiscreteAccessory,CAP PLATE,PL4.5x42.3,p-0(?),STEEL/SS400,17
2PYJKMhcv4JeAuQkHiA_ip,IfcDiscreteAccessory,CAP PLATE,PL4.5x42.3,p-0(?),STEEL/SS400,17
25qwaZfQTFPe24kGIEycJK,IfcDiscreteAccessory,CAP PLATE,PL4.5x42.3,p-0(?),STEEL/SS400,17
0SGjU2f4r4z8odHVjDiFiY,IfcDiscreteAccessory,CAP PLATE,PL4.5x42.3,p-0(?),STEEL/SS400,17
0qiHXE9T961et2mR4HfG6N,IfcDiscreteAccessory,PLATE,PL9x254.5,P-0(?),STEEL/SS400,17
20_aOGDtD3P8dBw5K0hrua,IfcDiscreteAccessory,PLATE,PL9x171.8,P-0(?),STEEL/SS400,17
3wQI$CYr5CmgyOENLMBjRb,IfcDiscreteAccessory,CAP PLATE,PL4.5x42.3,p-0(?),STEEL/SS400,17
2VaBuHwaLDphrvYt_fWS$b,IfcDiscreteAccessory,CAP PLATE,PL4.5x42.3,p-0(?),STEEL/SS400,17
29HrACLtH1DuzhstUZRE7R,IfcDiscreteAccessory,CAP PLATE,PL4.5x42.3,p-0(?),STEEL/SS400,17
1_J9Vh0$v7uA4FbQkzbR4g,IfcDiscreteAccessory,CAP PLATE,PL4.5x42.3,p-0(?),STEEL/SS400,17
3cZvitm3rESw1NsferAHjY,IfcDiscreteAccessory,CAP PLATE,PL4.5x42.3,p-0(?),STEEL/SS400,17
2oCQYNUTnDpAIO$C7z4w78,IfcDiscreteAccessory,CAP PLATE,PL4.5x42.3,p-0(?),STEEL/SS400,17
0ebsnKLdX64PRjovqve1a0,IfcDiscreteAccessory,PLATE,PL15x400,z-0(?),STEEL/SS400,17
3wkGsvqo96NxGaCqtCw_1w,IfcDiscreteAccessory,PLATE,PL15x400,z-0(?),STEEL/SS400,17
33XpfC3SX6IBzsaEA6L_hI,IfcDiscreteAccessory,PLATE,PL15x400,z-0(?),STEEL/SS400,17
3DpHObSP5709EuTdrDdydT,IfcDiscreteAccessory,PLATE,PL15x400,z-0(?),STEEL/SS400,17
0jViVI7tb2_RYFlUzeaCPL,IfcDiscreteAccessory,PLATE,PL15x400,z-0(?),STEEL/SS400,17
1Ltziuc6585gvzoEGofHHF,IfcDiscreteAccessory,PLATE,PL15x400,z-0(?),STEEL/SS400,17
1k7EDpPun77PnAzzejpQh4,IfcDiscreteAccessory,PLATE,PL15x350,z-0(?),STEEL/SS400,17
3sLy$NCjf6Ye6E4UaLlDae,IfcDiscreteAccessory,PLATE,PL15x350,z-0(?),STEEL/SS400,17
2SbL0JdiH3EAU2TkcrFjXz,IfcDiscreteAccessory,PLATE,PL15x350,z-0(?),STEEL/SS400,17
01QdFrvIn0jxoIDiGh0Uvx,IfcDiscreteAccessory,PLATE,PL15x350,z-0(?),STEEL/SS400,17
0uX97iHzL7bP1Io2RNystt,IfcDiscreteAccessory,PLATE,PL15x350,z-0(?),STEEL/SS400,17
3HALpiQ7HB489yL4E4CoDm,IfcDiscreteAccessory,PLATE,PL15x350,z-0(?),STEEL/SS400,17
1Xr8r4V3X4bvun3xVYQtRj,IfcDiscreteAccessory,BEAM,H-300X300X10X15,M-0(?),STEEL/SS400,17
2NxlELcg561QqvCzeka5Ga,IfcDiscreteAccessory,PLATE,PL15x400,z-0(?),STEEL/SS400,17
2DCXyI43z1kv9JKgSSYU_x,IfcDiscreteAccessory,BEAM,H-300X300X10X15,M-0(?),STEEL/SS400,17
0X3u739oz2FumXcd1zn_mx,IfcDiscreteAccessory,PLATE,PL15x400,z-0(?),STEEL/SS400,17
28iyo$P5L1rg31Jlr0GY39,IfcDiscreteAccessory,PLATE,PL15x400,z-0(?),STEEL/SS400,17
03Gtu49VvEvgs4sTJHblu$,IfcDiscreteAccessory,PLATE,PL15x400,z-0(?),STEEL/SS400,17
1XWsdfLK5Emx7qn6Ww_Lhb,IfcDiscreteAccessory,PLATE,PL15x400,z-0(?),STEEL/SS400,17
0IuCC6h0LC69$x528GbuLk,IfcDiscreteAccessory,PLATE,PL15x400,z-0(?),STEEL/SS400,17
0klt$IVxX7ZON8meAZ6PxZ,IfcDiscreteAccessory,PLATE,PL15x350,z-0(?),STEEL/SS400,17
1mBl6cBwT3MQ8jh3J_P5il,IfcDiscreteAccessory,PLATE,PL15x350,z-0(?),STEEL/SS400,17
3VAddAr9T8bgceV_z$M7F2,IfcDiscreteAccessory,PLATE,PL15x350,z-0(?),STEEL/SS400,17
2TlArV6yz1KgNg3TmTDz3U,IfcDiscreteAccessory,PLATE,PL9x100,5p-10(?),STEEL/SS400,17
0TrVVIgqr9YQyoIrhc6h7m,IfcDiscreteAccessory,PLATE,PL9x100,5p-10(?),STEEL/SS400,17
0KMnuTT6v0JgMaNflq6hQq,IfcDiscreteAccessory,PLATE,PL9x100,5p-10(?),STEEL/SS400,17
0daEDDG$zDBeUUEjxbt8o7,IfcDiscreteAccessory,PLATE,PL9x100,5p-10(?),STEEL/SS400,17
1hZF9dIo9Fu8Sl70g54dry,IfcDiscreteAccessory,PLATE,PL9x100,5p-10(?),STEEL/SS400,17
15bTf28r9Emf6sCaqzblYN,IfcDiscreteAccessory,PLATE,PL9x100,5p-10(?),STEEL/SS400,17
3J5TBY8sT5FODLb02g3Pey,IfcDiscreteAccessory,PLATE,PL9x100,5p-10(?),STEEL/SS400,17
0O8PgxbW55uhr5GWaQ5BF8,IfcDiscreteAccessory,PLATE,PL9x100,5p-10(?),STEEL/SS400,17
1GZdoNl1T8hfqKf4p79Nnr,IfcDiscreteAccessory,PLATE,PL9x100,5p-10(?),STEEL/SS400,17
2Std_6WMj5aAReHv2gSque,IfcDiscreteAccessory,PLATE,PL9x100,5p-10(?),STEEL/SS400,17
1bqm$Iirn5lhMVspsVLJvc,IfcDiscreteAccessory,PLATE,PL9x100,5p-10(?),STEEL/SS400,17
2s2ooRDVT53PXMelZkxR8X,IfcDiscreteAccessory,PLATE,PL9x100,5p-10(?),STEEL/SS400,17
3kq0tbD891TBX1Ml__qgyn,IfcDiscreteAccessory,PLATE,PL9x100,5p-10(?),STEEL/SS400,17
2lV1X00pr3vwlhMMCTBi6s,IfcDiscreteAccessory,PLATE,PL9x100,5p-10(?),STEEL/SS400,17
3ClLETKWL0aPEntVBb4bIc,IfcDiscreteAccessory,PLATE,PL9x100,5p-10(?),STEEL/SS400,17
15ou1EMJ57fuZf_6OfNwFS,IfcDiscreteAccessory,PLATE,PL9x100,5p-10(?),STEEL/SS400,17
2IhVWjzsb1_g86vovIw5nA,IfcDiscreteAccessory,PIPE,SHS75*75*2.3,x-0(?),STEEL/SS400,17
0Hgq_hUz9EF8JyGPCmz9yL,IfcDiscreteAccessory,PIPE,SHS75*75*2.3,x-0(?),STEEL/SS400,17
1eF0Ft_Vz00eFhA0JOuXKv,IfcDiscreteAccessory,PIPE,SHS75*75*2.3,x-0(?),STEEL/SS400,17
1AuxBnBEb9$xVLhznwPHvC,IfcDiscreteAccessory,PIPE,SHS75*75*2.3,x-0(?),STEEL/SS400,17
0VCbPdX3T5GxU_rp5TnsOA,IfcDiscreteAccessory,PIPE,SHS75*75*2.3,x-0(?),STEEL/SS400,17
1hgd7jtRn2gupSzHNtYnW3,IfcDiscreteAccessory,PIPE,SHS75*75*2.3,x-0(?),STEEL/SS400,17
2x17ONkRv53uh5AUoJLPA1,IfcDiscreteAccessory,PIPE,SHS75*75*2.3,x-0(?),STEEL/SS400,17
3ZOeuqVQ1CAA5zBRggTVOP,IfcDiscreteAccessory,PIPE,SHS75*75*2.3,x-0(?),STEEL/SS400,17
02CZRq0L5A$wlg4AWToaG5,IfcDiscreteAccessory,PIPE,SHS75*75*2.3,x-0(?),STEEL/SS400,17
0l6sXTGor2afd7tDBwNqUw,IfcDiscreteAccessory,PIPE,SHS75*75*2.3,x-0(?),STEEL/SS400,17
0Rmz0pZRX8xApPHXvtVHV_,IfcDiscreteAccessory,PIPE,SHS75*75*2.3,x-0(?),STEEL/SS400,17
1hquc3CVf21hEfKQfZwyWJ,IfcDiscreteAccessory,PIPE,SHS75*75*2.3,x-0(?),STEEL/SS400,17
3_BIGbwwjDEvZuLUVG6XL8,IfcDiscreteAccessory,PIPE,SHS75*75*2.3,x-0(?),STEEL/SS400,17
3kNc67Jv14cf1bjV$BQNbq,IfcDiscreteAccessory,PIPE,SHS75*75*2.3,x-0(?),STEEL/SS400,17
2wlQtIHB5DZe3UIGCg48eM,IfcDiscreteAccessory,PIPE,SHS75*75*2.3,x-0(?),STEEL/SS400,17
3SGiwzgC9FdvX6ayKgaIOx,IfcDiscreteAccessory,PIPE,SHS75*75*2.3,x-0(?),STEEL/SS400,17
08br4eHCz6v9VKrLi_iwPy,IfcDiscreteAccessory,PIPE,SHS75*75*2.3,x-0(?),STEEL/SS400,17
3OzI_WbWT5dQM9bhKxXq6l,IfcDiscreteAccessory,PIPE,SHS75*75*2.3,x-0(?),STEEL/SS400,17
2I2_2MklXAUf8w4LhMQ_Vs,IfcDiscreteAccessory,PIPE,SHS75*75*2.3,x-0(?),STEEL/SS400,17
2REu5rVSrApQZi20GM63IT,IfcDiscreteAccessory,PIPE,SHS75*75*2.3,x-0(?),STEEL/SS400,17
3mXmtiTPn2A9NxgMWLCE3a,IfcDiscreteAccessory,PIPE,SHS75*75*2.3,x-0(?),STEEL/SS400,17
1Rulv6z_13QRJBFzcQLZY2,IfcDiscreteAccessory,PIPE,SHS75*75*2.3,x-0(?),STEEL/SS400,17
1x6tfYYmbF19Cudbfos$q9,IfcDiscreteAccessory,PIPE,SHS75*75*2.3,x-0(?),STEEL/SS400,17
3KFmMGHxn0_A$g8IMCJh02,IfcDiscreteAccessory,PIPE,SHS75*75*2.3,x-0(?),STEEL/SS400,17
27ZuYJMob1l9J_eJrD4NRo,IfcDiscreteAccessory,PIPE,SHS75*75*2.3,x-0(?),STEEL/SS400,17
229ZEWWDP1zO_vh2_Gw6zH,IfcDiscreteAccessory,PIPE,SHS75*75*2.3,x-0(?),STEEL/SS400,17
1YZltrVWT0PeWf3MAN6Hg2,IfcDiscreteAccessory,PIPE,SHS75*75*2.3,x-0(?),STEEL/SS400,17
1bjaUlgF11Fx4wAsBCQBDV,IfcDiscreteAccessory,PIPE,SHS75*75*2.3,x-0(?),STEEL/SS400,17
0brrOhfMX3Jwtg8yue$pV8,IfcDiscreteAccessory,PIPE,SHS75*75*2.3,x-0(?),STEEL/SS400,17
26dGwhoXP2efV_OnPQV0ED,IfcDiscreteAccessory,PIPE,SHS75*75*2.3,x-0(?),STEEL/SS400,17
3b1kxsR_925va1U50HW0b1,IfcDiscreteAccessory,PIPE,SHS75*75*2.3,x-0(?),STEEL/SS400,17
3ozFDnojz64A92xKCOQPcA,IfcDiscreteAccessory,PIPE,SHS75*75*2.3,x-0(?),STEEL/SS400,17
0yNeoRQp95UxKD$JA37omN,IfcDiscreteAccessory,PIPE,SHS75*75*2.3,x-0(?),STEEL/SS400,17
34566pyXj8s89BE2914d4P,IfcDiscreteAccessory,PIPE,SHS75*75*2.3,x-0(?),STEEL/SS400,17
0RG2ZuSTjCdOq9j5$ja24$,IfcDiscreteAccessory,PIPE,SHS75*75*2.3,x-0(?),STEEL/SS400,17
0mq23OAr17nB6eIIGRSKr_,IfcDiscreteAccessory,PIPE,SHS75*75*2.3,x-0(?),STEEL/SS400,17
3HQ5jsyEv4pA$ZBPbZ$Gyu,IfcDiscreteAccessory,PIPE,SHS75*75*2.3,x-0(?),STEEL/SS400,17
3Nsq0rwefBJOcfkN1FI8Ep,IfcDiscreteAccessory,PIPE,SHS75*75*2.3,x-0(?),STEEL/SS400,17
1A7jSI5u16u8OKQUZA1e8N,IfcDiscreteAccessory,PIPE,SHS75*75*2.3,x-0(?),STEEL/SS400,17
12hHIoOo512hIcqpu6igLN,IfcDiscreteAccessory,PLATE,PL9x100,P-0(?),STEEL/SS400,17
3QIdwPxDT7JAqisbMww4NI,IfcDiscreteAccessory,CAP PLATE,PL4.5x42.3,p-0(?),STEEL/SS400,17
0wCqCosZ5E8xVBUGWhVgCN,IfcDiscreteAccessory,CAP PLATE,PL4.5x42.3,p-0(?),STEEL/SS400,17
2Xgj1b5qT3iREt1GcFG4wU,IfcDiscreteAccessory,PLATE,PL9x254.5,P-0(?),STEEL/SS400,17
1L_i1Bow189g9p6NTqavnw,IfcDiscreteAccessory,CAP PLATE,PL4.5x42.3,p-0(?),STEEL/SS400,17
32_Tzo_SL21Qe2kOh_b9i3,IfcDiscreteAccessory,CAP PLATE,PL4.5x42.3,p-0(?),STEEL/SS400,17
3OvlGWskzD9g9utuTgMb$v,IfcDiscreteAccessory,CAP PLATE,PL4.5x42.3,p-0(?),STEEL/SS400,17
2Cyqr97AbBKev52_Twf7_X,IfcDiscreteAccessory,CAP PLATE,PL4.5x42.3,p-0(?),STEEL/SS400,17
3DBnpBa$TA7OKe1UEE2UqM,IfcDiscreteAccessory,PLATE,PL9x254.5,P-0(?),STEEL/SS400,17
2BAsVW2vfER9F3jijQcsuc,IfcDiscreteAccessory,PLATE,PL9x100,P-0(?),STEEL/SS400,17
0ryP3Kdcj5T86FKYPEy6Zv,IfcDiscreteAccessory,PLATE,PL9x171.8,P-0(?),STEEL/SS400,17
2Vf3HW0558S9_UXPgmiXa2,IfcDiscreteAccessory,PLATE,PL9x171.8,P-0(?),STEEL/SS400,17
0laHir3OD5s81suD0io4ud,IfcDiscreteAccessory,CAP PLATE,PL4.5x42.3,p-0(?),STEEL/SS400,17
32T7RnAkH1ywctGad1FE4Q,IfcDiscreteAccessory,CAP PLATE,PL4.5x42.3,p-0(?),STEEL/SS400,17
2O$8REjnP0uRq4qyAlKg4H,IfcDiscreteAccessory,PLATE,PL9x254.5,P-0(?),STEEL/SS400,17
2YgrQM9MTEgeRff1K7Y9PR,IfcDiscreteAccessory,CAP PLATE,PL4.5x42.3,p-0(?),STEEL/SS400,17
01f7WVuavAROeHtA9XVWnG,IfcDiscreteAccessory,CAP PLATE,PL4.5x42.3,p-0(?),STEEL/SS400,17
0ad2vIKFXBrgl5gpPPW7yi,IfcDiscreteAccessory,CAP PLATE,PL4.5x42.3,p-0(?),STEEL/SS400,17
1il$6kZtXCzuI$jpK4NDU9,IfcDiscreteAccessory,CAP PLATE,PL4.5x42.3,p-0(?),STEEL/SS400,17
3UXIKgpQH1beqSuu2wHLaI,IfcDiscreteAccessory,PLATE,PL9x254.5,P-0(?),STEEL/SS400,17
0yShYqvNL8Yw09kkesWfIC,IfcDiscreteAccessory,PLATE,PL9x171.8,P-0(?),STEEL/SS400,17
3p0O_wfgn2Jwi5bHDCpee6,IfcDiscreteAccessory,CAP PLATE,PL4.5x42.3,p-0(?),STEEL/SS400,17
3xmPVnSYbBSPxE7nQsgBda,IfcDiscreteAccessory,CAP PLATE,PL4.5x42.3,p-0(?),STEEL/SS400,17
0HNuNNqn51rwgjuZ78ewzG,IfcDiscreteAccessory,PLATE,PL9x254.5,P-0(?),STEEL/SS400,17
3KMM3ciUT888jtfzcqJmLI,IfcDiscreteAccessory,CAP PLATE,PL4.5x42.3,p-0(?),STEEL/SS400,17
0MSGSSeGH9Uef2iNB9dN93,IfcDiscreteAccessory,CAP PLATE,PL4.5x42.3,p-0(?),STEEL/SS400,17
1GG4NsbLH1MfxgQC5o6n4D,IfcDiscreteAccessory,CAP PLATE,PL4.5x42.3,p-0(?),STEEL/SS400,17
3klsgVNZL8evYnKq2CDIUR,IfcDiscreteAccessory,CAP PLATE,PL4.5x42.3,p-0(?),STEEL/SS400,17
0r1VLbqT1FiwLjfQY6fkH5,IfcDiscreteAccessory,PLATE,PL9x254.5,P-0(?),STEEL/SS400,17
1na1e1nCf2_O1N7yVQfFPE,IfcDiscreteAccessory,PLATE,PL9x171.8,P-0(?),STEEL/SS400,17
0fbbT5y1vAOeBOLf_PpzDC,IfcDiscreteAccessory,CAP PLATE,PL4.5x93.6,p-0(?),STEEL/SS400,17
3AsJPM30f1uQAuuAxjg0s8,IfcDiscreteAccessory,CAP PLATE,PL4.5x93.6,p-0(?),STEEL/SS400,17
3qjCJgiKX84AiChn8NQ0$h,IfcDiscreteAccessory,CAP PLATE,PL4.5x93.6,p-0(?),STEEL/SS400,17
1mlurJg3r4MO$VYYkjKL5a,IfcDiscreteAccessory,CAP PLATE,PL4.5x93.6,p-0(?),STEEL/SS400,17
02DgEgJdvAoxOCMCMUEoIq,IfcDiscreteAccessory,CAP PLATE,PL4.5x93.6,p-0(?),STEEL/SS400,17
0uSiMOzEL0fuPBVjRW2Z4h,IfcDiscreteAccessory,CAP PLATE,PL4.5x93.6,p-0(?),STEEL/SS400,17
0ThIgD9E54cRDED3vdVGYq,IfcDiscreteAccessory,CAP PLATE,PL4.5x93.6,p-0(?),STEEL/SS400,17
3O4Mg$XofF4OTu6qSNl6mG,IfcDiscreteAccessory,CAP PLATE,PL4.5x93.6,p-0(?),STEEL/SS400,17
3E6ytxp8f54hyHnExprRsh,IfcDiscreteAccessory,CAP PLATE,PL4.5x93.6,p-0(?),STEEL/SS400,17
3gloKyQej5ffbR19fjZwiM,IfcDiscreteAccessory,CAP PLATE,PL4.5x93.6,p-0(?),STEEL/SS400,17
1ot1EbDF9BgfZ5JbC5spGk,IfcDiscreteAccessory,CAP PLATE,PL4.5x93.6,p-0(?),STEEL/SS400,17
0DpYk4Q0fEKxUnxjarNJyg,IfcDiscreteAccessory,CAP PLATE,PL4.5x93.6,p-0(?),STEEL/SS400,17
1GiUmLmlj32Rwb0pguR9S2,IfcDiscreteAccessory,CAP PLATE,PL4.5x93.6,p-0(?),STEEL/SS400,17
1PKbD6lSTFDBmeuzMvwcmI,IfcDiscreteAccessory,CAP PLATE,PL4.5x93.6,p-0(?),STEEL/SS400,17
3guO9hMAH2VBBKHIhanjZ8,IfcDiscreteAccessory,CAP PLATE,PL4.5x93.6,p-0(?),STEEL/SS400,17
36wd62qYz388X4tB2Wr1Wd,IfcDiscreteAccessory,CAP PLATE,PL4.5x93.6,p-0(?),STEEL/SS400,17
2E2OMD6dn9uxh81JnbSRRx,IfcDiscreteAccessory,PLATE,PL9x156.4,5p-5(?),STEEL/SS400,17
3aJxtBTbL1NBszOVEhNSw7,IfcDiscreteAccessory,PLATE,PL9x156.4,5p-5(?),STEEL/SS400,17
3LLeMYzD93UfwydsTzsZDH,IfcDiscreteAccessory,PLATE,PL9x100,5p-10(?),STEEL/SS400,17
00IUgBOPrADhEjBPZSurKS,IfcDiscreteAccessory,PLATE,PL9x156.4,5p-5(?),STEEL/SS400,17
28U7aIArX4QO0urv$QyCii,IfcDiscreteAccessory,PLATE,PL9x156.4,5p-5(?),STEEL/SS400,17
2_1vGSg$9AVwxSA9oIFwCz,IfcDiscreteAccessory,PLATE,PL9x156.4,5p-5(?),STEEL/SS400,17
1ZpA9wJh95MBUTsjVQ0t52,IfcDiscreteAccessory,PLATE,PL9x100,5p-10(?),STEEL/SS400,17
3PMTqANQ11aPhHn$z1a3D7,IfcDiscreteAccessory,PLATE,PL9x156.4,5p-5(?),STEEL/SS400,17
2d293OnN14pvVkWmmdCOBp,IfcDiscreteAccessory,PLATE,PL9x100,5p-10(?),STEEL/SS400,17
3S$9QumdL6GfEuYOJwLYVM,IfcDiscreteAccessory,PLATE,PL9x156.4,5p-5(?),STEEL/SS400,17
1FBpsZ2eLDfgItv6LAz$aM,IfcDiscreteAccessory,PLATE,PL9x156.4,5p-5(?),STEEL/SS400,17
2nE7_ESQD9dut18DfV1Azw,IfcDiscreteAccessory,PLATE,PL9x156.4,5p-5(?),STEEL/SS400,17
1LRPnFcCnFjg51Sgh1egRA,IfcDiscreteAccessory,PLATE,PL9x100,5p-10(?),STEEL/SS400,17
0Ok1nf9x5C3QU3oPCGeJZX,IfcDiscreteAccessory,PLATE,PL9x156.4,5p-5(?),STEEL/SS400,17
1qpUkfM_DChw$sSXgsSmdC,IfcDiscreteAccessory,PLATE,PL9x100,5p-10(?),STEEL/SS400,17
22ejG8gPT1Lw9hRCcV3J1u,IfcDiscreteAccessory,PLATE,PL9x156.4,5p-5(?),STEEL/SS400,17
3aUXJPK3LAlhnVT28TIuLM,IfcDiscreteAccessory,PLATE,PL9x156.4,5p-5(?),STEEL/SS400,17
1WIo26Q4r1YubGF1h0QuC_,IfcDiscreteAccessory,PLATE,PL9x100,5p-10(?),STEEL/SS400,17
2QjkzrtTb90hJQWMr80Ryo,IfcDiscreteAccessory,PLATE,PL9x156.4,5p-5(?),STEEL/SS400,17
3d9ZAO00z0OfTqjOGYVzSM,IfcDiscreteAccessory,PLATE,PL9x156.4,5p-5(?),STEEL/SS400,17
3bvvkWLQv3yAJ$xxZlMwag,IfcDiscreteAccessory,PLATE,PL9x156.4,5p-5(?),STEEL/SS400,17
1Qc8juUY159eD8sx$gWlOQ,IfcDiscreteAccessory,PLATE,PL9x100,5p-10(?),STEEL/SS400,17
1LAjvZWE54tAothG_BQhaP,IfcDiscreteAccessory,PLATE,PL9x156.4,5p-5(?),STEEL/SS400,17
3uR9Qq5in0FQDFOpYqPZKh,IfcDiscreteAccessory,PLATE,PL9x100,5p-10(?),STEEL/SS400,17
1HAbRCz81ENB_WQ3MsOkLb,IfcDiscreteAccessory,CAP PLATE,PL4.5x93.6,p-0(?),STEEL/SS400,17
0_JMa3Wuj8ZAKhtbI4EPqf,IfcDiscreteAccessory,CAP PLATE,PL4.5x93.6,p-0(?),STEEL/SS400,17
1MaHrqIVbCQfvzwq77o_N$,IfcDiscreteAccessory,CAP PLATE,PL4.5x93.6,p-0(?),STEEL/SS400,17
3aXnn9mnb6fQ_7g6lOablr,IfcDiscreteAccessory,CAP PLATE,PL4.5x93.6,p-0(?),STEEL/SS400,17
3TDHQYJSjFzQCu$i7PFjw2,IfcDiscreteAccessory,CAP PLATE,PL4.5x93.6,p-0(?),STEEL/SS400,17
1eye3c$Qz9AhqHyssctblc,IfcDiscreteAccessory,CAP PLATE,PL4.5x93.6,p-0(?),STEEL/SS400,17
0gwIF6KH5BoeGGaYBCzVOg,IfcDiscreteAccessory,CAP PLATE,PL4.5x93.6,p-0(?),STEEL/SS400,17
2iePnR8754bhEJKlkA4sAZ,IfcDiscreteAccessory,CAP PLATE,PL4.5x93.6,p-0(?),STEEL/SS400,17
0Xr6QLYyb4Uwqv_tzbXw8m,IfcDiscreteAccessory,CAP PLATE,PL4.5x93.6,p-0(?),STEEL/SS400,17
3Ovtu9JMbF0PSTvXn_8xX7,IfcDiscreteAccessory,CAP PLATE,PL4.5x93.6,p-0(?),STEEL/SS400,17
2KALYZaWD6vhQq4QP6zHhn,IfcDiscreteAccessory,CAP PLATE,PL4.5x93.6,p-0(?),STEEL/SS400,17
2yfsxISwbFPe9e58IwY3Yd,IfcDiscreteAccessory,CAP PLATE,PL4.5x93.6,p-0(?),STEEL/SS400,17
1UcdU6pJfCUAcbxSZT0OLT,IfcDiscreteAccessory,CAP PLATE,PL4.5x93.6,p-0(?),STEEL/SS400,17
1jK2yfKUf16Q_qSeL4FB$y,IfcDiscreteAccessory,CAP PLATE,PL4.5x93.6,p-0(?),STEEL/SS400,17
0EudztGL57Zg1vBlivD9kk,IfcDiscreteAccessory,CAP PLATE,PL4.5x93.6,p-0(?),STEEL/SS400,17
0vvNdNoD5F$x6tzCVgoOag,IfcDiscreteAccessory,CAP PLATE,PL4.5x93.6,p-0(?),STEEL/SS400,17
1g$KyAWK59pPGlesPxKYyR,IfcDiscreteAccessory,PIPE,SHS75*75*2.3,x-0(?),STEEL/SS400,17
0uICYjpM935OOL1ScQtjFs,IfcDiscreteAccessory,PIPE,SHS75*75*2.3,x-0(?),STEEL/SS400,17
0wh987tY165flLUmbuqIQa,IfcDiscreteAccessory,PIPE,SHS75*75*2.3,x-0(?),STEEL/SS400,17
1_PclG1EDE_94nge9aQu5b,IfcDiscreteAccessory,PIPE,SHS75*75*2.3,x-0(?),STEEL/SS400,17
1YLBtgYjX9kAq9HxP9RYPF,IfcDiscreteAccessory,PIPE,SHS75*75*2.3,x-0(?),STEEL/SS400,17
2Xz1TKxjnABvdEqrLR0$W3,IfcDiscreteAccessory,PIPE,SHS75*75*2.3,x-0(?),STEEL/SS400,17
3byJ5vI9HB1BqVan1esWTp,IfcDiscreteAccessory,PIPE,SHS75*75*2.3,x-0(?),STEEL/SS400,17
3$SFQwNLvE$ezKpkNm1n5g,IfcDiscreteAccessory,PIPE,SHS75*75*2.3,x-0(?),STEEL/SS400,17
1vLuA1lRTEY8oyCwFsgkIs,IfcDiscreteAccessory,PIPE,SHS75*75*2.3,x-0(?),STEEL/SS400,17
2ICES42Cf8dgD8$lM$$upY,IfcDiscreteAccessory,PLATE,PL9x156.4,5p-5(?),STEEL/SS400,17
1UtutYX7D2qO5mkNyxobA4,IfcDiscreteAccessory,PLATE,PL9x156.4,5p-5(?),STEEL/SS400,17
1V7QLO1C10gh0ECJk06DKm,IfcDiscreteAccessory,PLATE,PL9x100,5p-10(?),STEEL/SS400,17
074CtRkS17YBGrRevfEAq8,IfcDiscreteAccessory,PLATE,PL9x156.4,5p-5(?),STEEL/SS400,17
0NpoPyWJ5Effj9JhJSzvFM,IfcDiscreteAccessory,PLATE,PL9x156.4,5p-5(?),STEEL/SS400,17
0cHjO4y2z90hZk3tfWNcgq,IfcDiscreteAccessory,PLATE,PL9x156.4,5p-5(?),STEEL/SS400,17
1Ndg$n$ynCJvwJbELhiiE1,IfcDiscreteAccessory,PLATE,PL9x100,5p-10(?),STEEL/SS400,17
2$sdeDz_rBJOTUyi1pFL2P,IfcDiscreteAccessory,PLATE,PL9x156.4,5p-5(?),STEEL/SS400,17
002jDRDYf1PQyG2yVFDpwI,IfcDiscreteAccessory,PLATE,PL9x100,5p-10(?),STEEL/SS400,17
2M_G2f7Lv4fvYevjrWddqM,IfcDiscreteAccessory,PLATE,PL9x156.4,5p-5(?),STEEL/SS400,17
1KCNi3i_1C1BHJRokzubtH,IfcDiscreteAccessory,PLATE,PL9x156.4,5p-5(?),STEEL/SS400,17
0iqVjMPlfAL9EbAc7DKt$j,IfcDiscreteAccessory,PLATE,PL9x156.4,5p-5(?),STEEL/SS400,17
0QVfRLhMPE9QvxXvwRY42y,IfcDiscreteAccessory,PLATE,PL9x100,5p-10(?),STEEL/SS400,17
2DBZOqY5T8WO305hcpLIvK,IfcDiscreteAccessory,PLATE,PL9x156.4,5p-5(?),STEEL/SS400,17
0Z8ZgyzTL9ogZCYLC0rvgR,IfcDiscreteAccessory,PLATE,PL9x100,5p-10(?),STEEL/SS400,17
2xIfPwU2P6mh1TYlNe4_2d,IfcDiscreteAccessory,PLATE,PL9x156.4,5p-5(?),STEEL/SS400,17
3a0I20vZ1AGxbUah3vbXlc,IfcDiscreteAccessory,PLATE,PL9x156.4,5p-5(?),STEEL/SS400,17
3DB8ZWfHH1ZxtG_SgERUoG,IfcDiscreteAccessory,PLATE,PL9x100,5p-10(?),STEEL/SS400,17
2ieMFRFyf0evOoVEW9Niuh,IfcDiscreteAccessory,PLATE,PL9x156.4,5p-5(?),STEEL/SS400,17
1MgmEMfI95$9R9ul1xMcOM,IfcDiscreteAccessory,PLATE,PL9x156.4,5p-5(?),STEEL/SS400,17
1afwD07pv25BuhDyrGMzmF,IfcDiscreteAccessory,PIPE,SHS75*75*2.3,x-0(?),STEEL/SS400,17
3PfhykZ7P7chUG16zu8ka_,IfcDiscreteAccessory,PIPE,SHS75*75*2.3,x-0(?),STEEL/SS400,17
2hXysoqpjCAPQzOgJwSlIX,IfcDiscreteAccessory,PIPE,SHS75*75*2.3,x-0(?),STEEL/SS400,17
2iJmBO2mb0euQxW_qXZ8AJ,IfcDiscreteAccessory,PLATE,PL9x156.4,5p-5(?),STEEL/SS400,17
0ZRjz1AwD1496lUOIbR429,IfcDiscreteAccessory,PLATE,PL9x100,5p-10(?),STEEL/SS400,17
3cR2_ehzzCD8Hz4uRQKQ$F,IfcDiscreteAccessory,PLATE,PL9x156.4,5p-5(?),STEEL/SS400,17
19i8LFcbT5K9oz32RfnuhH,IfcDiscreteAccessory,PLATE,PL9x100,5p-10(?),STEEL/SS400,17
2aTfFl8ar1JwiO7y7GWYm4,IfcDiscreteAccessory,PIPE,SHS75*75*2.3,x-0(?),STEEL/SS400,17
0YXXh8FxPE2w7Xeb_Ysxym,IfcDiscreteAccessory,PIPE,SHS75*75*2.3,x-0(?),STEEL/SS400,17
2nQ6iQ8ab8xxWA$qV89hLy,IfcDiscreteAccessory,PIPE,SHS75*75*2.3,x-0(?),STEEL/SS400,17
2kkEr_Hs910uVDrxfcyrqe,IfcDiscreteAccessory,PIPE,SHS75*75*2.3,x-0(?),STEEL/SS400,17
2AOOeNOHP5we5HMDYRUZA9,IfcDiscreteAccessory,PIPE,SHS75*75*2.3,x-0(?),STEEL/SS400,17
1042J3a0n8RwLq4ueYy0Pk,IfcDiscreteAccessory,PIPE,SHS75*75*2.3,x-0(?),STEEL/SS400,17
3jZoCY7KbEiOWzvzrHn2F9,IfcDiscreteAccessory,PIPE,SHS75*75*2.3,x-0(?),STEEL/SS400,17
0AAkANtPn1ggRitMPGwBD1,IfcDiscreteAccessory,PIPE,SHS75*75*2.3,x-0(?),STEEL/SS400,17
2BaKSUfLb59fim1xPi9VVZ,IfcDiscreteAccessory,PIPE,SHS75*75*2.3,x-0(?),STEEL/SS400,17
3FFpSfVTrDywyQ0YNNtIjv,IfcDiscreteAccessory,CAP PLATE,PL4.5x93.6,p-0(?),STEEL/SS400,17
2_T$_3aaf6gA6qNVqRt0Cb,IfcDiscreteAccessory,CAP PLATE,PL4.5x93.6,p-0(?),STEEL/SS400,17
2oOC1oypL9YwpcBjRD3xSB,IfcDiscreteAccessory,PLATE,PL9x156.4,5p-5(?),STEEL/SS400,17
2m2I9560f8iuInS9HgiCX9,IfcDiscreteAccessory,PLATE,PL9x100,5p-10(?),STEEL/SS400,17
1zhh0Bvy1BtxfvUIOQaPZl,IfcDiscreteAccessory,PLATE,PL9x156.4,5p-5(?),STEEL/SS400,17
15mqIkh555_AaNftkiwXSI,IfcDiscreteAccessory,PLATE,PL9x100,5p-10(?),STEEL/SS400,17
0gDawF9YH4tPMQuFrvCyju,IfcDiscreteAccessory,CAP PLATE,PL4.5x93.6,p-0(?),STEEL/SS400,17
0Yu2rHD3D4seuPAdCmC_XJ,IfcDiscreteAccessory,CAP PLATE,PL4.5x93.6,p-0(?),STEEL/SS400,17
3PHKaRcUzFywGpesS3PYmm,IfcDiscreteAccessory,CAP PLATE,PL4.5x93.6,p-0(?),STEEL/SS400,17
0CuQXu4rzALAhuk7SrCNZ9,IfcDiscreteAccessory,CAP PLATE,PL4.5x93.6,p-0(?),STEEL/SS400,17
1w8mPhIlv3temsQ3VOx$xQ,IfcDiscreteAccessory,PLATE,PL9x156.4,5p-5(?),STEEL/SS400,17
3kCR69TV5EyP8giV2TFb9H,IfcDiscreteAccessory,PLATE,PL9x100,5p-10(?),STEEL/SS400,17
3jQrleZurEy8j1NUrJQ$0S,IfcDiscreteAccessory,PLATE,PL9x156.4,5p-5(?),STEEL/SS400,17
13_4vsayX6BR64Cjxkwqle,IfcDiscreteAccessory,PLATE,PL9x100,5p-10(?),STEEL/SS400,17
1rsI5ySOD9aQi1ZKwE81mr,IfcDiscreteAccessory,PLATE,PL9x156.4,5p-5(?),STEEL/SS400,17
0ZB8Ya3mT3mfXuGebXVun_,IfcDiscreteAccessory,PLATE,PL9x100,5p-10(?),STEEL/SS400,17
0ot_dCH159IhPpb7ss8xkq,IfcDiscreteAccessory,PLATE,PL9x156.4,5p-5(?),STEEL/SS400,17
03d6df_M96zxTjyh825D3F,IfcDiscreteAccessory,PLATE,PL9x100,5p-10(?),STEEL/SS400,17
2gO21pmNj7WO_hLWOc9D$y,IfcDiscreteAccessory,CAP PLATE,PL4.5x93.6,p-0(?),STEEL/SS400,17
2UGJwEHt56zBm4eiRhX8kF,IfcDiscreteAccessory,CAP PLATE,PL4.5x93.6,p-0(?),STEEL/SS400,17
1P$dfRm75Dj9d6pjPmyq6S,IfcDiscreteAccessory,CAP PLATE,PL4.5x93.6,p-0(?),STEEL/SS400,17
1pA9mOk71EkvhTVnWrABwJ,IfcDiscreteAccessory,CAP PLATE,PL4.5x93.6,p-0(?),STEEL/SS400,17
2Byf8UsmHESPgM9hLqgPB0,IfcDiscreteAccessory,PLATE,PL9x156.4,5p-5(?),STEEL/SS400,17
0iWqaz5w17AOFar9Zc87VR,IfcDiscreteAccessory,PLATE,PL9x100,5p-10(?),STEEL/SS400,17
0h9nmzeBf5neYoliYgVuhr,IfcDiscreteAccessory,PLATE,PL9x156.4,5p-5(?),STEEL/SS400,17
1fc_fb0MLAgOoYXC$Nmgsj,IfcDiscreteAccessory,PLATE,PL9x100,5p-10(?),STEEL/SS400,17
1rSq$mYF9EbeOfK4PGcb1M,IfcDiscreteAccessory,PLATE,PL9x156.4,5p-5(?),STEEL/SS400,17
0v1mwTWwPDW81teFCD_o3I,IfcDiscreteAccessory,PLATE,PL9x100,5p-10(?),STEEL/SS400,17
24DAZQUcT9pgrd3fiPgbUB,IfcDiscreteAccessory,PLATE,PL9x156.4,5p-5(?),STEEL/SS400,17
3wcl0eMEHBmfmlDS17OPrc,IfcDiscreteAccessory,PLATE,PL9x100,5p-10(?),STEEL/SS400,17
1Eqqwya3P7zAWQVURuM2$q,IfcDiscreteAccessory,CAP PLATE,PL4.5x93.6,p-0(?),STEEL/SS400,17
05nDK9sv18UQUPlmUCoVJ3,IfcDiscreteAccessory,CAP PLATE,PL4.5x93.6,p-0(?),STEEL/SS400,17
3Rs2YGUMbDpeT_rcAgXms$,IfcDiscreteAccessory,PLATE,PL9x156.4,5p-5(?),STEEL/SS400,17
28Hh3_MT5CsOuP5zzGTmgV,IfcDiscreteAccessory,PLATE,PL9x100,5p-10(?),STEEL/SS400,17
1gt$6v6gz5CffmzgIiKOTR,IfcDiscreteAccessory,PLATE,PL9x156.4,5p-5(?),STEEL/SS400,17
1IUZFg2Gn2EgLYZ1$krq6r,IfcDiscreteAccessory,PLATE,PL9x100,5p-10(?),STEEL/SS400,17
0D$0nKSSfDKufafViP0C2l,IfcDiscreteAccessory,CAP PLATE,PL4.5x93.6,p-0(?),STEEL/SS400,17
3cZFk7ulT9RApzri$EmbYx,IfcDiscreteAccessory,CAP PLATE,PL4.5x93.6,p-0(?),STEEL/SS400,17
05p0nzL0r1TAExw1__4T3O,IfcDiscreteAccessory,PLATE,PL9x156.4,5p-5(?),STEEL/SS400,17
3w_2R8h8T9hv7Vequ_s4ga,IfcDiscreteAccessory,PLATE,PL9x100,5p-10(?),STEEL/SS400,17
3X8fU7Dp1FBPDG1O26qTsx,IfcDiscreteAccessory,PLATE,PL9x156.4,5p-5(?),STEEL/SS400,17
04YNb6OCH73QvKWTe6NQXP,IfcDiscreteAccessory,PLATE,PL9x100,5p-10(?),STEEL/SS400,17
2i6fruED52KxFpsM6DFoVG,IfcDiscreteAccessory,PIPE,SHS75*75*2.3,x-0(?),STEEL/SS400,17
19dF7LSaD39PWsDv1m4pYO,IfcDiscreteAccessory,PIPE,SHS75*75*2.3,x-0(?),STEEL/SS400,17
3j6_M1goz7je9Ef3Lcn4E0,IfcDiscreteAccessory,PIPE,SHS75*75*2.3,x-0(?),STEEL/SS400,17
12Qb7ZUo9E$gSrIQ4tWwMe,IfcDiscreteAccessory,CAP PLATE,PL4.5x93.6,p-0(?),STEEL/SS400,17
2uHf_07QzF9RiZshNaY_Bn,IfcDiscreteAccessory,PLATE,PL9x156.4,5p-5(?),STEEL/SS400,17
2XZlykTw94lR7XwTV9DnSt,IfcDiscreteAccessory,PLATE,PL9x100,5p-10(?),STEEL/SS400,17
3IZk$6a9LEHwR3kKhrYSvV,IfcDiscreteAccessory,CAP PLATE,PL4.5x93.6,p-0(?),STEEL/SS400,17
2fkjIfgLX4ORabO3_3JuNv,IfcDiscreteAccessory,PLATE,PL9x156.4,5p-5(?),STEEL/SS400,17
3Z8jAMgcX7wwQVS9ntqiox,IfcDiscreteAccessory,PLATE,PL9x100,5p-10(?),STEEL/SS400,17
2oaCGlJV16Phs_5Yjz94h_,IfcDiscreteAccessory,CAP PLATE,PL4.5x42.3,p-0(?),STEEL/SS400,17
3x13Bn0FjEXh_nvGluTxM_,IfcDiscreteAccessory,CAP PLATE,PL4.5x42.3,p-0(?),STEEL/SS400,17
2PE70KvV92nBD2fKNdW2g6,IfcDiscreteAccessory,CAP PLATE,PL4.5x42.3,p-0(?),STEEL/SS400,17
1lLY6QnKfCkPUF9y0NDMxF,IfcDiscreteAccessory,CAP PLATE,PL4.5x42.3,p-0(?),STEEL/SS400,17
3979R1nC16cuP3G09VmoSy,IfcDiscreteAccessory,PLATE,PL9x254.5,P-0(?),STEEL/SS400,17
35RzZxGLT9rfhJoU7IhS9X,IfcDiscreteAccessory,PLATE,PL9x171.8,P-0(?),STEEL/SS400,17
3kU294Ltb5_OG_c4T8R3bI,IfcDiscreteAccessory,CAP PLATE,PL4.5x42.3,p-0(?),STEEL/SS400,17
2jb1Ebd_n4dQ5nzmF5fSzi,IfcDiscreteAccessory,CAP PLATE,PL4.5x42.3,p-0(?),STEEL/SS400,17
3irTQtneDCUgUHoCa703Do,IfcDiscreteAccessory,CAP PLATE,PL4.5x42.3,p-0(?),STEEL/SS400,17
0U$yi214H1$fANBcPPeqm0,IfcDiscreteAccessory,CAP PLATE,PL4.5x42.3,p-0(?),STEEL/SS400,17
3xPmVlREXBbxiYwhgVWdZl,IfcDiscreteAccessory,PLATE,PL9x254.5,P-0(?),STEEL/SS400,17
3viZTtQTT9sPb0TvJU2JEw,IfcDiscreteAccessory,PLATE,PL9x171.8,P-0(?),STEEL/SS400,17
3W57uhW8H5QhH8NxfvqBgs,IfcDiscreteAccessory,CAP PLATE,PL4.5x42.3,p-0(?),STEEL/SS400,17
051A3YPOT1QeLnI$yksCdY,IfcDiscreteAccessory,CAP PLATE,PL4.5x42.3,p-0(?),STEEL/SS400,17
1MclD_bLD53uHRtFlXBlHj,IfcDiscreteAccessory,CAP PLATE,PL4.5x42.3,p-0(?),STEEL/SS400,17
119y35R2nBVvganWk4oPHK,IfcDiscreteAccessory,CAP PLATE,PL4.5x42.3,p-0(?),STEEL/SS400,17
2BB5Yt3BL4LRtNLT8CbqJX,IfcDiscreteAccessory,PLATE,PL9x254.5,P-0(?),STEEL/SS400,17
1XZA05pMnCiQG0Re6diZ8M,IfcDiscreteAccessory,PLATE,PL9x100,P-0(?),STEEL/SS400,17
3Qebhd$HjDy9pZ6GO5miPB,IfcDiscreteAccessory,CAP PLATE,PL4.5x42.3,p-0(?),STEEL/SS400,17
0SXYS7iVfDugZea25ETAjF,IfcDiscreteAccessory,CAP PLATE,PL4.5x42.3,p-0(?),STEEL/SS400,17
0WIe9aCp56Q8CwFYxvnFxf,IfcDiscreteAccessory,CAP PLATE,PL4.5x42.3,p-0(?),STEEL/SS400,17
0PKbuT6S10GuQi0JoHsMti,IfcDiscreteAccessory,CAP PLATE,PL4.5x42.3,p-0(?),STEEL/SS400,17
1vGFghf359vA_jEwKIWMU6,IfcDiscreteAccessory,PLATE,PL9x254.5,P-0(?),STEEL/SS400,17
0NVGLlg719KRiEkP780iSd,IfcDiscreteAccessory,PLATE,PL9x100,P-0(?),STEEL/SS400,17
3rDRIsZS94FewDSJaQuw0R,IfcDiscreteAccessory,CAP PLATE,PL4.5x42.3,p-0(?),STEEL/SS400,17
2WFnK_bfXAz9O2rDqDDoyf,IfcDiscreteAccessory,CAP PLATE,PL4.5x42.3,p-0(?),STEEL/SS400,17
2aLyBExnb3GP01r64O6fi7,IfcDiscreteAccessory,CAP PLATE,PL4.5x42.3,p-0(?),STEEL/SS400,17
0iAwjnTbD57hXocozuPJUg,IfcDiscreteAccessory,CAP PLATE,PL4.5x42.3,p-0(?),STEEL/SS400,17
2LdnbIN$vDBR13CdxK_Axy,IfcDiscreteAccessory,PLATE,PL9x254.5,P-0(?),STEEL/SS400,17
1RenNvQl98hep_gb9p8k5M,IfcDiscreteAccessory,PLATE,PL9x100,P-0(?),STEEL/SS400,17
1uCqke0VD8oeMuAkrLI61T,IfcDiscreteAccessory,CAP PLATE,PL4.5x42.3,p-0(?),STEEL/SS400,17
1qGdjVD3rETPtKXrs3jx$y,IfcDiscreteAccessory,CAP PLATE,PL4.5x42.3,p-0(?),STEEL/SS400,17
28jBWN97j0ZPIqpExoEBrZ,IfcDiscreteAccessory,CAP PLATE,PL4.5x42.3,p-0(?),STEEL/SS400,17
2OeIxg5Cv20g6Evre85nhT,IfcDiscreteAccessory,CAP PLATE,PL4.5x42.3,p-0(?),STEEL/SS400,17
0ogfL8DP9809orrxtId7_Z,IfcDiscreteAccessory,PLATE,PL9x254.5,P-0(?),STEEL/SS400,17
0ttOVgRkH5uw_DwCw4EtcO,IfcDiscreteAccessory,PLATE,PL9x171.8,P-0(?),STEEL/SS400,17
2H6M_tRGD0lfeErTRvkTb_,IfcDiscreteAccessory,CAP PLATE,PL4.5x42.3,p-0(?),STEEL/SS400,17
0iOZq7_DT6HeVG541_kZfI,IfcDiscreteAccessory,CAP PLATE,PL4.5x42.3,p-0(?),STEEL/SS400,17
3p$jb0tuj1iBIAzU79N5CD,IfcDiscreteAccessory,CAP PLATE,PL4.5x42.3,p-0(?),STEEL/SS400,17
3nkGL9zljFlh2v4ZtSXW$J,IfcDiscreteAccessory,CAP PLATE,PL4.5x42.3,p-0(?),STEEL/SS400,17
2fgMa1Ghn9rxelyIZ6dr2K,IfcDiscreteAccessory,PLATE,PL9x254.5,P-0(?),STEEL/SS400,17
0swgpCMjj4vg54nJHo7TE1,IfcDiscreteAccessory,PLATE,PL9x171.8,P-0(?),STEEL/SS400,17
0vDUgURFLBYB_l413YzlBy,IfcDiscreteAccessory,CAP PLATE,PL4.5x42.3,p-0(?),STEEL/SS400,17
1VJJNUJsj1Sg0b2sNEw9Rl,IfcDiscreteAccessory,CAP PLATE,PL4.5x42.3,p-0(?),STEEL/SS400,17
0neJfPGgzEcODiEFORvbkO,IfcDiscreteAccessory,CAP PLATE,PL4.5x42.3,p-0(?),STEEL/SS400,17
1WQO1U9gL6nBFYBoj09VFi,IfcDiscreteAccessory,CAP PLATE,PL4.5x42.3,p-0(?),STEEL/SS400,17
0P3GJCPSH2JeRJdnhfIL9f,IfcDiscreteAccessory,PLATE,PL9x254.5,P-0(?),STEEL/SS400,17
3I8CqV73T4fgGU1wcVs4e9,IfcDiscreteAccessory,PLATE,PL9x171.8,P-0(?),STEEL/SS400,17
3nCagK22X2ouBfUpdxs7qJ,IfcDiscreteAccessory,CAP PLATE,PL4.5x42.3,p-0(?),STEEL/SS400,17
3nJoPzr895APQYfHZPtQlK,IfcDiscreteAccessory,CAP PLATE,PL4.5x42.3,p-0(?),STEEL/SS400,17
2GQc$KJYzFMe7eBsVL9gyf,IfcDiscreteAccessory,CAP PLATE,PL4.5x42.3,p-0(?),STEEL/SS400,17
0W4m1foHbDGepXZnHEDLyk,IfcDiscreteAccessory,CAP PLATE,PL4.5x42.3,p-0(?),STEEL/SS400,17
1RFOOVChj9GukkdCDNY57H,IfcDiscreteAccessory,PLATE,PL9x254.5,P-0(?),STEEL/SS400,17
2e7HCCM_j4bQge69jv$9kM,IfcDiscreteAccessory,PLATE,PL9x171.8,P-0(?),STEEL/SS400,17
0WpLWH_arEtQY2SE5DSsnl,IfcDiscreteAccessory,CAP PLATE,PL4.5x42.3,p-0(?),STEEL/SS400,17
0SrD5hE0H1qQwqHc0jT1_P,IfcDiscreteAccessory,CAP PLATE,PL4.5x42.3,p-0(?),STEEL/SS400,17
2SfA49EYn8x9hoJcAmqJe7,IfcDiscreteAccessory,CAP PLATE,PL4.5x42.3,p-0(?),STEEL/SS400,17
2y6uNdv61B7xZf28UrJRBz,IfcDiscreteAccessory,CAP PLATE,PL4.5x42.3,p-0(?),STEEL/SS400,17
1bqQPsRATABPXV6mlDgZbG,IfcDiscreteAccessory,PLATE,PL9x254.5,P-0(?),STEEL/SS400,17
0AIIyd9DvC8B$ehzAFuFph,IfcDiscreteAccessory,PLATE,PL9x171.8,P-0(?),STEEL/SS400,17
3aV2z$hzv1DvcupJSoPevD,IfcDiscreteAccessory,CAP PLATE,PL4.5x42.3,p-0(?),STEEL/SS400,17
07fBTIhi90tePM$vw6Yosr,IfcDiscreteAccessory,CAP PLATE,PL4.5x42.3,p-0(?),STEEL/SS400,17
3DxmS3LKr49vh2tbh6USgB,IfcDiscreteAccessory,CAP PLATE,PL4.5x42.3,p-0(?),STEEL/SS400,17
0FG9ftsyL7DvwMbDZHfrgk,IfcDiscreteAccessory,CAP PLATE,PL4.5x42.3,p-0(?),STEEL/SS400,17
1lOCtpFbrFkAUJv7EDcpYn,IfcDiscreteAccessory,PLATE,PL9x254.5,P-0(?),STEEL/SS400,17
0cFOuRk0z7_h47GNHLHW4P,IfcDiscreteAccessory,PLATE,PL9x171.8,P-0(?),STEEL/SS400,17
36fILPkKf6tuzfoW0a7L71,IfcDiscreteAccessory,CAP PLATE,PL4.5x42.3,p-0(?),STEEL/SS400,17
0idDfvhLTEbgWQZq5KHK7l,IfcDiscreteAccessory,CAP PLATE,PL4.5x42.3,p-0(?),STEEL/SS400,17
1APec9uu137B9xBtCEUJWO,IfcDiscreteAccessory,CAP PLATE,PL4.5x42.3,p-0(?),STEEL/SS400,17
3Qu3nXp4X2x9asImIC4kD$,IfcDiscreteAccessory,CAP PLATE,PL4.5x42.3,p-0(?),STEEL/SS400,17
0uZem90XXAxvv2juscYNQn,IfcDiscreteAccessory,PLATE,PL9x254.5,P-0(?),STEEL/SS400,17
3n6zzMG156e9xN3VN_l0Y6,IfcDiscreteAccessory,PLATE,PL9x171.8,P-0(?),STEEL/SS400,17
1WGb4qc3jCOBMPkXcKJW6F,IfcDiscreteAccessory,CAP PLATE,PL4.5x42.3,p-0(?),STEEL/SS400,17
1KG3ZjeOT7DA5dO4Ob2KhZ,IfcDiscreteAccessory,CAP PLATE,PL4.5x42.3,p-0(?),STEEL/SS400,17
1sYx1N3ej9nP1aE2hhGW1I,IfcDiscreteAccessory,CAP PLATE,PL4.5x42.3,p-0(?),STEEL/SS400,17
28tzjUB0PChu0aMg1CIVcj,IfcDiscreteAccessory,CAP PLATE,PL4.5x42.3,p-0(?),STEEL/SS400,17
1JDOUwQor0JgtHjndLbAA3,IfcDiscreteAccessory,PLATE,PL9x254.5,P-0(?),STEEL/SS400,17
0aUn11uMn2ZxFtevDrY7FK,IfcDiscreteAccessory,PLATE,PL9x171.8,P-0(?),STEEL/SS400,17
0CG5x49obFMxcww94mUNTS,IfcDiscreteAccessory,PIPE,SHS75*75*2.3,x-0(?),STEEL/SS400,17
1Eo7f0PTf4URKgmCBdwQsv,IfcDiscreteAccessory,PIPE,SHS75*75*2.3,x-0(?),STEEL/SS400,17
1v5goBkTD06AbSKMvwab8u,IfcDiscreteAccessory,PIPE,SHS75*75*2.3,x-0(?),STEEL/SS400,17
0rnm_AxMr7$w8ZDVAt7yKe,IfcDiscreteAccessory,PIPE,SHS75*75*2.3,x-0(?),STEEL/SS400,17
0FHLzsGUr72O5EjH32MBgV,IfcDiscreteAccessory,PIPE,SHS75*75*2.3,x-0(?),STEEL/SS400,17
02_HnQRVrFneApNqHsl$w7,IfcDiscreteAccessory,PIPE,SHS75*75*2.3,x-0(?),STEEL/SS400,17
3VHlA$8nzBigIm_lyhlgiy,IfcDiscreteAccessory,CAP PLATE,PL4.5x42.3,p-0(?),STEEL/SS400,17
1hCFjy9az5$OsQuci1hcmz,IfcDiscreteAccessory,CAP PLATE,PL4.5x42.3,p-0(?),STEEL/SS400,17
3C0ea1pcjBqPoU95dxWlJA,IfcDiscreteAccessory,CAP PLATE,PL4.5x42.3,p-0(?),STEEL/SS400,17
2YP5c9uej9beqNhkqtwy9g,IfcDiscreteAccessory,CAP PLATE,PL4.5x42.3,p-0(?),STEEL/SS400,17
2XgiQtcvr4TwTh2nUbb0tu,IfcDiscreteAccessory,PLATE,PL9x254.5,P-0(?),STEEL/SS400,17
2PSZojNPPFZvOIZ6Z4ZUgF,IfcDiscreteAccessory,PLATE,PL9x100,P-0(?),STEEL/SS400,17
2R5dsFqnn0bRYHLXt9U2zC,IfcDiscreteAccessory,CAP PLATE,PL4.5x42.3,p-0(?),STEEL/SS400,17
1CSwi68Ej14u__uCHDHr6q,IfcDiscreteAccessory,CAP PLATE,PL4.5x42.3,p-0(?),STEEL/SS400,17
3RbvW74Rf3ohIf3e7T2RUP,IfcDiscreteAccessory,CAP PLATE,PL4.5x42.3,p-0(?),STEEL/SS400,17
1Y8pR0cX94ag2hBKa7judn,IfcDiscreteAccessory,CAP PLATE,PL4.5x42.3,p-0(?),STEEL/SS400,17
0ziz83GB53YRQwftAvOiui,IfcDiscreteAccessory,PLATE,PL9x254.5,P-0(?),STEEL/SS400,17
14jxTza951xeb57jnnaJTU,IfcDiscreteAccessory,PLATE,PL9x171.8,P-0(?),STEEL/SS400,17
1CtZeZG717kuVXphNfRJCv,IfcDiscreteAccessory,PIPE,SHS75*75*2.3,x-0(?),STEEL/SS400,17
1LI3w2ynj8ffS1xcTZpkFG,IfcDiscreteAccessory,PIPE,SHS75*75*2.3,x-0(?),STEEL/SS400,17
3A01G7Z$f0Ig1PqUL6V36i,IfcDiscreteAccessory,PIPE,SHS75*75*2.3,x-0(?),STEEL/SS400,17
1po0ned$PF2u7tGXC6CKLs,IfcDiscreteAccessory,PIPE,SHS75*75*2.3,x-0(?),STEEL/SS400,17
1O$TMaVF5DFRKJOoMg$le8,IfcDiscreteAccessory,CAP PLATE,PL4.5x42.3,p-0(?),STEEL/SS400,17
3RlRxFqlLChfOsRAVGOkzY,IfcDiscreteAccessory,CAP PLATE,PL4.5x42.3,p-0(?),STEEL/SS400,17
1U6W8J6Mb0TgDz2PdYfFmU,IfcDiscreteAccessory,CAP PLATE,PL4.5x42.3,p-0(?),STEEL/SS400,17
01EKvG0znFRB5RZ4SauaM4,IfcDiscreteAccessory,CAP PLATE,PL4.5x42.3,p-0(?),STEEL/SS400,17
2W1hRElm12tOuePpWcGI_3,IfcDiscreteAccessory,PLATE,PL9x254.5,P-0(?),STEEL/SS400,17
10fU9LjPHCQPk6mzNonToQ,IfcDiscreteAccessory,PLATE,PL9x171.8,P-0(?),STEEL/SS400,17
101tkijZ14ewuCnyUojzoi,IfcDiscreteAccessory,CAP PLATE,PL4.5x93.6,p-0(?),STEEL/SS400,17
1tf$TdXif2GheFo7Dgooh2,IfcDiscreteAccessory,CAP PLATE,PL4.5x93.6,p-0(?),STEEL/SS400,17
3baW3Bn6P6xwapY1yYJf2t,IfcDiscreteAccessory,CAP PLATE,PL4.5x93.6,p-0(?),STEEL/SS400,17
0Sxy82xAv5RuL1Pd6d4_zK,IfcDiscreteAccessory,CAP PLATE,PL4.5x93.6,p-0(?),STEEL/SS400,17
1L7fI6KdD6BOWDSEVt0J4v,IfcDiscreteAccessory,PIPE,SHS100*100*3.2,x-0(?),STEEL/SS400,17
3X7_EzlejDl9aRojVGU4NM,IfcDiscreteAccessory,PIPE,SHS100*100*3.2,x-0(?),STEEL/SS400,17
10FLHlqpD3Q812_17gP8Uw,IfcDiscreteAccessory,PIPE,SHS100*100*3.2,x-0(?),STEEL/SS400,17
1nomse6Cn9zOX1m51EPkV1,IfcDiscreteAccessory,PIPE,SHS100*100*3.2,x-0(?),STEEL/SS400,17
0j0xRlivT5TvGuKlbiDU9z,IfcDiscreteAccessory,PLATE,PL8x80,5p-4(?),STEEL/SS400,17
1omfMFuXfFaRf68N1GIcwJ,IfcDiscreteAccessory,PLATE,PL8x80,5p-4(?),STEEL/SS400,17
0f24jiu$56oBfEltQicx0x,IfcDiscreteAccessory,PLATE,PL8x80,5p-4(?),STEEL/SS400,17
1CpkwzH5z0uw2wXNedT1W6,IfcDiscreteAccessory,PLATE,PL8x80,5p-4(?),STEEL/SS400,17
1ot6ip$lf77h$37Agtdp_0,IfcDiscreteAccessory,PLATE,PL8x80,5p-4(?),STEEL/SS400,17
3Rs15_kCX858dEokQLvwBv,IfcDiscreteAccessory,PLATE,PL8x80,5p-4(?),STEEL/SS400,17
3U9G$J95n7kvpvKh9hw7tn,IfcDiscreteAccessory,CAP PLATE,PL4.5x93.6,p-0(?),STEEL/SS400,17
2fJQ170mrEahHvgfIDmC_5,IfcDiscreteAccessory,PIPE,SHS100*100*3.2,x-0(?),STEEL/SS400,17
0trozxBX53iQWnuSfNxY7B,IfcDiscreteAccessory,CAP PLATE,PL4.5x93.6,p-0(?),STEEL/SS400,17
07VmFSHaLCHBRs9Fc6Ewsb,IfcDiscreteAccessory,PIPE,SHS100*100*3.2,x-0(?),STEEL/SS400,17
0jOaXx$P96ru6ETEzx$hnC,IfcDiscreteAccessory,CAP PLATE,PL4.5x93.6,p-0(?),STEEL/SS400,17
1asgS7Mo18vuBUdo5TdNTr,IfcDiscreteAccessory,PIPE,SHS100*100*3.2,x-0(?),STEEL/SS400,17
1n70H7G7f4zPAxyqdOJOSn,IfcDiscreteAccessory,CAP PLATE,PL4.5x93.6,p-0(?),STEEL/SS400,17
2JfsiZ6YL5jf$GBErgE4pf,IfcDiscreteAccessory,PLATE,PL8x80,5p-4(?),STEEL/SS400,17
1Iwkkapqv7qPUButqsFxjx,IfcDiscreteAccessory,PLATE,PL8x80,5p-4(?),STEEL/SS400,17
2YjGnPFObBDe0PAFwDBpBy,IfcDiscreteAccessory,PLATE,PL8x80,5p-4(?),STEEL/SS400,17
0sxEWbUwPFYAn$XuCj4AqG,IfcDiscreteAccessory,PLATE,PL8x80,5p-4(?),STEEL/SS400,17
14jpbXwgDEaxhtJQp2UurN,IfcDiscreteAccessory,PLATE,PL8x80,5p-4(?),STEEL/SS400,17
2C9qrDxOTEduuOkfB7SSv2,IfcDiscreteAccessory,PLATE,PL8x80,5p-4(?),STEEL/SS400,17
3mO3XuSEf7vPGxaFzuw5Sz,IfcDiscreteAccessory,PIPE,SHS100*100*3.2,x-0(?),STEEL/SS400,17
0dIMYjCU18hwutUSnrYlHQ,IfcDiscreteAccessory,CAP PLATE,PL4.5x93.6,p-0(?),STEEL/SS400,17
17mDxbVGj8CPhHW_Ts6qxU,IfcDiscreteAccessory,CAP PLATE,PL4.5x93.6,p-0(?),STEEL/SS400,17
0HXoxXmW1CJ9h7Nly2fgKC,IfcDiscreteAccessory,CAP PLATE,PL4.5x93.6,p-0(?),STEEL/SS400,17
1NYk6KAx9BFOEu$dyUJjN0,IfcDiscreteAccessory,CAP PLATE,PL4.5x93.6,p-0(?),STEEL/SS400,17
1zkgvj$Jr1exCipSXdBo7j,IfcDiscreteAccessory,CAP PLATE,PL4.5x93.6,p-0(?),STEEL/SS400,17
2sgDd32AP5kRYAMwiHfDtO,IfcDiscreteAccessory,CAP PLATE,PL4.5x93.6,p-0(?),STEEL/SS400,17
1gIAdzBO579wM_WXTqDUte,IfcDiscreteAccessory,CAP PLATE,PL4.5x93.6,p-0(?),STEEL/SS400,17
3Pi6YPoJb4PBfRkxE4suNa,IfcDiscreteAccessory,CAP PLATE,PL4.5x93.6,p-0(?),STEEL/SS400,17
0la5LV9UL1qg3wdkFWHmKg,IfcDiscreteAccessory,CAP PLATE,PL4.5x93.6,p-0(?),STEEL/SS400,17
1bOEc8loT8oxJqHtWhiF2K,IfcDiscreteAccessory,CAP PLATE,PL4.5x93.6,p-0(?),STEEL/SS400,17
0fwXQrHaz6pQB7hyH4dEtI,IfcDiscreteAccessory,PLATE,PL12x420,P-0(?),STEEL/SS400,17
02RIWUFdjFw89H5Fdz3bym,IfcDiscreteAccessory,BACKINGBAR,PL9x25,P-0(?),STEEL/SS400,17
35CRdnePn2lB0PzyLmxZFf,IfcDiscreteAccessory,PLATE,PL12x420,P-0(?),STEEL/SS400,17
3ChgQuZcrCF8N$GpnwHChm,IfcDiscreteAccessory,NUT,M16_NUT,z-156(?),STEEL/SS400,17
0OSWtacRz9PPWMcIDY5ZE0,IfcDiscreteAccessory,WASHER,PD32x8,z-155(?),STEEL/SS400,17
0iYUFJ6qPEuhnFgkx6XFp6,IfcDiscreteAccessory,NUT,M16_NUT,z-156(?),STEEL/SS400,17
3WIRft655CTOcsU2vNft8c,IfcDiscreteAccessory,WASHER,PD32x8,z-155(?),STEEL/SS400,17
0XldUlAsz2bucw$EEaGC6t,IfcDiscreteAccessory,NUT,M16_NUT,z-156(?),STEEL/SS400,17
2OkVp4h9DBKORaR_Aq90Vx,IfcDiscreteAccessory,WASHER,PD32x8,z-155(?),STEEL/SS400,17
0WUsvtHR9568AidDt6IFR7,IfcDiscreteAccessory,NUT,M16_NUT,z-156(?),STEEL/SS400,17
2mBSsg_Q55J9fXvj6sMDSL,IfcDiscreteAccessory,WASHER,PD32x8,z-155(?),STEEL/SS400,17
3MqLkuBQvERPQR8csrfuc9,IfcDiscreteAccessory,NUT,M16_NUT,z-156(?),STEEL/SS400,17
1ejTYHyD1ExgqQfMVdfwNP,IfcDiscreteAccessory,WASHER,PD32x8,z-155(?),STEEL/SS400,17
29yD17jaX9xfm63TKES58C,IfcDiscreteAccessory,PLATE,PL9x240,5bpl-1(?),STEEL/SS400,17
220OxxZP98iwvsWxWYwAyn,IfcDiscreteAccessory,PIPE,SHS100*100*3.2,x-0(?),STEEL/SS400,17
1dMhqk3G58swmLzyKxUSJn,IfcDiscreteAccessory,PIPE,SHS100*100*3.2,x-0(?),STEEL/SS400,17
2WM2wSqor9FB4XjGVrPf21,IfcDiscreteAccessory,PIPE,SHS100*100*3.2,x-0(?),STEEL/SS400,17
3irR$TIu5Ax8TqnAoLj8QQ,IfcDiscreteAccessory,PIPE,SHS100*100*3.2,x-0(?),STEEL/SS400,17
2MbPkWQeLA0ONipzLie4Ht,IfcDiscreteAccessory,PIPE,SHS100*100*3.2,x-0(?),STEEL/SS400,17
38Fl$yA$n6YfuJHeSHUdyf,IfcDiscreteAccessory,PIPE,SHS100*100*3.2,x-0(?),STEEL/SS400,17
0M8mG$NkP9KhjnW6LLPBda,IfcDiscreteAccessory,PIPE,SHS100*100*3.2,x-0(?),STEEL/SS400,17
03H4CJgMX93whWT5X_YE$o,IfcDiscreteAccessory,PIPE,SHS100*100*3.2,x-0(?),STEEL/SS400,17
1f6r27pBX5cORPZrrH4po4,IfcDiscreteAccessory,PIPE,SHS100*100*3.2,x-0(?),STEEL/SS400,17
1s$_yjVIXAc8zChHHTSp0s,IfcDiscreteAccessory,PIPE,SHS100*100*3.2,x-0(?),STEEL/SS400,17
27qcmoqFbBQgVJadtSLUjx,IfcDiscreteAccessory,PIPE,SHS100*100*3.2,x-0(?),STEEL/SS400,17
02_CS8_urCie4oIAFUNHhG,IfcDiscreteAccessory,PIPE,SHS100*100*3.2,x-0(?),STEEL/SS400,17
0y5udCyNXDrew3COuJZoBQ,IfcDiscreteAccessory,PIPE,SHS100*100*3.2,x-0(?),STEEL/SS400,17
2Qu6AJdcL1ieIyw1CpAWfq,IfcDiscreteAccessory,PIPE,SHS100*100*3.2,x-0(?),STEEL/SS400,17
3oD9KzYpL8YeKs_gVdSkBf,IfcDiscreteAccessory,PIPE,SHS100*100*3.2,x-436(?),STEEL/SS400,17
2p4YRkdZXFX8q1ORKyINcv,IfcDiscreteAccessory,PIPE,SHS100*100*3.2,x-0(?),STEEL/SS400,17
1YWFhkjpj0XugRiD3ajfxY,IfcDiscreteAccessory,PIPE,SHS100*100*3.2,x-0(?),STEEL/SS400,17
2syW3O7EP0lfZ5oX81ui_2,IfcDiscreteAccessory,PIPE,SHS100*100*3.2,x-0(?),STEEL/SS400,17
1pLk83ben3BQ0job4i1UwD,IfcDiscreteAccessory,PIPE,SHS100*100*3.2,x-0(?),STEEL/SS400,17
2ck31DrCTEeelnoAZvICwj,IfcDiscreteAccessory,PIPE,SHS100*100*3.2,x-435(?),STEEL/SS400,17
3v5FNhco54$geVUA3IWdSf,IfcDiscreteAccessory,PIPE,SHS100*100*3.2,x-0(?),STEEL/SS400,17
0VQXWRS7j2vxXWNtruXsXq,IfcDiscreteAccessory,PIPE,SHS100*100*3.2,x-0(?),STEEL/SS400,17
1HUrVLemX6ceNqswJVOn6K,IfcDiscreteAccessory,PIPE,SHS100*100*3.2,x-434(?),STEEL/SS400,17
3DU2dwRQ50RAHBRGVYFKKa,IfcDiscreteAccessory,PIPE,SHS100*100*3.2,x-434(?),STEEL/SS400,17
0M4JADkbH9bOIFqyLWXNEr,IfcDiscreteAccessory,PIPE,SHS100*100*3.2,x-434(?),STEEL/SS400,17
1hRPxY8YD1MuZfr6TZbnRl,IfcDiscreteAccessory,PIPE,SHS100*100*3.2,x-434(?),STEEL/SS400,17
3xVydqcNb0jgWmIXa4roSd,IfcDiscreteAccessory,PIPE,SHS100*100*3.2,x-434(?),STEEL/SS400,17
0WwGAIvRT619dbOIx76jO8,IfcDiscreteAccessory,PIPE,SHS100*100*3.2,x-435(?),STEEL/SS400,17
35xoU9d9z2Q9cAEV220cOE,IfcDiscreteAccessory,PIPE,SHS100*100*3.2,x-436(?),STEEL/SS400,17
38t2dm9x96EgJjjLsIJUvx,IfcDiscreteAccessory,PIPE,SHS100*100*3.2,x-436(?),STEEL/SS400,17
2GSLyM8M9EBxg6WkJpjTy6,IfcDiscreteAccessory,PIPE,SHS100*100*3.2,x-0(?),STEEL/SS400,17
1yslgEqtL1sfYnCyaVBd6b,IfcDiscreteAccessory,PIPE,SHS100*100*3.2,x-0(?),STEEL/SS400,17
3XxMbxddf9G9F3G9unUnvx,IfcDiscreteAccessory,PIPE,SHS100*100*3.2,x-436(?),STEEL/SS400,17
0e$0GFscn4jundR0rQj9k9,IfcDiscreteAccessory,PIPE,SHS100*100*3.2,x-436(?),STEEL/SS400,17
2dTzwxpt14bPqAyxaN6qCN,IfcDiscreteAccessory,PIPE,SHS100*100*3.2,x-0(?),STEEL/SS400,17
1ZfZGf9Kv7Wvc7JbEqWzpk,IfcDiscreteAccessory,PIPE,SHS100*100*3.2,x-0(?),STEEL/SS400,17
3MZUyVUhP2LgjBvPvE6Dre,IfcDiscreteAccessory,PIPE,SHS100*100*3.2,x-0(?),STEEL/SS400,17
3HOja8Dcv89ex7v6yldk8h,IfcDiscreteAccessory,PIPE,SHS100*100*3.2,x-0(?),STEEL/SS400,17
0xsgWBfqD0iBDIoM7sffOp,IfcDiscreteAccessory,PIPE,SHS100*100*3.2,x-435(?),STEEL/SS400,17
0_N3buRVf3uPfNtHfGcO4t,IfcDiscreteAccessory,PIPE,SHS100*100*3.2,x-0(?),STEEL/SS400,17
2EKagpMLT0Mw4HsXJBJ2Eg,IfcDiscreteAccessory,PIPE,SHS100*100*3.2,x-0(?),STEEL/SS400,17
3ctgU2FP5EEf5A9JgYdtJe,IfcDiscreteAccessory,PIPE,SHS100*100*3.2,x-434(?),STEEL/SS400,17
1h7JfmcCTBWfkO2SHhP$pQ,IfcDiscreteAccessory,PIPE,SHS100*100*3.2,x-434(?),STEEL/SS400,17
1aFX2PITTCKOhuICfWkENS,IfcDiscreteAccessory,PIPE,SHS100*100*3.2,x-434(?),STEEL/SS400,17
3qDtneTSHA_hwQeI97XllN,IfcDiscreteAccessory,PIPE,SHS100*100*3.2,x-434(?),STEEL/SS400,17
3X$CoXRZL4HeMQJdeYv_pK,IfcDiscreteAccessory,PIPE,SHS100*100*3.2,x-0(?),STEEL/SS400,17
3NVN6wUPX09x5uR2yc2vt3,IfcDiscreteAccessory,PIPE,SHS100*100*3.2,x-0(?),STEEL/SS400,17
3WY0wvl_1ALQqBIwMG3r78,IfcDiscreteAccessory,PIPE,SHS100*100*3.2,x-434(?),STEEL/SS400,17
1ceTxmcrTADeC4cW5aCseB,IfcDiscreteAccessory,PIPE,SHS100*100*3.2,x-435(?),STEEL/SS400,17
2RKd3DIdr0VBiyUZnHrWRE,IfcDiscreteAccessory,PIPE,SHS100*100*3.2,x-436(?),STEEL/SS400,17
11twn9wOj7HPzxjBXO_EjW,IfcDiscreteAccessory,PIPE,SHS100*100*3.2,x-436(?),STEEL/SS400,17
1lQwq8ldz41QwslU2D04uq,IfcDiscreteAccessory,PLATE,PL12x420,P-0(?),STEEL/SS400,17
1rXNaXt0P9$RO13kfKLUmq,IfcDiscreteAccessory,BACKINGBAR,PL9x25,P-0(?),STEEL/SS400,17
1pdxBfGPD0jxdkDRZdcrxS,IfcDiscreteAccessory,BACKINGBAR,PL9x25,P-0(?),STEEL/SS400,17
1YP6s5_6X1bRvFkaZig$ts,IfcDiscreteAccessory,BACKINGBAR,PL9x25,P-0(?),STEEL/SS400,17
0p6bLYcDvBYxzCtVLvJNhJ,IfcDiscreteAccessory,PLATE,PL12x420,P-0(?),STEEL/SS400,17
3O6sGnWET9yhbRF1CK6HhX,IfcDiscreteAccessory,BACKINGBAR,PL9x25,P-0(?),STEEL/SS400,17
0vxWROph5DTAoQj1KsvS_B,IfcDiscreteAccessory,BACKINGBAR,PL9x25,P-0(?),STEEL/SS400,17
1rJUhzj3D2YApvt2xQHMuu,IfcDiscreteAccessory,BACKINGBAR,PL9x25,P-0(?),STEEL/SS400,17
058U1PlTb1XBAaJd3Rwho2,IfcDiscreteAccessory,NUT,M16_NUT,z-156(?),STEEL/SS400,17
2CfNVKUsf28Oog8y1q8AQh,IfcDiscreteAccessory,WASHER,PD32x8,z-155(?),STEEL/SS400,17
3IQAv4_Fn1gQHJnRbkc710,IfcDiscreteAccessory,NUT,M16_NUT,z-156(?),STEEL/SS400,17
0Elh3a_cDBZPxR25L1fCbE,IfcDiscreteAccessory,WASHER,PD32x8,z-155(?),STEEL/SS400,17
0_32wjKij1QgA97$KI33nw,IfcDiscreteAccessory,NUT,M16_NUT,z-156(?),STEEL/SS400,17
01R96di_H5q81SLTWMySpl,IfcDiscreteAccessory,WASHER,PD32x8,z-155(?),STEEL/SS400,17
3DK4l$y256Of5OFqDrTJ5z,IfcDiscreteAccessory,NUT,M16_NUT,z-156(?),STEEL/SS400,17
2bAa2NaiX7fR7v8DIyDBgC,IfcDiscreteAccessory,WASHER,PD32x8,z-155(?),STEEL/SS400,17
2Vms2KIaP8ng37$hhGhBMz,IfcDiscreteAccessory,NUT,M16_NUT,z-156(?),STEEL/SS400,17
3xYYI_OuX1BgN47V5TyDLO,IfcDiscreteAccessory,WASHER,PD32x8,z-155(?),STEEL/SS400,17
2Zh_fBI55Abw4fJcUasP78,IfcDiscreteAccessory,NUT,M16_NUT,z-156(?),STEEL/SS400,17
3aI5EJykj2QATM09e$WpNT,IfcDiscreteAccessory,WASHER,PD32x8,z-155(?),STEEL/SS400,17
1pZY2yqIT1yhU62b_7XOf_,IfcDiscreteAccessory,PLATE,PL9x240,5bpl-1(?),STEEL/SS400,17
0mRLm0RAv0CwFWr9jMOrrk,IfcDiscreteAccessory,PIPE,SHS125*125*4.5,x-436(?),STEEL/SS400,17
1s59Y6tFXCWx2oPgrH3RcA,IfcDiscreteAccessory,PIPE,SHS100*100*3.2,x-0(?),STEEL/SS400,17
3$LIYV89z4wB2xrnAwT_AX,IfcDiscreteAccessory,PIPE,SHS100*100*3.2,x-0(?),STEEL/SS400,17
03qA45fuX4ZfV5CftV_Fue,IfcDiscreteAccessory,PIPE,SHS100*100*3.2,x-0(?),STEEL/SS400,17
3HUtkCpGf9QxPJOb6bYiPG,IfcDiscreteAccessory,PIPE,SHS100*100*3.2,x-435(?),STEEL/SS400,17
0$9ANNvNH1YRW2JDWgUYBo,IfcDiscreteAccessory,PIPE,SHS100*100*3.2,x-435(?),STEEL/SS400,17
2PD3HB9mf0SA9FXxC101Ur,IfcDiscreteAccessory,PIPE,H-300X150X6.5X9,x-434(?),STEEL/SS400,17
2BnxkIHaf7Aw$ZKjUqcfYM,IfcDiscreteAccessory,PIPE,SHS125*125*4.5,x-436(?),STEEL/SS400,17
1wvyHxzvf679zz1_S88_Fb,IfcDiscreteAccessory,PIPE,SHS125*125*4.5,x-436(?),STEEL/SS400,17
0$WXTmiVnBdPl70DxUUSzC,IfcDiscreteAccessory,PIPE,SHS100*100*3.2,x-0(?),STEEL/SS400,17
2MH5ZQse5Fhf5LwBlHn5GG,IfcDiscreteAccessory,PIPE,H-300X150X6.5X9,x-434(?),STEEL/SS400,17
0_mkQwoVrF0ekyo5h4sl9G,IfcDiscreteAccessory,PIPE,SHS100*100*3.2,x-435(?),STEEL/SS400,17
0oDcItQnPDGOeWOuwHv$dr,IfcDiscreteAccessory,PIPE,SHS125*125*4.5,x-436(?),STEEL/SS400,17
133I0a0KP9m9BOWtPeFysI,IfcDiscreteAccessory,PIPE,SHS100*100*3.2,x-0(?),STEEL/SS400,17
3fWrEeaXL2pPZkV83TywUi,IfcDiscreteAccessory,PIPE,SHS100*100*3.2,x-0(?),STEEL/SS400,17
0EntkF9HH7$fb4A3BGr_sJ,IfcDiscreteAccessory,PIPE,SHS100*100*3.2,x-0(?),STEEL/SS400,17
2c5rH0uwT3Ihl7yajfGwSC,IfcDiscreteAccessory,PIPE,SHS100*100*3.2,x-435(?),STEEL/SS400,17
1Q$4oMIHD9qwcUYJNXTg09,IfcDiscreteAccessory,PIPE,SHS100*100*3.2,x-435(?),STEEL/SS400,17
0CjYNnjKXEfxSDLi5Jbo1i,IfcDiscreteAccessory,PIPE,H-300X150X6.5X9,x-434(?),STEEL/SS400,17
0RdSXXC0538QL4GH67RVHM,IfcDiscreteAccessory,PIPE,SHS125*125*4.5,x-436(?),STEEL/SS400,17
2GcJqcfdf2FfKKvzfl9hst,IfcDiscreteAccessory,PIPE,SHS125*125*4.5,x-436(?),STEEL/SS400,17
3cE4SLjJ93tAHYdQW_6ZRm,IfcDiscreteAccessory,PIPE,SHS100*100*3.2,x-0(?),STEEL/SS400,17
2K4De35Qz32QPJ1PmaNQC7,IfcDiscreteAccessory,PIPE,H-300X150X6.5X9,x-434(?),STEEL/SS400,17
2odDHkldj3NeTkUbqq_C2T,IfcDiscreteAccessory,PIPE,SHS100*100*3.2,x-435(?),STEEL/SS400,17
2GlQl1cTH7seaZCdrQZ8ii,IfcDiscreteAccessory,PIPE,SHS100*100*3.2,x-0(?),STEEL/SS400,17
3Na7MoCmbBcAOZS4Dp9PAU,IfcDiscreteAccessory,PIPE,SHS100*100*3.2,x-0(?),STEEL/SS400,17
1Lj7cc4bf1GR_IEcTs_Mk6,IfcDiscreteAccessory,PIPE,SHS100*100*3.2,x-0(?),STEEL/SS400,17
3TX3M4_Vf3lRSswlOoh$fg,IfcDiscreteAccessory,PIPE,SHS100*100*3.2,x-0(?),STEEL/SS400,17
0af95ESvXCeusCDrFiQj2b,IfcDiscreteAccessory,PIPE,SHS100*100*3.2,x-0(?),STEEL/SS400,17
0oqLN0G$HAfgVl981EjEq2,IfcDiscreteAccessory,PIPE,SHS100*100*3.2,x-0(?),STEEL/SS400,17
0YPmzk8BD4XgIaOfaqelfg,IfcDiscreteAccessory,PIPE,SHS100*100*3.2,x-0(?),STEEL/SS400,17
397aAn9817eeZRR4ciWHO4,IfcDiscreteAccessory,PIPE,SHS100*100*3.2,x-0(?),STEEL/SS400,17
17oJYLD116wuA6ITH56CZN,IfcDiscreteAccessory,PIPE,SHS100*100*3.2,x-0(?),STEEL/SS400,17
26tM_3beb3vQU2Vs6rVm1w,IfcDiscreteAccessory,PIPE,SHS100*100*3.2,x-0(?),STEEL/SS400,17
1v2VkZinH4gOnovc9WiKdZ,IfcDiscreteAccessory,PIPE,SHS100*100*3.2,x-0(?),STEEL/SS400,17
0k_gRAawH0r99FgQFJemIK,IfcDiscreteAccessory,PIPE,SHS100*100*3.2,x-0(?),STEEL/SS400,17
0ESctwvN18LePalVbM8liC,IfcDiscreteAccessory,PIPE,SHS100*100*3.2,x-0(?),STEEL/SS400,17
3DHq8XfqLCk9U4RLgfaIdn,IfcDiscreteAccessory,PIPE,SHS100*100*3.2,x-0(?),STEEL/SS400,17
1Nx8JNFif8JBTBkXDAcrch,IfcDiscreteAccessory,PIPE,SHS100*100*3.2,x-0(?),STEEL/SS400,17
1jz$v9c$P95e2si51Q6ZGS,IfcDiscreteAccessory,PIPE,SHS100*100*3.2,x-0(?),STEEL/SS400,17
2cCu0tpUn4hA3492Ue$1AE,IfcDiscreteAccessory,PIPE,SHS100*100*3.2,x-0(?),STEEL/SS400,17
0qYi1lD$v5S9Xwaw2RfCyp,IfcDiscreteAccessory,PIPE,SHS100*100*3.2,x-0(?),STEEL/SS400,17
3AjGeEVi512hfVfZEK9SrW,IfcDiscreteAccessory,PIPE,SHS100*100*3.2,x-0(?),STEEL/SS400,17
2LpDC6cnH0ZQStaLAXA8Mp,IfcDiscreteAccessory,PIPE,SHS100*100*3.2,x-0(?),STEEL/SS400,17
293dhfQ05A$ALasN$d0Pxl,IfcDiscreteAccessory,PIPE,SHS100*100*3.2,x-0(?),STEEL/SS400,17
0JwIgRL$f8QfqQ2B80UAFY,IfcDiscreteAccessory,PIPE,SHS100*100*3.2,x-0(?),STEEL/SS400,17
2Jy9GljpTFhunPSCKXq$gY,IfcDiscreteAccessory,PIPE,SHS100*100*3.2,x-0(?),STEEL/SS400,17
01YZjbotf5ufwhQpM3HuJ6,IfcDiscreteAccessory,PIPE,SHS100*100*3.2,x-0(?),STEEL/SS400,17
1jhDcTJyL9WvxqBEg4ppQV,IfcDiscreteAccessory,PIPE,SHS100*100*3.2,x-0(?),STEEL/SS400,17
3BKhjDp1v8LgraS9rtTZZP,IfcDiscreteAccessory,PIPE,SHS100*100*3.2,x-0(?),STEEL/SS400,17
3D0U8DQ01BRBhl9vj_7LDy,IfcDiscreteAccessory,PIPE,SHS100*100*3.2,x-0(?),STEEL/SS400,17
37QNYZDHz0dQ1QdbIlvhDs,IfcDiscreteAccessory,PIPE,SHS100*100*3.2,x-0(?),STEEL/SS400,17
2ktOzYCWr8txsLpKSplbzx,IfcDiscreteAccessory,PIPE,SHS100*100*3.2,x-0(?),STEEL/SS400,17
2Keync8oXEzOqdwwnV3TjW,IfcDiscreteAccessory,PIPE,SHS100*100*3.2,x-0(?),STEEL/SS400,17
3u$O0SJ_zCpxSSIuLQspaC,IfcDiscreteAccessory,PIPE,SHS125*125*4.5,x-436(?),STEEL/SS400,17
1roXQUho15aeJWYhkclWoE,IfcDiscreteAccessory,PIPE,SHS100*100*3.2,x-0(?),STEEL/SS400,17
3ivZaJgJf7dxdpqCZX1bpH,IfcDiscreteAccessory,PIPE,SHS100*100*3.2,x-0(?),STEEL/SS400,17
00HoR56TXACOl2EdywkZxQ,IfcDiscreteAccessory,PIPE,SHS100*100*3.2,x-0(?),STEEL/SS400,17
2BIadHMQX4lBpbEEDGTrTi,IfcDiscreteAccessory,PIPE,SHS100*100*3.2,x-435(?),STEEL/SS400,17
0IMIfsWS92n8IqV2Qn7Ccu,IfcDiscreteAccessory,PIPE,SHS100*100*3.2,x-435(?),STEEL/SS400,17
2zOezL60vDsRwPiFSrLZW9,IfcDiscreteAccessory,PIPE,H-300X150X6.5X9,x-434(?),STEEL/SS400,17
2gCQqmY3nDmgMkBfbm4cYV,IfcDiscreteAccessory,PIPE,SHS125*125*4.5,x-436(?),STEEL/SS400,17
1_GwNxryD4t82Ba2A4anBB,IfcDiscreteAccessory,PIPE,SHS125*125*4.5,x-436(?),STEEL/SS400,17
2XJ63RdHv5qRWKAMkaKJqY,IfcDiscreteAccessory,PIPE,SHS100*100*3.2,x-0(?),STEEL/SS400,17
27K_wtJATA1uNaStF8Qou0,IfcDiscreteAccessory,PIPE,H-300X150X6.5X9,x-434(?),STEEL/SS400,17
1jejRLK2XDKvUdDrqJzsum,IfcDiscreteAccessory,PIPE,SHS100*100*3.2,x-435(?),STEEL/SS400,17
2PP7so6cPDBeLxGDlWEwE$,IfcDiscreteAccessory,PIPE,SHS100*100*3.2,x-0(?),STEEL/SS400,17
3ehcj600L4Jxdt7TF5mG6l,IfcDiscreteAccessory,PIPE,SHS100*100*3.2,x-0(?),STEEL/SS400,17
0XQSNQyFr6iOU$vRgY9$79,IfcDiscreteAccessory,PIPE,SHS100*100*3.2,x-0(?),STEEL/SS400,17
2yqaV85vHDbvw8VOwHd8Br,IfcDiscreteAccessory,PIPE,SHS100*100*3.2,x-0(?),STEEL/SS400,17
1uLjAxpMPEmQ04bVwF3s40,IfcDiscreteAccessory,PIPE,SHS100*100*3.2,x-0(?),STEEL/SS400,17
1N$wH7M5j1tfChdoIQv2l$,IfcDiscreteAccessory,PIPE,SHS100*100*3.2,x-0(?),STEEL/SS400,17
09Ta2kzi53T8xuFTuE8nL_,IfcDiscreteAccessory,PIPE,SHS100*100*3.2,x-0(?),STEEL/SS400,17
2uHjC$hlX1NReIXvf_ggct,IfcDiscreteAccessory,PIPE,SHS100*100*3.2,x-0(?),STEEL/SS400,17
0_8zld9dv39wDGk37953aG,IfcDiscreteAccessory,PIPE,SHS100*100*3.2,x-0(?),STEEL/SS400,17
3tM6TdQ8T1xPpDupScheff,IfcDiscreteAccessory,PIPE,SHS100*100*3.2,x-0(?),STEEL/SS400,17
0uj2FifIL4AAlrJiOciE2N,IfcDiscreteAccessory,PIPE,SHS100*100*3.2,x-0(?),STEEL/SS400,17
27FP6GgyH9Mu9p2sIsLfye,IfcDiscreteAccessory,PIPE,SHS100*100*3.2,x-0(?),STEEL/SS400,17
0jrGH9Bv92mveADxkunn3N,IfcDiscreteAccessory,PIPE,SHS100*100*3.2,x-0(?),STEEL/SS400,17
1Muz8utDPF6wBKXUz6ANrP,IfcDiscreteAccessory,PIPE,SHS100*100*3.2,x-0(?),STEEL/SS400,17
3xX3cLRqb1lAy80p90PNN4,IfcDiscreteAccessory,CAP PLATE,PL4.5x93.6,p-0(?),STEEL/SS400,17
3lU_ycLMrCh88_St3S7IQ5,IfcDiscreteAccessory,CAP PLATE,PL4.5x93.6,p-0(?),STEEL/SS400,17
1umNQ2h5f3MwUv6oFk3gex,IfcDiscreteAccessory,CAP PLATE,PL4.5x93.6,p-0(?),STEEL/SS400,17
36Z0vYeI14g8Mj0_UzXjFM,IfcDiscreteAccessory,CAP PLATE,PL4.5x93.6,p-0(?),STEEL/SS400,17
0z4OhA08nFiPMqyRUXmQHL,IfcDiscreteAccessory,CAP PLATE,PL4.5x93.6,p-0(?),STEEL/SS400,17
07hGizwb9ARuSF1Qem$O0O,IfcDiscreteAccessory,PIPE,SHS100*100*3.2,x-0(?),STEEL/SS400,17
2kK2A4zF9DLBO8gkD7XvFp,IfcDiscreteAccessory,PIPE,SHS100*100*3.2,x-0(?),STEEL/SS400,17
1oa$Vc1nvB9g1lOxXuvs48,IfcDiscreteAccessory,PIPE,SHS100*100*3.2,x-436(?),STEEL/SS400,17
0LUMsQNDv3$86$uAzkt3jl,IfcDiscreteAccessory,PIPE,SHS100*100*3.2,x-0(?),STEEL/SS400,17
38UWZyAFH8lgRgkqKq0gm4,IfcDiscreteAccessory,PIPE,SHS100*100*3.2,x-0(?),STEEL/SS400,17
3bms_5Ms17gQr3pgf667Au,IfcDiscreteAccessory,PIPE,SHS100*100*3.2,x-0(?),STEEL/SS400,17
2vChr__Nz71h5h0etHYcXZ,IfcDiscreteAccessory,PIPE,SHS100*100*3.2,x-0(?),STEEL/SS400,17
0Wwg_xklT78OqaRL9bbicS,IfcDiscreteAccessory,PIPE,SHS100*100*3.2,x-435(?),STEEL/SS400,17
2slTqlJfvBtu$lGLBEVsXQ,IfcDiscreteAccessory,PIPE,SHS100*100*3.2,x-0(?),STEEL/SS400,17
0z9YFFb9f8VAH4dN75CriW,IfcDiscreteAccessory,PIPE,SHS100*100*3.2,x-0(?),STEEL/SS400,17
19AGC7dFjE1v905KAJ$bs9,IfcDiscreteAccessory,PIPE,SHS100*100*3.2,x-434(?),STEEL/SS400,17
3pL0ENT5D6JAIPsmkaRzvL,IfcDiscreteAccessory,PIPE,SHS100*100*3.2,x-434(?),STEEL/SS400,17
0uI_cUzYHBHhW0en029wnY,IfcDiscreteAccessory,PIPE,SHS100*100*3.2,x-434(?),STEEL/SS400,17
2gvB48F7D7If0eMX2M8E2s,IfcDiscreteAccessory,PIPE,SHS100*100*3.2,x-434(?),STEEL/SS400,17
04SL$nfWf1lBfpmkEuclyv,IfcDiscreteAccessory,PIPE,SHS100*100*3.2,x-434(?),STEEL/SS400,17
1TDSoOnmPFTvxvRgEFPmv0,IfcDiscreteAccessory,PIPE,SHS100*100*3.2,x-435(?),STEEL/SS400,17
0IM3$$qFf0DgnJ9QcM8sa5,IfcDiscreteAccessory,PIPE,SHS100*100*3.2,x-436(?),STEEL/SS400,17
3QHICUwj18iPCZopNdNl5Q,IfcDiscreteAccessory,PIPE,SHS100*100*3.2,x-436(?),STEEL/SS400,17
0vBKzW_C13QxwU$XqHz_Z$,IfcDiscreteAccessory,CAP PLATE,PL4.5x93.6,p-0(?),STEEL/SS400,17
10K8tbLqXD_fLhx6ua2s79,IfcDiscreteAccessory,CAP PLATE,PL4.5x93.6,p-0(?),STEEL/SS400,17
1j$0HxNKH4oRZ8q2olL7_L,IfcDiscreteAccessory,CAP PLATE,PL4.5x93.6,p-0(?),STEEL/SS400,17
1B6iGhB9j73AV$ZfaKZlKs,IfcDiscreteAccessory,CAP PLATE,PL4.5x93.6,p-0(?),STEEL/SS400,17
28Ks8On8r38Oi624r$9zA5,IfcDiscreteAccessory,CAP PLATE,PL4.5x93.6,p-0(?),STEEL/SS400,17
3h9ZdvUff1kx0HzVCTeCP_,IfcDiscreteAccessory,PIPE,SHS100*100*3.2,x-0(?),STEEL/SS400,17
0SyzcGBGvBNOt0spN2ttrH,IfcDiscreteAccessory,PIPE,SHS100*100*3.2,x-0(?),STEEL/SS400,17
2KTJ8s3bH98RaIh2s_64Fo,IfcDiscreteAccessory,PIPE,SHS100*100*3.2,x-436(?),STEEL/SS400,17
24UM9BIy19rR_ePnFBLM8P,IfcDiscreteAccessory,PIPE,SHS100*100*3.2,x-436(?),STEEL/SS400,17
2wCTuXTC5E7gEleCFAXFap,IfcDiscreteAccessory,PIPE,SHS100*100*3.2,x-0(?),STEEL/SS400,17
3ydVww2un3L8XGaDtiXwwI,IfcDiscreteAccessory,PIPE,SHS100*100*3.2,x-0(?),STEEL/SS400,17
0vLjqyslT6VOGew2g9kIns,IfcDiscreteAccessory,PIPE,SHS100*100*3.2,x-0(?),STEEL/SS400,17
3EuR9RO9T69RIQXQ62cAA9,IfcDiscreteAccessory,PIPE,SHS100*100*3.2,x-0(?),STEEL/SS400,17
3HWQjD6GjArBwROgPelbyh,IfcDiscreteAccessory,PIPE,SHS100*100*3.2,x-435(?),STEEL/SS400,17
0TIQdweIHFXPixnfKhuklN,IfcDiscreteAccessory,PIPE,SHS100*100*3.2,x-0(?),STEEL/SS400,17
1EPM24mS9AoQzrDFqbbR1w,IfcDiscreteAccessory,PIPE,SHS100*100*3.2,x-0(?),STEEL/SS400,17
07jOIJ7Wn7NRIAQzjSBHYK,IfcDiscreteAccessory,PIPE,SHS100*100*3.2,x-434(?),STEEL/SS400,17
3SY8KlXPP51QYglyD4HNiq,IfcDiscreteAccessory,PIPE,SHS100*100*3.2,x-434(?),STEEL/SS400,17
1AIFxw8sTCvRV4kn1qeUST,IfcDiscreteAccessory,PIPE,SHS100*100*3.2,x-434(?),STEEL/SS400,17
1S8iN$sEfFyuDXdhct7M3K,IfcDiscreteAccessory,PIPE,SHS100*100*3.2,x-434(?),STEEL/SS400,17
3Ba1P6GoTCJgK5h2OXU4BU,IfcDiscreteAccessory,SQUARE TUBES,RHS100*50*3.2,3st-0(?),STEEL/SS400,17
1o1KsdpEfBmRBlWWZe3if7,IfcDiscreteAccessory,SQUARE TUBES,RHS100*50*3.2,3st-0(?),STEEL/SS400,17
3dEcfBN$X5uxWfmwkU$i2I,IfcDiscreteAccessory,SQUARE TUBES,RHS100*50*3.2,3st-0(?),STEEL/SS400,17
1rvAD_udPAIOntT5OTrpvs,IfcDiscreteAccessory,SQUARE TUBES,RHS100*50*3.2,3st-0(?),STEEL/SS400,17
20bFYU2Fr0JPS205gRl2d0,IfcDiscreteAccessory,BEAM,SHS50*50*3.2,M-0(?),STEEL/SS400,17
0UcVz0gsn0DByRodU_hssa,IfcDiscreteAccessory,BEAM,SHS50*50*3.2,M-0(?),STEEL/SS400,17
14WFZmRaDFrwE6nsMvNj_t,IfcDiscreteAccessory,BEAM,SHS50*50*3.2,M-0(?),STEEL/SS400,17
2wMQXnUaH3IRxJmeDvx6gr,IfcDiscreteAccessory,BEAM,SHS50*50*3.2,M-0(?),STEEL/SS400,17
3xschOjUj4wPs5qyHb$IYB,IfcDiscreteAccessory,BEAM,RHS100*50*3.2,M-0(?),STEEL/SS400,17
2FleZckxv90ugOKRcnjNrB,IfcDiscreteAccessory,BEAM,RHS100*50*3.2,M-0(?),STEEL/SS400,17
3tNVWZJ$nEQRaaueQlvjqB,IfcDiscreteAccessory,BEAM,RHS100*50*3.2,M-0(?),STEEL/SS400,17
35djTuPQPCbfsiBX2HX_cL,IfcDiscreteAccessory,BEAM,SHS50*50*3.2,M-0(?),STEEL/SS400,17
1Y8wDdpEvCw8LsrHLE2rrO,IfcDiscreteAccessory,BEAM,SHS50*50*3.2,M-0(?),STEEL/SS400,17
2HedqNNDfEc9Zk$QOhzK_J,IfcDiscreteAccessory,BEAM,SHS50*50*3.2,M-0(?),STEEL/SS400,17
2DcGchMsfEuO80hyXgwE69,IfcDiscreteAccessory,BEAM,SHS50*50*3.2,M-0(?),STEEL/SS400,17
00FPUc9L11_v0lo5NcMX5A,IfcDiscreteAccessory,BEAM,SHS50*50*3.2,M-0(?),STEEL/SS400,17
0helIVMWP7pfiMm3YwHAaa,IfcDiscreteAccessory,BEAM,RHS100*50*3.2,M-0(?),STEEL/SS400,17
2cYMUlwsv8Nh_emy9mOGdT,IfcDiscreteAccessory,BEAM,RHS100*50*3.2,M-0(?),STEEL/SS400,17
1qG_9wO2L3aOpQ6gBkTGl3,IfcDiscreteAccessory,BEAM,SHS50*50*3.2,M-0(?),STEEL/SS400,17
2q1XbAxXT0yhJArR4J7aeA,IfcDiscreteAccessory,BEAM,SHS50*50*3.2,M-0(?),STEEL/SS400,17
3vF7TpEIr8cRdcS_tYJqi5,IfcDiscreteAccessory,BEAM,SHS50*50*3.2,M-0(?),STEEL/SS400,17
179eC$kFvEn8KBijZCKGPa,IfcDiscreteAccessory,BEAM,SHS50*50*3.2,M-0(?),STEEL/SS400,17
3pfLThMbX3YBWEuDHtz7FB,IfcDiscreteAccessory,BEAM,SHS50*50*3.2,M-0(?),STEEL/SS400,17
2LhbcnAJPDmfXO0G$UDbNL,IfcDiscreteAccessory,BEAM,SHS50*50*3.2,M-0(?),STEEL/SS400,17
3G59lCG8HEVuJ9EA7EiN6K,IfcDiscreteAccessory,BEAM,SHS50*50*3.2,M-0(?),STEEL/SS400,17
2dhdFI9hLCrO_KUwrXzvGM,IfcDiscreteAccessory,CAP PLATE,PL4.5x93.6,p-0(?),STEEL/SS400,17
0EZ995MYP1eQ2zIPd$107w,IfcDiscreteAccessory,BEAM,SHS100*100*3.2,M-156(?),STEEL/SS400,17
1umFUVDzPBwxXI56VDkD84,IfcDiscreteAccessory,NUT,M12_NUT,z-144(?),STEEL/SS400,17
3RhawvYJ11QgKCvi_HN16L,IfcDiscreteAccessory,WASHER,M12_WASHER,z-143(?),STEEL/SS400,17
3dLaOixer6TOKrH4tDch7D,IfcDiscreteAccessory,NUT,M12_NUT,z-144(?),STEEL/SS400,17
0WrI3DEpDAZupxTs38n7BW,IfcDiscreteAccessory,WASHER,M12_WASHER,z-143(?),STEEL/SS400,17
0scsLZYQ108hyHqsLNEt5X,IfcDiscreteAccessory,BEAM,L-75X75X6,ZZ-0(?),STEEL/S275,17
2rPkvx1WjB$htz0k3JVxWo,IfcDiscreteAccessory,NUT,M12_NUT,z-144(?),STEEL/SS400,17
3yh33X5t9Fb9EyWkpLtOz8,IfcDiscreteAccessory,WASHER,M12_WASHER,z-143(?),STEEL/SS400,17
0a5jWuT8b3s8yFII4Sc6Ie,IfcDiscreteAccessory,NUT,M12_NUT,z-144(?),STEEL/SS400,17
1pB5pHHCT67QlMKOW2Dqvx,IfcDiscreteAccessory,WASHER,M12_WASHER,z-143(?),STEEL/SS400,17
2hb68Zedr3lO6wrWi0lAAs,IfcDiscreteAccessory,BEAM,L-75X75X6,ZZ-0(?),STEEL/S275,17
2KdFgMdwP0q9LBw$xG13EF,IfcDiscreteAccessory,PLATE,PL6x38,P-0(?),STEEL/SS400,17
3x6XhVCkP9zQ5Ubk1M01CB,IfcDiscreteAccessory,CAP PLATE,PL4.5x93.6,p-0(?),STEEL/SS400,17
38muZ6aELAfww7Il$jlmEe,IfcDiscreteAccessory,CAP PLATE,PL4.5x31.6,p-0(?),STEEL/SS400,17
2YVXW$xz90DeReVt6Yu0cx,IfcDiscreteAccessory,CAP PLATE,PL4.5x31.6,p-0(?),STEEL/SS400,17
2uWoj33uL54Od4VOPkx23N,IfcDiscreteAccessory,SQUARE TUBES,SHS38*38*3.2,1st-0(?),STEEL/SS400,17
2Gs$7EwG52QxU0AIt1NwTu,IfcDiscreteAccessory,SQUARE TUBES,SHS38*38*3.2,1st-0(?),STEEL/SS400,17
2ByIzYjs935BQc$ry8hIER,IfcDiscreteAccessory,CAP PLATE,PL4.5x31.6,p-0(?),STEEL/SS400,17
1Bp7uTtRr5A9vCSH1aNzta,IfcDiscreteAccessory,PLATE,PL9x100,1p-97(?),STEEL/SS400,17
2PFjcvwqv8aRrCK95$hXFY,IfcDiscreteAccessory,PLATE,PL9x100,1p-96(?),STEEL/SS400,17
0IpnwXLRH7fQiiDH1MDfjX,IfcDiscreteAccessory,SQUARE TUBES,SHS38*38*3.2,1rtn-1(?),STEEL/SS400,17
0$QpVu_w5D5gGnaxd6YJ_I,IfcDiscreteAccessory,SQUARE TUBES,SHS38*38*3.2,1st-0(?),STEEL/SS400,17
0EX5H4cCf0yuWJF3l_P7py,IfcDiscreteAccessory,SQUARE TUBES,SHS50*50*3.2,2st-29(?),STEEL/SS400,17
17IL5vd9bEdBme1micRdEn,IfcDiscreteAccessory,SQUARE TUBES,SHS50*50*3.2,2st-28(?),STEEL/SS400,17
2EWqreHbD4VwpSKKbh34R8,IfcDiscreteAccessory,CAP PLATE,PL4.5x43.6,p-0(?),STEEL/SS400,17
3d48mws9z4jhosnhkpwDeU,IfcDiscreteAccessory,SQUARE TUBES,SHS50*50*3.2,2st-0(?),STEEL/SS400,17
0b$LEu6BrFwguqF91kX_vR,IfcDiscreteAccessory,SQUARE TUBES,SHS100*100*3.2,x-0(?),STEEL/SS400,17
2fflyq9CzBv9oBx2fpUOuR,IfcDiscreteAccessory,SQUARE TUBES,SHS50*50*3.2,2st-0(?),STEEL/SS400,17
25D6yNcCr1mvUJB7$kD8ID,IfcDiscreteAccessory,CAP PLATE,PL4.5x31.6,p-0(?),STEEL/SS400,17
2Ny3Jf6n53tee2zOUk31ZJ,IfcDiscreteAccessory,SQUARE TUBES,SHS50*50*3.2,2st-0(?),STEEL/SS400,17
0NnJlf13f9YgbmldbwVt7k,IfcDiscreteAccessory,SQUARE TUBES,SHS50*50*3.2,2st-0(?),STEEL/SS400,17
1PxbEnapf4DQ0663sqwfuY,IfcDiscreteAccessory,CAP PLATE,PL4.5x93.6,p-0(?),STEEL/SS400,17
2IeDx2ZqvEH88P64pkAcDt,IfcDiscreteAccessory,CAP PLATE,PL4.5x93.6,p-0(?),STEEL/SS400,17
2guZ9NxM93CQAAUEecHFzj,IfcDiscreteAccessory,CAP PLATE,PL4.5x43.6,p-0(?),STEEL/SS400,17
3l0riNBZz1b9sA7Ia31QAb,IfcDiscreteAccessory,CAP PLATE,PL4.5x43.6,p-0(?),STEEL/SS400,17
3V7lK1X6P67OpJjM0b8Sp$,IfcDiscreteAccessory,SQUARE TUBES,SHS50*50*3.2,2st-29(?),STEEL/SS400,17
3F5XGYVULBEh8zjcy6Ee2z,IfcDiscreteAccessory,CAP PLATE,PL4.5x43.6,p-0(?),STEEL/SS400,17
1b4$J62jD8pgpgHnkeB3uC,IfcDiscreteAccessory,CAP PLATE,PL4.5x43.6,p-0(?),STEEL/SS400,17
3A67Nvzr93881pdrc51KsD,IfcDiscreteAccessory,CAP PLATE,PL4.5x43.6,p-0(?),STEEL/SS400,17
27HDDJ60D30wB_LL36s56o,IfcDiscreteAccessory,SQUARE TUBES,SHS50*50*3.2,2st-18(?),STEEL/SS400,17
0v$MXJc095xPrBYN36O70i,IfcDiscreteAccessory,CAP PLATE,PL4.5x31.6,p-0(?),STEEL/SS400,17
0Rl3jZ2Gv9_hUuuzR8EK0u,IfcDiscreteAccessory,CAP PLATE,PL4.5x31.6,p-0(?),STEEL/SS400,17
2$x5jF61z2NPd8hKmkogWE,IfcDiscreteAccessory,CAP PLATE,PL4.5x31.6,p-0(?),STEEL/SS400,17
23OVX9p7H1zOt4BfpXgxte,IfcDiscreteAccessory,CAP PLATE,PL4.5x31.6,p-0(?),STEEL/SS400,17
28hbR1Kjb8qP3DwpgJefR8,IfcDiscreteAccessory,CAP PLATE,PL4.5x31.6,p-0(?),STEEL/SS400,17
1fugwhPxjB384CQYPp6wKg,IfcDiscreteAccessory,CAP PLATE,PL4.5x31.6,p-0(?),STEEL/SS400,17
2_o3o$19b2mfTM8DO$TPRy,IfcDiscreteAccessory,CAP PLATE,PL4.5x31.6,p-0(?),STEEL/SS400,17
106iscBAj9Dw56G5eoDYzB,IfcDiscreteAccessory,CAP PLATE,PL4.5x31.6,p-0(?),STEEL/SS400,17
2Qb5YKbeHEHApEqNpKm4l$,IfcDiscreteAccessory,CAP PLATE,PL4.5x31.6,p-0(?),STEEL/SS400,17
11$vHavzb9_AEFnhBl1aC9,IfcDiscreteAccessory,CAP PLATE,PL4.5x31.6,p-0(?),STEEL/SS400,17
2DZ39q0UrD0ACareHyCoYZ,IfcDiscreteAccessory,CAP PLATE,PL4.5x31.6,p-0(?),STEEL/SS400,17
3yV8Iv10n2vAAembpsrO8G,IfcDiscreteAccessory,CAP PLATE,PL4.5x31.6,p-0(?),STEEL/SS400,17
1$EQmGHxH9jfP$$QRF9MjC,IfcDiscreteAccessory,CAP PLATE,PL4.5x31.6,p-0(?),STEEL/SS400,17
25jGm6M352phi2sZ_NqtZ2,IfcDiscreteAccessory,CAP PLATE,PL4.5x31.6,p-0(?),STEEL/SS400,17
3j6SRapCzCaA6Z7IGY5qvz,IfcDiscreteAccessory,CAP PLATE,PL4.5x31.6,p-0(?),STEEL/SS400,17
3p8vB4rtv5HwxHmI01$WkX,IfcDiscreteAccessory,CAP PLATE,PL4.5x31.6,p-0(?),STEEL/SS400,17
2sYEmhWdL16fyoiLBuD$DJ,IfcDiscreteAccessory,SQUARE TUBES,SHS50*50*3.2,2st-28(?),STEEL/SS400,17
1a3rAPhCb7mOiUC7Z99M1$,IfcDiscreteAccessory,SQUARE TUBES,RHS100*50*3.2,3st-0(?),STEEL/SS400,17
0EqZveudnEle6tTzw4SIiP,IfcDiscreteAccessory,SQUARE TUBES,RHS100*50*3.2,3st-0(?),STEEL/SS400,17
0JfxpHxgf4swEkP0eqZu$C,IfcDiscreteAccessory,SQUARE TUBES,RHS100*50*3.2,3rt-0(?),STEEL/SS400,17
1cMdyOXHLD9RikOrrWmd__,IfcDiscreteAccessory,SQUARE TUBES,RHS100*50*3.2,3rt-0(?),STEEL/SS400,17
2QP1H2yFDDEeqNVtSymknT,IfcDiscreteAccessory,SQUARE TUBES,SHS38*38*3.2,x-352(?),STEEL/SS400,17
19ZhboeNL2L95SKbqNrKcF,IfcDiscreteAccessory,SQUARE TUBES,SHS38*38*3.2,x-417(?),STEEL/SS400,17
0XPjpw249AcPIH6b1S5ixL,IfcDiscreteAccessory,SQUARE TUBES,SHS38*38*3.2,x-416(?),STEEL/SS400,17
0rdwvN3xH6ewaq6mJ_XYJ3,IfcDiscreteAccessory,SQUARE TUBES,SHS38*38*3.2,x-416(?),STEEL/SS400,17
2nCUlQ32TFgRXgt_mQo0hn,IfcDiscreteAccessory,CAP PLATE,PL4.5x31.6,1p50-2(?),STEEL/SS400,17
0CS4Zrivj91PC$ZI$xiRoZ,IfcDiscreteAccessory,SQUARE TUBES,SHS38*38*3.2,x-52(?),STEEL/SS400,17
3pFUcIFCf2jRESwFLMLFNH,IfcDiscreteAccessory,PIPE,SHS100*100*3.2,x-0(?),STEEL/SS400,17
1zOiuLTd5DeheAQjpZCLyP,IfcDiscreteAccessory,PIPE,SHS100*100*3.2,x-0(?),STEEL/SS400,17
1aqPSzBZzDrwseMNComtNa,IfcDiscreteAccessory,PIPE,SHS100*100*3.2,x-434(?),STEEL/SS400,17
3B$$__Adz3Q9DRGyjWa1Fz,IfcDiscreteAccessory,PIPE,SHS100*100*3.2,x-435(?),STEEL/SS400,17
01jPFONGDDzgi1XX4Dgrqs,IfcDiscreteAccessory,PIPE,SHS100*100*3.2,x-436(?),STEEL/SS400,17
2ylIJ_nzTAyRt6tLiwWDWY,IfcDiscreteAccessory,PIPE,SHS100*100*3.2,x-436(?),STEEL/SS400,17
0obq2PnYvA1QXD$TxUj1aO,IfcDiscreteAccessory,PLATE,PL4.5x23,z-0(?),STEEL/SS400,17
24mveQ7Xf98R0PVeMXlNaX,IfcDiscreteAccessory,PLATE,PL4.5x23,z-0(?),STEEL/SS400,17
0AwGZ7ZKrBR8Q3eJdAYJUV,IfcDiscreteAccessory,PLATE,PL4.5x23,z-0(?),STEEL/SS400,17
3UiEgcieXA6QJTAHPCdIo2,IfcDiscreteAccessory,SQUARE TUBES,SHS50*50*3.2,2st-18(?),STEEL/SS400,17
2j$2nW$d1CcBRUE1bZuc8h,IfcDiscreteAccessory,SQUARE TUBES,RHS100*50*3.2,1rt-1(?),STEEL/SS400,17
0ON8QlERr88AsoJoyy21xZ,IfcDiscreteAccessory,SQUARE TUBES,RHS100*50*3.2,1rt-1(?),STEEL/SS400,17
3ibPgXBIz3A8st9OUJt4ZI,IfcDiscreteAccessory,PLATE,PL4.5x23,z-0(?),STEEL/SS400,17
17ATOea7jFMgsNoHEJzoZ2,IfcDiscreteAccessory,SQUARE TUBES,RHS50*25*2.5,x-352(?),STEEL/SS400,17
1Q6HB2NxL3swZEJ3g2q945,IfcDiscreteAccessory,PLATE,PL4.5x19,P75-0(?),STEEL/SS400,17
3sZcTBY59AGesYwGZ4GQoQ,IfcDiscreteAccessory,CAP PLATE,PL4.5x35,1p50-3(?),STEEL/SS400,17
1xUXeZS7bB1Pdzxe$O4RRw,IfcDiscreteAccessory,PLATE,PL6x48,1p-73(?),STEEL/SS400,17
2S32xcbbX2HRVkAqxt3Krh,IfcDiscreteAccessory,SQUARE TUBES,RHS50*25*2.5,1rt-3(?),STEEL/SS400,17
0eninpBBPEE8rrdL6M5F17,IfcDiscreteAccessory,PLATE,PL6x47.8,1p-70(?),STEEL/SS400,17
0R7jgmNsr2MuzbDRomsSQY,IfcDiscreteAccessory,SQUARE TUBES,RHS50*25*2.5,1rt-0(?),STEEL/SS400,17
1QmobkCj9Ez9p7NceErgRY,IfcDiscreteAccessory,SQUARE TUBES,RHS100*50*3.2,1rt-1(?),STEEL/SS400,17
1pJ8chOP56DQrJg44rln5$,IfcDiscreteAccessory,SQUARE TUBES,SHS50*50*3.2,2st-33(?),STEEL/SS400,17
2CEraU$EX809XgSUmxCgFy,IfcDiscreteAccessory,SQUARE TUBES,SHS50*50*3.2,2st-28(?),STEEL/SS400,17
0tdoZ_fg5099M8MVWY878p,IfcDiscreteAccessory,SQUARE TUBES,SHS50*50*3.2,2st-32(?),STEEL/SS400,17
2K9xqxe_16xwE5veFk4zdy,IfcDiscreteAccessory,SQUARE TUBES,SHS38*38*3.2,1rtn-1(?),STEEL/SS400,17
1iNjVilBL0pvOLo0JKPfdc,IfcDiscreteAccessory,SQUARE TUBES,SHS38*38*3.2,1rtn-1(?),STEEL/SS400,17
2mqpt7hyj7GAY0FQrn6xVt,IfcDiscreteAccessory,SQUARE TUBES,SHS50*50*3.2,2st-29(?),STEEL/SS400,17
2gr5jpFuD3Ow$UNsirenIf,IfcDiscreteAccessory,SQUARE TUBES,SHS50*50*3.2,2st-29(?),STEEL/SS400,17
24p9CiLcr2JeuTFaMZvgow,IfcDiscreteAccessory,SQUARE TUBES,SHS50*50*3.2,2st-29(?),STEEL/SS400,17
0GSu8P_gj5_PagqBcsQt2G,IfcDiscreteAccessory,SQUARE TUBES,SHS50*50*3.2,2st-29(?),STEEL/SS400,17
2yrH9AjPf5A8ywQpdYFrmU,IfcDiscreteAccessory,SQUARE TUBES,SHS50*50*3.2,2st-29(?),STEEL/SS400,17
04xkLGPGT4GhTa7eUrpndB,IfcDiscreteAccessory,SQUARE TUBES,SHS50*50*3.2,2st-29(?),STEEL/SS400,17
1ciy4bgpv2s83RvduwFTXE,IfcDiscreteAccessory,SQUARE TUBES,SHS50*50*3.2,2st-29(?),STEEL/SS400,17
2BUoF4YWX4be6yo7j5bIYs,IfcDiscreteAccessory,SQUARE TUBES,SHS50*50*3.2,2st-29(?),STEEL/SS400,17
1tKf3qWLv9$BldNcUDaqFQ,IfcDiscreteAccessory,SQUARE TUBES,SHS50*50*3.2,2st-29(?),STEEL/SS400,17
2AExmcLUnCsfOLBxTCIw_$,IfcDiscreteAccessory,SQUARE TUBES,SHS50*50*3.2,2st-29(?),STEEL/SS400,17
2JEBgvwnb6ahkQpId6$7UQ,IfcDiscreteAccessory,SQUARE TUBES,SHS50*50*3.2,2st-33(?),STEEL/SS400,17
2H45ypmB94uuwcEIUVsMD_,IfcDiscreteAccessory,SQUARE TUBES,SHS50*50*3.2,2st-28(?),STEEL/SS400,17
0KGLLjZ0TFkRuv3yV9IVir,IfcDiscreteAccessory,SQUARE TUBES,SHS50*50*3.2,2st-31(?),STEEL/SS400,17
1_Q5XJdbL8nPZHM7L30eqQ,IfcDiscreteAccessory,SQUARE TUBES,SHS50*50*3.2,2st-31(?),STEEL/SS400,17
1N2E94UPL4b9bGOETyhYkw,IfcDiscreteAccessory,SQUARE TUBES,SHS50*50*3.2,2st-29(?),STEEL/SS400,17
14USucIOzCQAMJqZnm_DtK,IfcDiscreteAccessory,SQUARE TUBES,SHS50*50*3.2,2st-29(?),STEEL/SS400,17
0DLaAXeLn9NPz9nTSXlGD8,IfcDiscreteAccessory,SQUARE TUBES,SHS50*50*3.2,2st-32(?),STEEL/SS400,17
1uQcRbrazF6QuL1uDteu__,IfcDiscreteAccessory,SQUARE TUBES,SHS50*50*3.2,2st-29(?),STEEL/SS400,17
3TD5btONz45OkhfvJBtVnq,IfcDiscreteAccessory,PLATE,PL9x100,1p-97(?),STEEL/SS400,17
3mQZR$TUL7qRZi2TWLg47k,IfcDiscreteAccessory,PLATE,PL9x100,1p-96,STEEL/SS400,17
3EuE8CwJX1gfGVYTLC1QkB,IfcDiscreteAccessory,PLATE,PL9x100,1p-96,STEEL/SS400,17
12TZ2hf1j84O1gXSGtStZR,IfcDiscreteAccessory,SQUARE TUBES,SHS38*38*3.2,1rtn-1(?),STEEL/SS400,17
2EQGg78$bDOOMIp2Yn_Ud9,IfcDiscreteAccessory,PLATE,PL4.5x36,1p38-0(?),STEEL/SS400,17
2dPMSzDirE1h02o1dSEHDJ,IfcDiscreteAccessory,PLATE,PL9x120,1p-98(?),STEEL/SS400,17
04xss$b6P8FuaYTflJbZrW,IfcDiscreteAccessory,PLATE,PL9x100,1p-97(?),STEEL/SS400,17
38I5xV1E145RUpMjwa4w8q,IfcDiscreteAccessory,PLATE,PL9x100,1p-96,STEEL/SS400,17
3z21hF92zEEe4Is1ZYeXmK,IfcDiscreteAccessory,SQUARE TUBES,RHS50*25*2.5,x-417(?),STEEL/SS400,17
24RsZKG0b5wQQkE0OKTbPB,IfcDiscreteAccessory,SQUARE TUBES,RHS50*25*2.5,x-416(?),STEEL/SS400,17
0eyzYJlYrF$xXnRWcYWyl1,IfcDiscreteAccessory,SQUARE TUBES,RHS50*25*2.5,x-416(?),STEEL/SS400,17
2qpHQ0jYb01ALh$Flz1Yk7,IfcDiscreteAccessory,PLATE,PL4.5x19,P75-0(?),STEEL/SS400,17
379sEn_6D5Q9JPbVhSQ232,IfcDiscreteAccessory,PLATE,PL4.5x19,P75-0(?),STEEL/SS400,17
1zewWdoQ5EMPzKdYQPUyRh,IfcDiscreteAccessory,PLATE,PL4.5x19,P75-0(?),STEEL/SS400,17
3DIQAuF3L1t8JUPLL_aGRa,IfcDiscreteAccessory,PLATE,PL6x47.8,1p-94(?),STEEL/SS400,17
2ijWftGL508O_Aq$SEjLwy,IfcDiscreteAccessory,PLATE,PL6x47.8,1p-94(?),STEEL/SS400,17
1iPv4CZxXDcg7Sd4XmTKC9,IfcDiscreteAccessory,PLATE,PL6x47.8,1p-94(?),STEEL/SS400,17
1H1HOOxHP92AhkA5Jf7FtE,IfcDiscreteAccessory,PLATE,PL6x48,1p-91(?),STEEL/SS400,17
3meAM$Voz2_hbTDUuCuAsq,IfcDiscreteAccessory,SQUARE TUBES,RHS50*25*2.5,1rt-0(?),STEEL/SS400,17
0SG49YSRj8ZuHOb815iF_G,IfcDiscreteAccessory,PLATE,PL6x48,1p-91(?),STEEL/SS400,17
3h1KiOzr9D7xLm2MtAmllX,IfcDiscreteAccessory,SQUARE TUBES,RHS50*25*2.5,1rt-0(?),STEEL/SS400,17
1hqBgie61DbgGCAIs$XvnT,IfcDiscreteAccessory,PLATE,PL6x48,1p-91(?),STEEL/SS400,17
3KZ5BGhFb2XOkjn1x0KwEF,IfcDiscreteAccessory,SQUARE TUBES,RHS50*25*2.5,1rt-0(?),STEEL/SS400,17
3deIk5a0v0BhMcQT8Qe$W8,IfcDiscreteAccessory,PLATE,PL8x74.9,4p-108,STEEL/SS400,17
3ighlJ9jTFc8yYYEUi_k92,IfcDiscreteAccessory,BEAM,RHS100*50*3.2,M-0(?),STEEL/SS400,17
18FW2Q9vj9QufLOOuUUUTF,IfcDiscreteAccessory,BEAM,RHS100*50*3.2,M-0(?),STEEL/SS400,17
108j4YojX8mOEnW8UL8Op2,IfcDiscreteAccessory,BEAM,RHS100*50*3.2,M-0(?),STEEL/SS400,17
0He3FC52bEheZZFiWbQxOH,IfcDiscreteAccessory,CAP PLATE,PL4.5x43.6,p-0(?),STEEL/SS400,17
1v4lUoTcP6lQoFRmxO_Dgf,IfcDiscreteAccessory,CAP PLATE,PL4.5x43.6,p-0(?),STEEL/SS400,17
1DGwe9oJLCdPk6SmvZb6xc,IfcDiscreteAccessory,BEAM,RHS100*50*3.2,M-0(?),STEEL/SS400,17
29vHjuMUT1yxTGONfBmEnL,IfcDiscreteAccessory,BEAM,RHS100*50*3.2,M-0(?),STEEL/SS400,17
00j9_bEBrAyOa8g0Hx9b2n,IfcDiscreteAccessory,BEAM,RHS100*50*3.2,M-0(?),STEEL/SS400,17
0PPDEQ5Cb2RAcDyxvPwyUE,IfcDiscreteAccessory,PLATE,PL9x86,4p-104,STEEL/SS400,17
2nCx5RbnbAeOejkHpy_CoY,IfcDiscreteAccessory,PLATE,PL9x246,4pn-7,STEEL/SS400,17
22bDWD4ybAlR1MVTUU8515,IfcDiscreteAccessory,PLATE,PL9x100,1p-89(?),STEEL/SS400,17
0utPhRbxT5XwssnapDqb0L,IfcDiscreteAccessory,PLATE,PL12x244.5,4pn-3,STEEL/A572-GR.50,17
1aWq4HkuXBEB2PU95dSoXO,IfcDiscreteAccessory,PLATE,PL9x140,4p-90,STEEL/SS400,17
0_o3SnLBf0rhaklx5OL9k9,IfcDiscreteAccessory,PLATE,PL9x85,4p-70,STEEL/A572-GR.50,17
0kYfHujG10yQnexyGCRST5,IfcDiscreteAccessory,PLATE,PL9x245,4p-69,STEEL/A572-GR.50,17
2G3RHG$0v7Ne4yocJsKhpY,IfcDiscreteAccessory,LIFTING LUG,PL16x99.3,4p-66,STEEL/A572-GR.50,17
0ZaTi0T4XBXOi5vqDpcaNN,IfcDiscreteAccessory,PLATE,PL16x134.7,4p-36,STEEL/A572-GR.50,17
3RMrL0GS5609OS2uBpJd5M,IfcDiscreteAccessory,LIP PLATE,PL12x88.5,4p-68,STEEL/A572-GR.50,17
3Ynfmsc6f37emU8lMq_BqX,IfcDiscreteAccessory,LIP PLATE,PL12x92.2,4p-42,STEEL/A572-GR.50,17
23PU$uMZTAeBqZ_Z65oYWg,IfcDiscreteAccessory,PLATE,PL25x300,4p-40,STEEL/A572-GR.50,17
30A0x4YbXBu8JRPEkm4e70,IfcDiscreteAccessory,LIP PLATE,PL12x92.2,4p-42,STEEL/A572-GR.50,17
1z2Opz7gr7b8jcZttiCrQM,IfcDiscreteAccessory,LIP PLATE,PL12x88.6,4p-41,STEEL/A572-GR.50,17
3kh5E32BDCVOSiIVjJmuhj,IfcDiscreteAccessory,PLATE,PL25x300,4p-40,STEEL/A572-GR.50,17
2$ml_RluT3B8aiwzVIwRbj,IfcDiscreteAccessory,BEAM,H-500X200X10X16,4H-10,STEEL/SM520,17
0u176aAAbEAgAQkG6QECYp,IfcDiscreteAccessory,LIP PLATE,PL12x92.2,4p-42,STEEL/A572-GR.50,17
1hGpdxrTn6lh_T$k0xWuqT,IfcDiscreteAccessory,LIP PLATE,PL12x88.6,4p-41,STEEL/A572-GR.50,17
1WLoxk5YX1mg94RigjgsUb,IfcDiscreteAccessory,PLATE,PL25x300,4p-40,STEEL/A572-GR.50,17
37Zq7nix58ZuyvgsrvKBHo,IfcDiscreteAccessory,PLATE,PL12x88.5,4p-72,STEEL/A572-GR.50,17
37iwZ$q2j63hcpeGsVcqrm,IfcDiscreteAccessory,PLATE,PL12x92.2,4p-71,STEEL/A572-GR.50,17
2u3rGvx4bCtxQueJwGYTwH,IfcDiscreteAccessory,PLATE,PL25x300,4p-40,STEEL/A572-GR.50,17
0_5zcYMun5QeO2t6wfDEct,IfcDiscreteAccessory,BEAM,H-500X200X10X16,4H-9,STEEL/SM520,17
3B8qsfRPDCHgfqEHnotGyH,IfcDiscreteAccessory,PLATE,PL16x133.9,4p-43,STEEL/A572-GR.50,17
3cW9AobqPCohEQ8z8oxr0p,IfcDiscreteAccessory,PLATE,PL16x244.7,4p-112,STEEL/A572-GR.50,17
3bSoNh185Dtwx4FbdEv4JG,IfcDiscreteAccessory,PLATE,PL16x243.9,4p-111,STEEL/A572-GR.50,17
0b8LSfEwX1kAiI8BNvjHei,IfcDiscreteAccessory,PLATE,PL16x134.5,4p-43,STEEL/A572-GR.50,17
0J1pMpr2fEqwO8eU9oNIE8,IfcDiscreteAccessory,PLATE,PL16x134.5,4p-43,STEEL/A572-GR.50,17
1_09YhjlDDVRboqgctRBWq,IfcDiscreteAccessory,LIP PLATE,PL12x88.5,4p-68,STEEL/A572-GR.50,17
2ynxUWPwr2UhfH_Kg9WDoT,IfcDiscreteAccessory,LIP PLATE,PL12x92.2,4p-42,STEEL/A572-GR.50,17
3SOYWA1LH2JwLKQ2gnk7d3,IfcDiscreteAccessory,PLATE,PL25x300,4p-40,STEEL/A572-GR.50,17
31P73_LsX8QxWSP$0PuWWa,IfcDiscreteAccessory,BEAM,H-500X200X10X16,4H-1,STEEL/SM520,17
2gjwbl4r91xAS2EAqaynpK,IfcDiscreteAccessory,PLATE,PL16x134.5,4p-43,STEEL/A572-GR.50,17
2nz9SLzBvFY9bATJsVtVoP,IfcDiscreteAccessory,PLATE,PL16x134.5,4p-43,STEEL/A572-GR.50,17
2sqS485Cf4ThgZF$A64rsi,IfcDiscreteAccessory,LIP PLATE,PL12x92.2,4p-42,STEEL/A572-GR.50,17
3k3hS40VH2MwqZFNn8fr0d,IfcDiscreteAccessory,LIP PLATE,PL12x88.6,4p-41,STEEL/A572-GR.50,17
1fzVseD7LBExyvB3rZBH1v,IfcDiscreteAccessory,PLATE,PL25x300,4p-40,STEEL/A572-GR.50,17
2mqjkjPCH4FuH_wc0ld2iv,IfcDiscreteAccessory,BEAM,H-500X200X10X16,4H-1,STEEL/SM520,17
1FKEEPOxP7E9JIKYwtP5zT,IfcDiscreteAccessory,PLATE,PL9x85,4p-70,STEEL/A572-GR.50,17
18exjQvD11lfzmGgHaY4Mm,IfcDiscreteAccessory,PLATE,PL9x245,4p-69,STEEL/A572-GR.50,17
14CP714zHEXh3bOCaMA3DN,IfcDiscreteAccessory,LIP PLATE,PL12x92.2,4p-42,STEEL/A572-GR.50,17
0GjnG1QPD83ge4cN_OQbmG,IfcDiscreteAccessory,LIP PLATE,PL12x88.6,4p-41,STEEL/A572-GR.50,17
1GAiW7$bX33R5SlhmM6YxQ,IfcDiscreteAccessory,PLATE,PL25x300,4p-40,STEEL/A572-GR.50,17
0_yiJZoa948PtNn8RumeSV,IfcDiscreteAccessory,HOOK,ROD9,4rb-1,STEEL/SS400,17
1vOaH3xUr0YQay0F7wInIb,IfcDiscreteAccessory,HOOK,ROD9,4rb-1,STEEL/SS400,17
03JYNCWJTA3Rzq3kiE67wt,IfcDiscreteAccessory,HOOK,ROD9,4rb-1,STEEL/SS400,17
2z7Rdhk5bClfqdjydjeviM,IfcDiscreteAccessory,HOOK,ROD9,4rb-1,STEEL/SS400,17
3H3BZvGGj5ug2Byvf5Pcfh,IfcDiscreteAccessory,HOOK,ROD9,4rb-1,STEEL/SS400,17
04Iys6otP4M80AgyT1owkM,IfcDiscreteAccessory,HOOK,ROD9,4rb-1,STEEL/SS400,17
1REMaqInT6$9aN0Hzwy_Pz,IfcDiscreteAccessory,HOOK,ROD9,4rb-1,STEEL/SS400,17
1Gebrt6Tn76BzPswmOg6H$,IfcDiscreteAccessory,HOOK,ROD9,4rb-1,STEEL/SS400,17
0$wiPt43L6WRK4f6lqSVmW,IfcDiscreteAccessory,HOOK,ROD9,4rb-1,STEEL/SS400,17
12JTeR3BLBGwhN1xKC7jlx,IfcDiscreteAccessory,HOOK,ROD9,4rb-1,STEEL/SS400,17
2U01Ye8DXCBQlTvDRsPYQO,IfcDiscreteAccessory,HOOK,ROD9,4rb-1,STEEL/SS400,17
2Q5b_nBib9s9DqRL_sBuQM,IfcDiscreteAccessory,HOOK,ROD9,4rb-1,STEEL/SS400,17
0negBeIlTDtuMqoNHe6Cg0,IfcDiscreteAccessory,HOOK,ROD9,4rb-1,STEEL/SS400,17
3wyD898mrCxfopJyVcvwRz,IfcDiscreteAccessory,BEAM,H-500X200X10X16,4H-7,STEEL/SM520,17
0RBqsqLMr3Y9MeD_BtCdIw,IfcDiscreteAccessory,LIP PLATE,PL12x88.5,4p-68,STEEL/A572-GR.50,17
1R17WYFCb1hBo76N45CXsf,IfcDiscreteAccessory,LIP PLATE,PL12x92.2,4p-42,STEEL/A572-GR.50,17
2Y6BoTnBb8igrhdgJiTTm6,IfcDiscreteAccessory,PLATE,PL25x300,4p-40,STEEL/A572-GR.50,17
0UTSuXJvTB7gXfdF$5YFgo,IfcDiscreteAccessory,LIFTING LUG,PL16x99.3,4p-66,STEEL/A572-GR.50,17
1iPWJD70D8jevHQiYOMItR,IfcDiscreteAccessory,LIFTING LUG,PL16x99.3,4p-66,STEEL/A572-GR.50,17
2c8KP7smr4v8gf_teTnL5s,IfcDiscreteAccessory,HOOK,ROD9,4rb-1,STEEL/SS400,17
0LZb5lZRXCi8HoNAtuGJKB,IfcDiscreteAccessory,HOOK,ROD9,4rb-1,STEEL/SS400,17
1MIHzOyrTCzfjh1tTjLiW7,IfcDiscreteAccessory,HOOK,ROD9,4rb-1,STEEL/SS400,17
0Pa4ijlo9ABOZx5HMHyPx$,IfcDiscreteAccessory,HOOK,ROD9,4rb-1,STEEL/SS400,17
1dosrs70rEXgx0Ew8AR0mF,IfcDiscreteAccessory,HOOK,ROD9,4rb-1,STEEL/SS400,17
33ihkad492GuVqfsTCm1aT,IfcDiscreteAccessory,HOOK,ROD9,4rb-1,STEEL/SS400,17
0iNkqxA3L048n84N_Wec$0,IfcDiscreteAccessory,HOOK,ROD9,4rb-1,STEEL/SS400,17
1vGkkHsVbCMvWyWHkdr1UB,IfcDiscreteAccessory,BEAM,SHS50*50*3.2,M-0(?),STEEL/SS400,17
341z9NJbz4fxLvvpZi9j4W,IfcDiscreteAccessory,PLATE,PL4.5x60,5p-2(?),STEEL/SS400,17
2WhmLvUyj3Q9dIZExlBTxk,IfcDiscreteAccessory,PLATE,PL4.5x60,5p-2(?),STEEL/SS400,17
0hoNesmOX2C84buZ4RycND,IfcDiscreteAccessory,NUT,M12_NUT,z-144(?),STEEL/SS400,17
0gl8ug4rH8cwMAehc5DRVQ,IfcDiscreteAccessory,WASHER,M12_WASHER,z-143(?),STEEL/SS400,17
0bd8$qm1vDTPMoMiNSmvE5,IfcDiscreteAccessory,NUT,M12_NUT,z-144(?),STEEL/SS400,17
3jpXcG7qP2uRQAcYPZLyt8,IfcDiscreteAccessory,WASHER,M12_WASHER,z-143(?),STEEL/SS400,17
30GVg8ctX5ivLkXGLSUgeX,IfcDiscreteAccessory,NUT,M12_NUT,z-144(?),STEEL/SS400,17
0rn5489nP43xqTzVlwKosk,IfcDiscreteAccessory,WASHER,M12_WASHER,z-143(?),STEEL/SS400,17
1f5AonR1fA7Bh$2koquGL2,IfcDiscreteAccessory,NUT,M12_NUT,z-144(?),STEEL/SS400,17
0KJlweCLr3IwOxNKMlEKEJ,IfcDiscreteAccessory,WASHER,M12_WASHER,z-143(?),STEEL/SS400,17
1sBLfYQCz7axZFyAEpDxG1,IfcDiscreteAccessory,PLATE,PL8x150,5p-1(?),STEEL/SS400,17
1aS6fg2J5FmP7P$7Ef220J,IfcDiscreteAccessory,NUT,M12_NUT,z-144(?),STEEL/SS400,17
1O8_eakn5BFf4T4v8iQQHl,IfcDiscreteAccessory,WASHER,M12_WASHER,z-143(?),STEEL/SS400,17
36_WbHZbbF4BxkhbWEX4aV,IfcDiscreteAccessory,NUT,M12_NUT,z-144(?),STEEL/SS400,17
31_8WYtCv8zRhvn$1JMKgN,IfcDiscreteAccessory,WASHER,M12_WASHER,z-143(?),STEEL/SS400,17
0mDBiQPtXFowC4N_7RGLVO,IfcDiscreteAccessory,NUT,M12_NUT,z-144(?),STEEL/SS400,17
081yRqD45Bn9Iroy37fXy3,IfcDiscreteAccessory,WASHER,M12_WASHER,z-143(?),STEEL/SS400,17
195EL15WfEWh0nNGQESM66,IfcDiscreteAccessory,NUT,M12_NUT,z-144(?),STEEL/SS400,17
17t8v99nX7iOjObWz8wKrH,IfcDiscreteAccessory,WASHER,M12_WASHER,z-143(?),STEEL/SS400,17
3KB70mIO18DQbh8cUMHnVZ,IfcDiscreteAccessory,PLATE,PL4.5x60,5p-2(?),STEEL/SS400,17
10MfzjHifDTQNqN$$6OlP6,IfcDiscreteAccessory,PLATE,PL4.5x60,5p-2(?),STEEL/SS400,17
3jmS$YGpLA9BCzu3zEzpBq,IfcDiscreteAccessory,PLATE,PL8x150,5p-1(?),STEEL/SS400,17
3mMhMj7WX4fOwwXI9lJ66M,IfcDiscreteAccessory,NUT,M12_NUT,z-144(?),STEEL/SS400,17
1rhkMuO053RgI45ir2TEUW,IfcDiscreteAccessory,WASHER,M12_WASHER,z-143(?),STEEL/SS400,17
3u7UbzkMj0jg3sWpRxtNiC,IfcDiscreteAccessory,NUT,M12_NUT,z-144(?),STEEL/SS400,17
0XZK1hJafFJQ3aia1vBAuq,IfcDiscreteAccessory,WASHER,M12_WASHER,z-143(?),STEEL/SS400,17
3i49TTZ_z8V8RQHV0QTtwf,IfcDiscreteAccessory,NUT,M12_NUT,z-144(?),STEEL/SS400,17
0wEjHF1zzDwf55_sCduIHg,IfcDiscreteAccessory,WASHER,M12_WASHER,z-143(?),STEEL/SS400,17
2EZLKpm6LEEBuf2SyyZ8qX,IfcDiscreteAccessory,NUT,M12_NUT,z-144(?),STEEL/SS400,17
01jvJ7AKT7d9gdK6xljKh7,IfcDiscreteAccessory,WASHER,M12_WASHER,z-143(?),STEEL/SS400,17
3PTOZ9SJrAG8IBaJF4FZ1e,IfcDiscreteAccessory,PLATE,PL4.5x60,5p-2(?),STEEL/SS400,17
31xdi3kjbCn9eUWMIcb6Kl,IfcDiscreteAccessory,PLATE,PL4.5x60,5p-2(?),STEEL/SS400,17
3cQlEh1QzAygXKD$rLEWm_,IfcDiscreteAccessory,PLATE,PL8x150,5p-1(?),STEEL/SS400,17
2Qsqnm4ZHEYvhvwAFq5hny,IfcDiscreteAccessory,PLATE,PL9x130,5p-5(?),STEEL/SS400,17
0h1qhboHfBVhzcbjgiUdHW,IfcDiscreteAccessory,Cap plate,PL4.5x94,z-0(?),STEEL/SS400,17
2F3byRO158QPvNBaxi6lA$,IfcDiscreteAccessory,PLATE,PL9x130,5p-5(?),STEEL/SS400,17
2cwRN__jv42BlArJeAG5m0,IfcDiscreteAccessory,PLATE,PL9x100,4p-59,STEEL/SS400,17
19AjBwOjz6pxDsJFpHt7c_,IfcDiscreteAccessory,Cap plate,PL4.5x94,z-0(?),STEEL/SS400,17
05Z6wRNgrFVxVZkKwv6DkG,IfcDiscreteAccessory,PLATE,PL4.5x94,4p-11,STEEL/SS400,17
3jraSANwvEYh3LBLyz5Ww4,IfcDiscreteAccessory,BEAM,SHS100*100*3.2,4sq-4,STEEL/SS400,17
2l1pfmHWHC6BJKfTx0TJj0,IfcDiscreteAccessory,PLATE,PL12x134.5,4p-52,STEEL/A572-GR.50,17
0IkegAES500etbP0Eto4ji,IfcDiscreteAccessory,PLATE,PL12x79.5,4p-110,STEEL/A572-GR.50,17
3gv4wPorr8r8IDQeVzZXtP,IfcDiscreteAccessory,PLATE,PL12x134.5,4p-109,STEEL/A572-GR.50,17
1kaQbp2s15P8WA$gZCVv_P,IfcDiscreteAccessory,PLATE,PL8x74.9,4p-49,STEEL/SS400,17
37i7iaK6j6vQ2A7JMorxvK,IfcDiscreteAccessory,PLATE,PL8x74.9,4p-49,STEEL/SS400,17
3Y_ZkcwnTCje1WZnzHc7iN,IfcDiscreteAccessory,PLATE,PL8x74.9,4p-49,STEEL/SS400,17
1hR1qOSYX3mfWcmtuDmdog,IfcDiscreteAccessory,PLATE,PL8x74.9,4p-49,STEEL/SS400,17
0x0cH1Z_v23euvez_TBbnO,IfcDiscreteAccessory,PLATE,PL8x74.9,4p-49,STEEL/SS400,17
0WaD7tpivCgeb3xZ23KlTT,IfcDiscreteAccessory,PLATE,PL8x74.9,4p-49,STEEL/SS400,17
3PQZNgmND2591lH$fyQiNr,IfcDiscreteAccessory,PLATE,PL8x74.9,4p-49,STEEL/SS400,17
2ME9nU18z7AwZP1Hlr_mCe,IfcDiscreteAccessory,PLATE,PL8x74.9,4p-49,STEEL/SS400,17
3IyvQet3bErwYJhK6j_AIo,IfcDiscreteAccessory,PLATE,PL8x74.9,4p-49,STEEL/SS400,17
0DnEWlABj808BSM12io800,IfcDiscreteAccessory,PLATE,PL8x74.9,4p-49,STEEL/SS400,17
1KJU2e7crDZwyens$hdp8U,IfcDiscreteAccessory,PLATE,PL8x74.9,4p-94,STEEL/SS400,17
3jjrJIfJb0rgCX_BrPvgMG,IfcDiscreteAccessory,PLATE,PL8x74.9,4p-49,STEEL/SS400,17
1mKnCeOuj2quolWD2djO3e,IfcDiscreteAccessory,PLATE,PL8x74.9,4p-49,STEEL/SS400,17
3gHq4xDIHEzumvZNswxVTB,IfcDiscreteAccessory,PLATE,PL8x74.9,4p-49,STEEL/SS400,17
3B8no3alrABBHZ5AwqAEJZ,IfcDiscreteAccessory,PLATE,PL8x74.9,4p-49,STEEL/SS400,17
3siubwV8j3UedUNSbsL4v8,IfcDiscreteAccessory,PLATE,PL8x74.9,4p-49,STEEL/SS400,17
05a0uw7YDEbxe5kYdPCRC0,IfcDiscreteAccessory,PLATE,PL16x134.5,4p-43,STEEL/A572-GR.50,17
1HCtxJ$i51gvJr1V6Ewzab,IfcDiscreteAccessory,LIP PLATE,PL12x90.7,4p-38(?),STEEL/A572-GR.50,17
3iZL5LzknESRaloFznBcpZ,IfcDiscreteAccessory,LIP PLATE,PL12x90.7,4p-38,STEEL/A572-GR.50,17
3ur3m_G4v5oQpIqHOFYLmO,IfcDiscreteAccessory,PLATE,PL16x240,4p-37,STEEL/A572-GR.50,17
2yBJgC$o10JBKnlprY537c,IfcDiscreteAccessory,PLATE,PL12x90.7,4p-39(?),STEEL/A572-GR.50,17
3RQg8olCTAhRMtBtZXhXEz,IfcDiscreteAccessory,PLATE,PL12x90.7,4p-39,STEEL/A572-GR.50,17
0Y_FIAuqfA3xCZIbGU_ycv,IfcDiscreteAccessory,PLATE,PL16x240,4p-37,STEEL/A572-GR.50,17
3QW8uOZ2T9JucG0oB4aUzY,IfcDiscreteAccessory,BEAM,H-294X200X8X12,4H-22(?),STEEL/SM520,17
2vkykOxNDCi9piUUZssEC1,IfcDiscreteAccessory,BASE PLATE No4,PL20x300,4bpl-4,STEEL/A572-GR.50,17
0HoBTsOojBNu8rpWANJYmf,IfcDiscreteAccessory,PLATE,PL16x244.5,4p-58,STEEL/A572-GR.50,17
3yj1bqlb56pBsE4r4UXOYR,IfcDiscreteAccessory,LIP PLATE,PL12x90.7,4p-38,STEEL/A572-GR.50,17
1vW3AYrZnDgRPovR2YzYMJ,IfcDiscreteAccessory,LIP PLATE,PL12x90.7,4p-38,STEEL/A572-GR.50,17
0tF4x6cGXAFB8PrgLmBdsr,IfcDiscreteAccessory,PLATE,PL16x240,4p-37,STEEL/A572-GR.50,17
29fb41Lvr5cfs$egYRwFov,IfcDiscreteAccessory,BEAM,H-294X200X8X12,4H-6,STEEL/SM520,17
2UcXbFK798heAAgDvYSvfW,IfcDiscreteAccessory,LIP PLATE,PL12x90.7,4p-38,STEEL/A572-GR.50,17
230psK4SP3rxrQwYkGFnZ9,IfcDiscreteAccessory,LIP PLATE,PL12x90.7,4p-38,STEEL/A572-GR.50,17
1TKULE5qP52vrHUsQDX5Nc,IfcDiscreteAccessory,PLATE,PL16x240,4p-37,STEEL/A572-GR.50,17
0e6KzPzMr6j8vAvgRc1oYP,IfcDiscreteAccessory,PLATE,PL16x244.5,4p-57,STEEL/A572-GR.50,17
1FvOn7Erb0TQWzzJPq7RD3,IfcDiscreteAccessory,PLATE,PL16x134.5,4p-43,STEEL/A572-GR.50,17
0I4du6w6j7Ggsiq4XqZYFs,IfcDiscreteAccessory,PLATE,PL16x134.5,4p-43,STEEL/A572-GR.50,17
0EC_Bo741Daf2J$15hyeow,IfcDiscreteAccessory,PLATE,PL4.5x104,4p-46,STEEL/SS400,17
1jLQ1GkLX9GAkBBiRcwr79,IfcDiscreteAccessory,PLATE,PL4.5x104,4p-46,STEEL/SS400,17
0HKwcpIDb0g9PAeMlcR7Jv,IfcDiscreteAccessory,PLATE,PL12x240,4p-45,STEEL/SS400,17
1m1wJXIsn0OAj9KUkUD6U4,IfcDiscreteAccessory,PLATE,PL12x244.5,4p-44,STEEL/SS400,17
1SfZMZsSH7IhrnLoj73Tuu,IfcDiscreteAccessory,LIP PLATE,PL12x90.7,4p-38(?),STEEL/A572-GR.50,17
0cFiFmxkXA4xtPDzb4AvE6,IfcDiscreteAccessory,LIP PLATE,PL12x90.7,4p-38,STEEL/A572-GR.50,17
3mal_PrvX4HBecTEBjdG_n,IfcDiscreteAccessory,PLATE,PL16x240,4p-37,STEEL/A572-GR.50,17
3zbxENIYLFz829xji51_Eh,IfcDiscreteAccessory,PLATE,PL8x74.9,4p-50,STEEL/SS400,17
2kRDNDW2bBQAy5jgQ6Pam9,IfcDiscreteAccessory,PLATE,PL8x74.9,4p-49,STEEL/SS400,17
0z8pN3ljb5ruu5t2rBA0C7,IfcDiscreteAccessory,BEAM,RHS100*50*3.2,M-0(?),STEEL/SS400,17
2Pni6MVFbBd9uOKPq6e4Ch,IfcDiscreteAccessory,BEAM,RHS100*50*3.2,M-0(?),STEEL/SS400,17
0vxBnU9VLCzeoHT5NgNrMj,IfcDiscreteAccessory,BEAM,RHS100*50*3.2,M-0(?),STEEL/SS400,17
32dtpNKz12Fek_nNK$JSIl,IfcDiscreteAccessory,BEAM,RHS100*50*3.2,M-0(?),STEEL/SS400,17
0weFSfDcbDw84k4MDoKt8J,IfcDiscreteAccessory,BEAM,SHS50*50*3.2,M-161(?),STEEL/SS400,17
3bQ00wMmz1QhfITWh7zjXR,IfcDiscreteAccessory,BEAM,SHS50*50*3.2,M-161(?),STEEL/SS400,17
2FqXhP$jrBd9AYehf57LYw,IfcDiscreteAccessory,BEAM,SHS50*50*3.2,M-161(?),STEEL/SS400,17
1nkdhVVgn7Zv8ankeMQ0kQ,IfcDiscreteAccessory,LIP PLATE,PL12x90.7,4p-38,STEEL/A572-GR.50,17
3UHFGk6KT5KvYtdSSLwcgD,IfcDiscreteAccessory,LIP PLATE,PL12x90.7,4p-38,STEEL/A572-GR.50,17
2ISXH_aZHAeB2feXseGcIi,IfcDiscreteAccessory,PLATE,PL16x240,4p-37,STEEL/A572-GR.50,17
3orCv2G_TE4eRkTtnd_a0M,IfcDiscreteAccessory,PLATE,PL4.5x104,4p-46,STEEL/SS400,17
0tjI5AgFbC9uZ4oeFORhTc,IfcDiscreteAccessory,PLATE,PL4.5x104,4p-46,STEEL/SS400,17
3MMDcdU3nCjONBe9QRsAOW,IfcDiscreteAccessory,PLATE,PL12x240,4p-45,STEEL/SS400,17
23uvO3fCv8XhPKpg4HjwNl,IfcDiscreteAccessory,NUT,M12_NUT,z-144(?),STEEL/SS400,17
3y4qveZqnDSOI$Eh2Qvw0D,IfcDiscreteAccessory,WASHER,M12_WASHER,z-143(?),STEEL/SS400,17
0qkjT5U$PEpAwPSoIWIboV,IfcDiscreteAccessory,NUT,M12_NUT,z-144(?),STEEL/SS400,17
2Kd8kzIfXAi87W6XVqgHcs,IfcDiscreteAccessory,WASHER,M12_WASHER,z-143(?),STEEL/SS400,17
17yF1wrGnALeZDGijHrLhL,IfcDiscreteAccessory,NUT,M12_NUT,z-144(?),STEEL/SS400,17
1jpH3TICfBrhYnpWUnVFS3,IfcDiscreteAccessory,WASHER,M12_WASHER,z-143(?),STEEL/SS400,17
3$iAZIWCD36vzvpjf7X06D,IfcDiscreteAccessory,NUT,M12_NUT,z-144(?),STEEL/SS400,17
1KihbnKs50WwWiCPkpAeRC,IfcDiscreteAccessory,WASHER,M12_WASHER,z-143(?),STEEL/SS400,17
2J0FqYxB5FL8_sligU_QEL,IfcDiscreteAccessory,NUT,M12_NUT,z-144(?),STEEL/SS400,17
0nRIDm9Pz0OBSy1T5JZ1Sd,IfcDiscreteAccessory,WASHER,M12_WASHER,z-143(?),STEEL/SS400,17
3VmEB1oI98jexayS1qDWCD,IfcDiscreteAccessory,NUT,M12_NUT,z-144(?),STEEL/SS400,17
3amVjpfOL5pfSXyl125lcu,IfcDiscreteAccessory,WASHER,M12_WASHER,z-143(?),STEEL/SS400,17
2pJoMzGPn6FRGv0$1X$tt3,IfcDiscreteAccessory,NUT,M12_NUT,z-144(?),STEEL/SS400,17
14jjTe3cz7n9PsKAyhTECU,IfcDiscreteAccessory,WASHER,M12_WASHER,z-143(?),STEEL/SS400,17
1q68243RX2buuoJ8CB8Mm1,IfcDiscreteAccessory,NUT,M12_NUT,z-144(?),STEEL/SS400,17
1J70ZYeFvENuxxtgtfpeSW,IfcDiscreteAccessory,WASHER,M12_WASHER,z-143(?),STEEL/SS400,17
09UlZYfDL61AK1q7UmdhEI,IfcDiscreteAccessory,NUT,M12_NUT,z-144(?),STEEL/SS400,17
3YuxO0yhX1pgm96Y4rY69F,IfcDiscreteAccessory,WASHER,M12_WASHER,z-143(?),STEEL/SS400,17
0fL0GI5evAgvvZ0d934I2H,IfcDiscreteAccessory,NUT,M12_NUT,z-144(?),STEEL/SS400,17
3TF0$PA1nA9flESxGVXF$i,IfcDiscreteAccessory,WASHER,M12_WASHER,z-143(?),STEEL/SS400,17
2a9NuMEzD91O35yqXW5O0z,IfcDiscreteAccessory,NUT,M12_NUT,z-144(?),STEEL/SS400,17
0aV_sGfcXD1Ql1Y59Do8L6,IfcDiscreteAccessory,WASHER,M12_WASHER,z-143(?),STEEL/SS400,17
17GqP9ieXFPxUFuu3AvM28,IfcDiscreteAccessory,NUT,M12_NUT,z-144(?),STEEL/SS400,17
3pOXZobYXDsQpAVcK8_WMn,IfcDiscreteAccessory,WASHER,M12_WASHER,z-143(?),STEEL/SS400,17
2q5J4tkxb53PLCJ1WlldCH,IfcDiscreteAccessory,NUT,M12_NUT,z-144(?),STEEL/SS400,17
0Dec9yfsr7fRMl0adEPPdw,IfcDiscreteAccessory,WASHER,M12_WASHER,z-143(?),STEEL/SS400,17
0bRXqjrcXDtgodh9QoPLZV,IfcDiscreteAccessory,NUT,M12_NUT,z-144(?),STEEL/SS400,17
0hTq1IKt94X84CcqSAaXmb,IfcDiscreteAccessory,WASHER,M12_WASHER,z-143(?),STEEL/SS400,17
1GA8$kWR502vcsZGRIHcIW,IfcDiscreteAccessory,NUT,M12_NUT,z-144(?),STEEL/SS400,17
3jKC4JCH52duv16JpSlkQO,IfcDiscreteAccessory,WASHER,M12_WASHER,z-143(?),STEEL/SS400,17
0C7OBXT3z2JxmzAkUm$lsc,IfcDiscreteAccessory,NUT,M12_NUT,z-144(?),STEEL/SS400,17
32vbHbTkX6DRh$kDPOgDNt,IfcDiscreteAccessory,WASHER,M12_WASHER,z-143(?),STEEL/SS400,17
05K7lHN3X7hu_ooHR0m2sg,IfcDiscreteAccessory,NUT,M12_NUT,z-144(?),STEEL/SS400,17
09m5NON5b8gAelXyMU1aLc,IfcDiscreteAccessory,WASHER,M12_WASHER,z-143(?),STEEL/SS400,17
3TA$B9IWP9Gg32$miV6aK_,IfcDiscreteAccessory,NUT,M12_NUT,z-144(?),STEEL/SS400,17
1xZeiFP5nApxlNtnBI22Q6,IfcDiscreteAccessory,WASHER,M12_WASHER,z-143(?),STEEL/SS400,17
11eTfm$0jBqu81tG4Mnghw,IfcDiscreteAccessory,NUT,M12_NUT,z-144(?),STEEL/SS400,17
0YT1PxoH964AGPjdruSiCB,IfcDiscreteAccessory,WASHER,M12_WASHER,z-143(?),STEEL/SS400,17
3xWQdiz3X7sxfjsbFZnGAz,IfcDiscreteAccessory,NUT,M12_NUT,z-144(?),STEEL/SS400,17
2ZT7yfRdvFwft8fKUnItRN,IfcDiscreteAccessory,WASHER,M12_WASHER,z-143(?),STEEL/SS400,17
3QFvzEJyb50xxaH5QoSj7E,IfcDiscreteAccessory,PLATE,PL4.5x60,5p-2,STEEL/SS400,17
32bQRs4QPCoQRgHc4jHzS7,IfcDiscreteAccessory,PLATE,PL4.5x60,5p-2,STEEL/SS400,17
3ZHY72CNLARP3Vw8eJWEau,IfcDiscreteAccessory,PLATE,PL8x150,5p-1(?),STEEL/SS400,17
1cYH97LyL9GveIf77bgg3k,IfcDiscreteAccessory,PLATE,PL4.5x60,5p-2,STEEL/SS400,17
1KGPg2s8fB7uDfwrgZO5j0,IfcDiscreteAccessory,PLATE,PL4.5x60,5p-2,STEEL/SS400,17
19Ts8f0wz7JRKKAnvjQgDV,IfcDiscreteAccessory,PLATE,PL8x150,5p-1(?),STEEL/SS400,17
2ON$$gFlv3uvVbgcGZljuo,IfcDiscreteAccessory,PLATE,PL4.5x60,5p-2,STEEL/SS400,17
3Ba5LU3TPCjQu1ms8eP5ll,IfcDiscreteAccessory,PLATE,PL4.5x60,5p-2,STEEL/SS400,17
1KfyJO9xnE9xD5nvieP78C,IfcDiscreteAccessory,PLATE,PL8x150,5p-1(?),STEEL/SS400,17
1Y9or6DQrCFAC$LY5FC_yG,IfcDiscreteAccessory,PLATE,PL4.5x60,5p-2,STEEL/SS400,17
3unsVQgfjE6xEvRP2ZRc0g,IfcDiscreteAccessory,PLATE,PL4.5x60,5p-2,STEEL/SS400,17
11jCSVyQ9D9w6ui6G1xLE$,IfcDiscreteAccessory,PLATE,PL8x150,5p-1(?),STEEL/SS400,17
0iP0vRYErBVeDtTZ5sQRPw,IfcDiscreteAccessory,PLATE,PL4.5x60,5p-2,STEEL/SS400,17
1IOUj4sD9EbBtSGJfNZsC$,IfcDiscreteAccessory,PLATE,PL4.5x60,5p-2,STEEL/SS400,17
1GOmMKQaD3qeR$IFcF6hYg,IfcDiscreteAccessory,PLATE,PL8x150,5p-1(?),STEEL/SS400,17
0lW9PRWOjBeOHOWkAFld0I,IfcDiscreteAccessory,PLATE,PL4.5x60,5p-2,STEEL/SS400,17
2RDpekqdr6DuCKca4m45Sk,IfcDiscreteAccessory,PLATE,PL4.5x60,5p-2,STEEL/SS400,17
0_1OklJg54IOHZvedshF5$,IfcDiscreteAccessory,PLATE,PL8x150,5p-1(?),STEEL/SS400,17
07VGwimrz9MwX5X8Xp7u$V,IfcDiscreteAccessory,BEAM,SHS100*100*3.2,4sq-3,STEEL/SS400,17
1M1KAeYoH7cAzi4nFEUYIQ,IfcDiscreteAccessory,PLATE,PL8x48,1p-60,STEEL/SS400,17
0$pAWGFI95NuiaPZHiacSO,IfcDiscreteAccessory,PLATE BUILD,PL8x94,1ps-54,STEEL/A572-GR.50,17
3Fh1F8L5X6qAUksKJ1F9kP,IfcDiscreteAccessory,PLATE BUILD,PL8x53.5,1ps-51,STEEL/A572-GR.50,17
21rwnRasLFm9AELWyTD2Uq,IfcDiscreteAccessory,BEAM BUILD,PL13x200,1bh-8,STEEL/SM520,17
3FDjnuCG1FZv2VnbgBytUw,IfcDiscreteAccessory,BEAM BUILD,PL13x200,1bh-9,STEEL/SM520,17
27tIP82lnA2fr92azk1nUz,IfcDiscreteAccessory,LIP PLATE,PL12x114.3,1ps-5,STEEL/A572-GR.50,17
3FqTztMg9A6fDA27u08GT9,IfcDiscreteAccessory,LIP PLATE,PL12x89.3,1ps-7,STEEL/A572-GR.50,17
0SRyszPF5FUh4oXSegwt7Q,IfcDiscreteAccessory,PLATE,PL20x240,1ps-2,STEEL/A572-GR.50,17
3EUmGneyvCcwQeH6cydfWz,IfcDiscreteAccessory,LIP PLATE,PL12x85.4,1ps-20,STEEL/A572-GR.50,17
05I3WqQpz1cw3fBim94F3b,IfcDiscreteAccessory,LIP PLATE,PL12x100.8,1ps-3,STEEL/A572-GR.50,17
2deeMDn$D8VAerh0qVtdSP,IfcDiscreteAccessory,PLATE,PL20x240,1ps-2,STEEL/A572-GR.50,17
3kY0ByJJTDjg6MjC8k$6pz,IfcDiscreteAccessory,PLATE,PL12x84.5,1ps-6,STEEL/A572-GR.50,17
1$1M9kDsj5aQMzDzmSty0E,IfcDiscreteAccessory,BEAM BUILD,PL13x200,1bh-5,STEEL/SM520,17
03pKdXQbj4L8EagfF37fXZ,IfcDiscreteAccessory,PLATE BUILD,PL8x53.6,1ps-53,STEEL/A572-GR.50,17
1Ja5_H$_D8rviziygJGWVQ,IfcDiscreteAccessory,LIP PLATE,PL12x96,1ps-4,STEEL/A572-GR.50,17
2ybdO0M5rBKRDGGuMZ77Uw,IfcDiscreteAccessory,LIP PLATE,PL12x101.6,1ps-3,STEEL/A572-GR.50,17
3Fwv_kgCX0U9Aez0_ksNyf,IfcDiscreteAccessory,PLATE,PL20x240,1ps-2,STEEL/A572-GR.50,17
3UKkU77hDAyAI8HWz4j109,IfcDiscreteAccessory,PLATE BUILD,PL8x94,1ps-54,STEEL/A572-GR.50,17
0sVpQL3oHACA05$FhRb05z,IfcDiscreteAccessory,BEAM BUILD,PL13x200,1bh-9,STEEL/SM520,17
3blmNeI81FZgqlcr99nu9g,IfcDiscreteAccessory,LIP PLATE,PL12x85.4,1ps-20,STEEL/A572-GR.50,17
2PcuovpJz5UevyQtItuRoi,IfcDiscreteAccessory,LIP PLATE,PL12x100.8,1ps-3,STEEL/A572-GR.50,17
0nYtyra1z7TfnGlAZlkZa4,IfcDiscreteAccessory,PLATE,PL20x240,1ps-2,STEEL/A572-GR.50,17
3XgFXTM6n1pBTfuoPG_9fZ,IfcDiscreteAccessory,PLATE,PL12x84.5,1ps-6,STEEL/A572-GR.50,17
0bdpQmTxHCh8nzXXGzf2A$,IfcDiscreteAccessory,PLATE BUILD,PL8x94,1ps-54,STEEL/A572-GR.50,17
0tJ18Ktsn7aOrpLwXrYLbD,IfcDiscreteAccessory,BEAM BUILD,PL13x200,1bh-9,STEEL/SM520,17
1mW9OuJ_vCg98F7N2ZHYWb,IfcDiscreteAccessory,LIP PLATE,PL12x85.4,1ps-20,STEEL/A572-GR.50,17
2RqKwZuS95DPvGmaZWn_KI,IfcDiscreteAccessory,LIP PLATE,PL12x100.8,1ps-3,STEEL/A572-GR.50,17
0RLHyFOwD8FBp1qggSz6ak,IfcDiscreteAccessory,PLATE,PL20x240,1ps-2,STEEL/A572-GR.50,17
1mhtqRDZP1EwICIctmrW1T,IfcDiscreteAccessory,PLATE,PL12x84.5,1ps-6,STEEL/A572-GR.50,17
3bSXcOIWz0kPM22FTBCWc7,IfcDiscreteAccessory,PLATE BUILD,PL8x94,1ps-54,STEEL/A572-GR.50,17
3zWHuopMn1RB3fm4grlI_X,IfcDiscreteAccessory,BEAM BUILD,PL13x200,1bh-9,STEEL/SM520,17
1Fkp$bAtD4IOVDM7hJzxXZ,IfcDiscreteAccessory,LIP PLATE,PL12x85.4,1ps-20,STEEL/A572-GR.50,17
37CdnJsij2lARVIuaVIgWo,IfcDiscreteAccessory,LIP PLATE,PL12x100.8,1ps-3,STEEL/A572-GR.50,17
1zCNwsPdL7g89Nu3h3dCdQ,IfcDiscreteAccessory,PLATE,PL20x240,1ps-2,STEEL/A572-GR.50,17
3Y5h8ofYH1R99QosGLgnYK,IfcDiscreteAccessory,CHECKER PLATE,CHK4.5x1047,1chkpr-1,STEEL/SS400,17
0bOZWGfq54owlOgVaGKQmn,IfcDiscreteAccessory,CHECKER PLATE,CHK4.5x1200,1chkp-7,STEEL/SS400,17
3_fsUWOh196htU_B8ktVps,IfcDiscreteAccessory,EXPANDED,EX4.5x1047,1exp-4,STEEL/SS400,17
2h7CO1eMLDkAP8gQW0gR41,IfcDiscreteAccessory,CHECKER PLATE,CHK4.5x697,1chkp-3,STEEL/SS400,17
0abIJ5Npj5cAZifz8OVPOg,IfcDiscreteAccessory,HOOK,ROD9,1rb-10,STEEL/SS400,17
2BCHjcdnHF8OW$JJgFfnQQ,IfcDiscreteAccessory,HOOK,ROD9,1rb-10,STEEL/SS400,17
0R5QV30UHDueE$v8dc3fqX,IfcDiscreteAccessory,HOOK,ROD9,1rb-10,STEEL/SS400,17
20kf5LNrbEdPQsk4RKn0Pr,IfcDiscreteAccessory,HOOK,ROD9,1rb-10,STEEL/SS400,17
2p6gIT3NT7NR_Btu3Ksb89,IfcDiscreteAccessory,HOOK,ROD9,1rb-10,STEEL/SS400,17
0yXnhzTUL3Rf803YvmeHDA,IfcDiscreteAccessory,HOOK,ROD9,1rb-10,STEEL/SS400,17
2lKumxugz2Y8OhNqVt_D1w,IfcDiscreteAccessory,HOOK,ROD9,1rb-10,STEEL/SS400,17
2G97UjYNzA8eM0E$8krijM,IfcDiscreteAccessory,HOOK,ROD9,1rb-10,STEEL/SS400,17
1yuX4e$6r4sBDLVNzY07Li,IfcDiscreteAccessory,HOOK,ROD9,1rb-10,STEEL/SS400,17
2Qzc5bPCDDG9aZje1lS9w5,IfcDiscreteAccessory,HOOK,ROD9,1rb-10,STEEL/SS400,17
3kKqJDXnb2tw7fPvCQORcu,IfcDiscreteAccessory,HOOK,ROD9,1rb-10,STEEL/SS400,17
20$U8T2k5EpxWMgCTnCu9P,IfcDiscreteAccessory,LIFTING LUG,PL16x99.3,1p-77,STEEL/A572-GR.50,17
3$gd5N0mf1GhXmBMB2Ijkz,IfcDiscreteAccessory,LIFTING LUG,PL16x99.3,1p-77,STEEL/A572-GR.50,17
0Cz8359Z93q8IARFiY39$V,IfcDiscreteAccessory,LIFTING LUG,PL16x99.3,1p-87(?),STEEL/A572-GR.50,17
2sQOsBUXf5kBXPtUNaVX4i,IfcDiscreteAccessory,LIFTING LUG,PL16x99.3,1p-86(?),STEEL/A572-GR.50,17
2TyGuzd7v1CA3IoQ4LgDxw,IfcDiscreteAccessory,HOOK,ROD9,1rb-10(?),STEEL/SS400,17
3Im3oAnxbEDRzftNyH5amx,IfcDiscreteAccessory,HOOK,ROD9,1rb-10(?),STEEL/SS400,17
1zWEJGnpD2UQr$deqSl_2J,IfcDiscreteAccessory,HOOK,ROD9,1rb-10(?),STEEL/SS400,17
3k8HJXXOP4ZAqz04cvPv5v,IfcDiscreteAccessory,HOOK,ROD9,1rb-10(?),STEEL/SS400,17
2fYEDvzCz0$Pat6a5HAkcb,IfcDiscreteAccessory,HOOK,ROD9,1rb-10(?),STEEL/SS400,17
0klN0udDXA2hSK0UuKGisg,IfcDiscreteAccessory,HOOK,ROD9,1rb-10(?),STEEL/SS400,17
3PzgmEos1BiAzVTSMFvKZ0,IfcDiscreteAccessory,HOOK,ROD9,1rb-10(?),STEEL/SS400,17
0mwaO4D459lxHi3wiRtJYg,IfcDiscreteAccessory,HOOK,ROD9,1rb-10(?),STEEL/SS400,17
1o2WiEalDCz97ceOOp2rS8,IfcDiscreteAccessory,HOOK,ROD9,1rb-10(?),STEEL/SS400,17
22FcDcWDT4yQqnwZzKLmo4,IfcDiscreteAccessory,HOOK,ROD9,1rb-10(?),STEEL/SS400,17
1gR4x2bGLE5ewcISm5$shF,IfcDiscreteAccessory,HOOK,ROD9,1rb-10(?),STEEL/SS400,17
34_Bxax4vFhgvfPH4RaDHI,IfcDiscreteAccessory,CAP PLATE,PL4.5x35,1p50-3(?),STEEL/SS400,17
0oaaHCm8vAlPrKi88qkJ_6,IfcDiscreteAccessory,CAP PLATE,PL4.5x35,1p50-3(?),STEEL/SS400,17
3kv1EQtnD4HuUQDeBHQ_JX,IfcDiscreteAccessory,CAP PLATE,PL4.5x35,1p50-3(?),STEEL/SS400,17
3gzhchvpD039K9UTS0KYma,IfcDiscreteAccessory,CAP PLATE,PL4.5x20.4,1p50-2(?),STEEL/SS400,17
1F8LXxpLD0qutfOSUi7P25,IfcDiscreteAccessory,PLATE,PL6x48,1p-73(?),STEEL/SS400,17
3nUhxoQI9BkRXTBGyq6C5X,IfcDiscreteAccessory,SQUARE TUBES,RHS50*25*2.5,1rt-3(?),STEEL/SS400,17
3uQ1b4xpP86hBbgZ96taqB,IfcDiscreteAccessory,PLATE,PL6x48,1p-73(?),STEEL/SS400,17
1zfscRLLv9Pw$HaDshjOyT,IfcDiscreteAccessory,PLATE,PL6x48,1p-73(?),STEEL/SS400,17
1tnE6cihL6LQ8izQjzsmH4,IfcDiscreteAccessory,SQUARE TUBES,RHS50*25*2.5,1rt-3(?),STEEL/SS400,17
21RZmBU0rCphZmdjrNq0En,IfcDiscreteAccessory,PLATE,PL6x48,1p-73(?),STEEL/SS400,17
0rWz9roiTB2xWgXEIG1qUH,IfcDiscreteAccessory,SQUARE TUBES,RHS50*25*2.5,1rt-3(?),STEEL/SS400,17
1VpCJUay14x94w3oY$bPLp,IfcDiscreteAccessory,PLATE,PL6x48,1p-73(?),STEEL/SS400,17
0bno2MqLD7bQswwVWUo3$8,IfcDiscreteAccessory,PLATE,PL6x48,1p-73(?),STEEL/SS400,17
1puk2w3qP6BxCVcGD0kJwa,IfcDiscreteAccessory,PLATE,PL6x48,1p-73(?),STEEL/SS400,17
1dSQlrbN9AP9t494lwj6wT,IfcDiscreteAccessory,CAP PLATE,PL4.5x93.6,1p100-2(?),STEEL/SS400,17
0utc1GA_X8oggUXPVZF9ZY,IfcDiscreteAccessory,PLATE,PL9x105,1p-76(?),STEEL/SS400,17
23UFTf99j3XAKPDf0a0bKE,IfcDiscreteAccessory,PLATE,PL9x147,1p-66(?),STEEL/SS400,17
2mzLK0isLFMPLHSpkMfv_H,IfcDiscreteAccessory,CAP PLATE,PL4.5x93.6,1p100-2(?),STEEL/SS400,17
3qSgX47pb1Mfxkh7Y$gkf5,IfcDiscreteAccessory,PLATE,PL9x105,1p-76(?),STEEL/SS400,17
1mQ4icXc53MPxZ79IzTSeN,IfcDiscreteAccessory,PLATE,PL9x147,1p-66(?),STEEL/SS400,17
2AVoLn$bvBhBHrP4ywq5zu,IfcDiscreteAccessory,SQUARE TUBES,SHS100*100*3.2,1st-23(?),STEEL/SS400,17
2nMn7PteX41emrN05JUgGk,IfcDiscreteAccessory,PLATE,PL9x95.8,1p-84(?),STEEL/SS400,17
3HCTwgeiz4H9_IReuB7dLd,IfcDiscreteAccessory,PLATE,PL12x114.5,1ps-45(?),STEEL/A572-GR.50,17
1t_EFB1IDFAR_thSsnh2be,IfcDiscreteAccessory,PLATE,PL12x264.5,1ps-43(?),STEEL/A572-GR.50,17
3yvapbilb4lwLnscodIS6N,IfcDiscreteAccessory,PLATE,PL9x105,1p-67(?),STEEL/SS400,17
3f2b0uXxPEMAFJN6Tp0$TC,IfcDiscreteAccessory,PLATE,PL9x147,1p-66(?),STEEL/SS400,17
1A3JUfR4zF1PNGdKt7V2sA,IfcDiscreteAccessory,PLATE,PL9x105,1p-67(?),STEEL/SS400,17
3f5RFYIiLA_vfsgnZvk16$,IfcDiscreteAccessory,PLATE,PL9x147,1p-66(?),STEEL/SS400,17
3IZt76tID3mu8taz$M2iNp,IfcDiscreteAccessory,CAP PLATE,PL4.5x100,1p100-3(?),STEEL/SS400,17
2pV3Yw4c9FJxwiumQ0KSvh,IfcDiscreteAccessory,CAP PLATE,PL4.5x100,1p100-3(?),STEEL/SS400,17
0i2QHeadv9$fgL3NXF48cP,IfcDiscreteAccessory,PLATE,PL6x37,1p-68(?),STEEL/SS400,17
1ZWXLVV8TCNAUC9AhB_m3y,IfcDiscreteAccessory,PLATE,PL6x37,1p-68(?),STEEL/SS400,17
30Ys8Scnz9ZPXSww7hJ_gN,IfcDiscreteAccessory,PLATE,PL6x37,1p-68(?),STEEL/SS400,17
2dj_X_50r96w1dKGOupW_j,IfcDiscreteAccessory,PLATE,PL6x37,1p-68(?),STEEL/SS400,17
1steppFVXARBfZfQ8F65uG,IfcDiscreteAccessory,PLATE,PL6x37,1p-68(?),STEEL/SS400,17
3z6JI58Vz3quO85v84g9Bl,IfcDiscreteAccessory,PLATE,PL6x37,1p-68(?),STEEL/SS400,17
1CkfqYFvb50exwd8w8r8RM,IfcDiscreteAccessory,PLATE,PL6x37,1p-68(?),STEEL/SS400,17
0LgCXMjIL3pPn2fWPXm0rD,IfcDiscreteAccessory,PLATE,PL6x37,1p-68(?),STEEL/SS400,17
1tKFHC1Ib2geShVumIRYbi,IfcDiscreteAccessory,PLATE,PL12x264.5,1ps-43(?),STEEL/A572-GR.50,17
1VjtRgiNz7_gR8QWXVdzUE,IfcDiscreteAccessory,BEAM,H-100X100X6X8,1h-15(?),STEEL/SS400,17
1ZeRwnUsX0DhfaV61x_sSO,IfcDiscreteAccessory,SQUARE TUBES,RHS100*50*3.2,1rt-1(?),STEEL/SS400,17
2heGQFqgTAoQEpM_OuqetO,IfcDiscreteAccessory,SQUARE TUBES,SHS38*38*3.2,1rtn-1(?),STEEL/SS400,17
2snVw$4lD3yQtoiDgrIJor,IfcDiscreteAccessory,SQUARE TUBES,RHS100*50*3.2,1rt-1(?),STEEL/SS400,17
3QhQzAJF596A2G2mnkkOqn,IfcDiscreteAccessory,SQUARE TUBES,SHS38*38*3.2,1rtn-1(?),STEEL/SS400,17
3rgWk0EM99EeKwpLBEdJyX,IfcDiscreteAccessory,SQUARE TUBES,RHS100*50*3.2,1rt-1(?),STEEL/SS400,17
007W4bk_L17Ru8S$uu5MIb,IfcDiscreteAccessory,SQUARE TUBES,RHS100*50*3.2,1rt-1(?),STEEL/SS400,17
3HkMVoVWHCQQv2IMjYrro1,IfcDiscreteAccessory,SQUARE TUBES,SHS38*38*3.2,1rtn-1(?),STEEL/SS400,17
0x72K_UR5EQe6Ec688J1C4,IfcDiscreteAccessory,SQUARE TUBES,RHS100*50*3.2,1rt-1(?),STEEL/SS400,17
3pvGkqZ8D8tuewLz9LG5Xs,IfcDiscreteAccessory,SQUARE TUBES,SHS38*38*3.2,1rtn-1(?),STEEL/SS400,17
0BvCudFqL8ue2VdE5WUWrZ,IfcDiscreteAccessory,SQUARE TUBES,RHS100*50*3.2,1rt-1(?),STEEL/SS400,17
1WorqWVq1D992Hn1_Byfxz,IfcDiscreteAccessory,SQUARE TUBES,SHS38*38*3.2,1rtn-1(?),STEEL/SS400,17
1G4wXEVHjEeO06iydWXv5$,IfcDiscreteAccessory,SQUARE TUBES,RHS100*50*3.2,1rt-1(?),STEEL/SS400,17
3$1u8uGAT6rxDyi0zpU6t7,IfcDiscreteAccessory,SQUARE TUBES,SHS38*38*3.2,1rtn-1(?),STEEL/SS400,17
3qsT79uAnD9P3G5njIWjE4,IfcDiscreteAccessory,SQUARE TUBES,RHS100*50*3.2,1rt-1(?),STEEL/SS400,17
08wtZi8MfBFPB4NMr42UEX,IfcDiscreteAccessory,SQUARE TUBES,SHS38*38*3.2,1rtn-1(?),STEEL/SS400,17
0ZgFYg2Q5DMugBsgxngr9O,IfcDiscreteAccessory,SQUARE TUBES,RHS100*50*3.2,1rt-1(?),STEEL/SS400,17
0x$l2SInzAtBcyH0UpH_fo,IfcDiscreteAccessory,SQUARE TUBES,RHS100*50*3.2,1rt-1(?),STEEL/SS400,17
23c33NBF1BuAFsg$9pjJZi,IfcDiscreteAccessory,SQUARE TUBES,SHS38*38*3.2,1rtn-1(?),STEEL/SS400,17
1nODCy1qvB98R7mUQdYo47,IfcDiscreteAccessory,CAP PLATE,PL4.5x93.6,1p100-2(?),STEEL/SS400,17
0iVV7pEzz8aBL2cokXyZF_,IfcDiscreteAccessory,CAP PLATE,PL4.5x93.6,1p100-2(?),STEEL/SS400,17
0OfbIwuhz6VfPHjiLO8dGF,IfcDiscreteAccessory,CAP PLATE,PL4.5x93.6,1p100-2(?),STEEL/SS400,17
3PFsVl3Fj1e8kbDjskpdLF,IfcDiscreteAccessory,CAP PLATE,PL4.5x93.6,1p100-2(?),STEEL/SS400,17
38oVxPoR9ECviCSweqMDRM,IfcDiscreteAccessory,SQUARE TUBES,RHS100*50*3.2,1rt-1(?),STEEL/SS400,17
0J$o$B2cbEFg7Ju2FV_QM0,IfcDiscreteAccessory,SQUARE TUBES,SHS38*38*3.2,1rtn-1(?),STEEL/SS400,17
06uUqW2hD81uHkg0zsctuG,IfcDiscreteAccessory,SQUARE TUBES,RHS100*50*3.2,1rt-1(?),STEEL/SS400,17
0Fviub3If4LvhTNH$Fv34v,IfcDiscreteAccessory,SQUARE TUBES,SHS38*38*3.2,1rtn-1(?),STEEL/SS400,17
0x8vVaZ3jCO9bSMHdlH6od,IfcDiscreteAccessory,SQUARE TUBES,RHS100*50*3.2,1rt-1(?),STEEL/SS400,17
2ua8ZTL9f8W9JWmK66NRVk,IfcDiscreteAccessory,SQUARE TUBES,SHS38*38*3.2,1rtn-1(?),STEEL/SS400,17
1zmam_QEn4WvTdyl5WId4t,IfcDiscreteAccessory,SQUARE TUBES,RHS100*50*3.2,1rt-1(?),STEEL/SS400,17
2bp6NehC58C9h_BNZHcncl,IfcDiscreteAccessory,SQUARE TUBES,SHS38*38*3.2,1rtn-1(?),STEEL/SS400,17
1tUlB_2Uj9rQ54lpyQnd0L,IfcDiscreteAccessory,SQUARE TUBES,SHS38*38*3.2,1st-30(?),STEEL/SS400,17
1_qyl4ecv9tgb5cOasm_NI,IfcDiscreteAccessory,SQUARE TUBES,SHS100*100*3.2,1st-21(?),STEEL/SS400,17
3fnf0l9Xf0T9zn_mQIfXkF,IfcDiscreteAccessory,PLATE,PL9x105,1p-67(?),STEEL/SS400,17
3F3Zwu5NLFAuULxmR23CN2,IfcDiscreteAccessory,PLATE,PL9x105,1p-67(?),STEEL/SS400,17
1g5FaNUjP1O8OiXZyeU7Bh,IfcDiscreteAccessory,SQUARE TUBES,SHS38*38*3.2,1rtn-1(?),STEEL/SS400,17
1Z6vXtA$jF3wd0d7tFjoDW,IfcDiscreteAccessory,SQUARE TUBES,RHS100*50*3.2,1rt-1(?),STEEL/SS400,17
00ovxeWeTCGByclUHo34rG,IfcDiscreteAccessory,SQUARE TUBES,SHS38*38*3.2,1st-2(?),STEEL/SS400,17
0SsxZIsCH6_hpPeSrjwU2Q,IfcDiscreteAccessory,SQUARE TUBES,SHS100*100*3.2,1st-3(?),STEEL/SS400,17
3qsAh1TzPFpfLvKeai5hU8,IfcDiscreteAccessory,SQUARE TUBES,SHS100*100*3.2,x-350(?),STEEL/SS400,17
2MEXkm8fD1vOLrtcsGJCuy,IfcDiscreteAccessory,PLATE,PL4.5x17.3,5p50-1(?),STEEL/SS400,17
3u4m4kjmrDwe_OzGe_kt4V,IfcDiscreteAccessory,PLATE,PL4.5x17.3,5p50-1(?),STEEL/SS400,17
1Y1yu4hHjCtBGqG3rWEi9n,IfcDiscreteAccessory,PLATE,PL4.5x17.3,5p50-1(?),STEEL/SS400,17
0spTcGHA95IOJxbA9qBkuQ,IfcDiscreteAccessory,PLATE,PL4.5x68.6,5p75-1(?),STEEL/SS400,17
27WUY0QGn3Lhpwsppup4wU,IfcDiscreteAccessory,BEAM,SHS100*100*3.2,M-150(?),STEEL/SS400,17
0R02VyuXHBZxCXegeKMmlB,IfcDiscreteAccessory,BEAM,SHS100*100*3.2,M-150(?),STEEL/SS400,17
3strxsfk14ifYjyJhF5OZ1,IfcDiscreteAccessory,BEAM,SHS100*100*3.2,M-155,STEEL/SS400,17
2Iyr0I39b2Fvy4XV5C05iV,IfcDiscreteAccessory,BEAM,SHS100*100*3.2,M-155,STEEL/SS400,17
2wk5lbFhf8GP3at80mUtAj,IfcDiscreteAccessory,BEAM,SHS100*100*3.2,M-155,STEEL/SS400,17
1D6N7DSo1ABRJ7NoYXwd9g,IfcDiscreteAccessory,BEAM,SHS100*100*3.2,M-155,STEEL/SS400,17
05IiPPUET098qnNROeca0v,IfcDiscreteAccessory,BEAM,SHS100*100*3.2,M-156(?),STEEL/SS400,17
190fEvAZX1f8suKNfm6W4B,IfcDiscreteAccessory,BEAM,SHS100*100*3.2,M-156(?),STEEL/SS400,17
15mdAhNgz1axqmul4JjowO,IfcDiscreteAccessory,BEAM,SHS100*100*3.2,M-155,STEEL/SS400,17
0lm45L94r7seImYznPZ96K,IfcDiscreteAccessory,BEAM,SHS100*100*3.2,M-155,STEEL/SS400,17
1E804mbf1AaQE9CvFPtPCf,IfcDiscreteAccessory,BEAM,SHS100*100*3.2,M-155,STEEL/SS400,17
2dm_FAitXEAg9kXj0BL$uU,IfcDiscreteAccessory,BEAM,SHS100*100*3.2,M-155,STEEL/SS400,17
3Az$GCK896XvDxRzbgLzan,IfcDiscreteAccessory,BEAM,SHS100*100*3.2,M-155,STEEL/SS400,17
1U8rGHsO14NOFr3ytUtXIv,IfcDiscreteAccessory,BEAM,SHS100*100*3.2,M-155,STEEL/SS400,17
3fbotiDz94NgphpwDTr4Z7,IfcDiscreteAccessory,BEAM,SHS100*100*3.2,M-155,STEEL/SS400,17
1YGvzRbsbFnO7NjOps_yzk,IfcDiscreteAccessory,BEAM,SHS100*100*3.2,M-155,STEEL/SS400,17
2Kvt7tXjz70OMSuBPcjF5T,IfcDiscreteAccessory,BEAM,SHS100*100*3.2,M-150(?),STEEL/SS400,17
2ksj_kkWvF2hCNlYffoAIq,IfcDiscreteAccessory,BEAM,SHS100*100*3.2,M-150(?),STEEL/SS400,17
2k12voChv2wPTKMxWrYifr,IfcDiscreteAccessory,BEAM,SHS100*100*3.2,M-150(?),STEEL/SS400,17
3zaKehBab8CAuP2KAu8Pj5,IfcDiscreteAccessory,BEAM,SHS100*100*3.2,M-150(?),STEEL/SS400,17
2qB8_I$5vCWBMIrscHcHTv,IfcDiscreteAccessory,BEAM,SHS100*100*3.2,M-150(?),STEEL/SS400,17
322$jMOmD2gg9RqbmsxSuo,IfcDiscreteAccessory,BEAM,SHS100*100*3.2,M-150(?),STEEL/SS400,17
0JRsi$PMf4SB_tiWeqac8j,IfcDiscreteAccessory,BEAM,SHS100*100*3.2,M-150(?),STEEL/SS400,17
34OfoKswDDYwd1YYKZISjs,IfcDiscreteAccessory,BEAM,SHS100*100*3.2,M-150(?),STEEL/SS400,17
36H_hXQQD5a8y9r3IEXmY_,IfcDiscreteAccessory,BEAM,SHS100*100*3.2,M-150(?),STEEL/SS400,17
2hy6jx0zP6NAsrMk1xtQCC,IfcDiscreteAccessory,BEAM,SHS100*100*3.2,M-150(?),STEEL/SS400,17
1uLcBIXQ571Pg9u0YG7ojr,IfcDiscreteAccessory,PLATE,PL4.5x52.3,P-63,STEEL/SS400,17
2RWk0u08bDrPEUGHFg2E2K,IfcDiscreteAccessory,PLATE,PL4.5x52.3,P-63,STEEL/SS400,17
1A9BuANO17yRK8w$7iKHIG,IfcDiscreteAccessory,NUT,M12_NUT,z-144,STEEL/SS400,17
2mqtM$Aq548OpNqktmgi_8,IfcDiscreteAccessory,WASHER,M12_WASHER,z-143,STEEL/SS400,17
0t9pAGT2r57AYy7Lia58iT,IfcDiscreteAccessory,NUT,M12_NUT,z-144,STEEL/SS400,17
3wSsAGVjPDiuTRfeVBe4SB,IfcDiscreteAccessory,WASHER,M12_WASHER,z-143,STEEL/SS400,17
0_Yx$WXIr5K9Naw0VFiGr$,IfcDiscreteAccessory,NUT,M12_NUT,z-144,STEEL/SS400,17
31gfOY3rb5CxkafKfXzzsl,IfcDiscreteAccessory,WASHER,M12_WASHER,z-143,STEEL/SS400,17
2VRLiecQr9BgaN7EOK8G0v,IfcDiscreteAccessory,NUT,M12_NUT,z-144,STEEL/SS400,17
24YldiYWz6Ou1JDwav30MU,IfcDiscreteAccessory,WASHER,M12_WASHER,z-143,STEEL/SS400,17
1ORoY$n0T9segtyT5_MSHZ,IfcDiscreteAccessory,NUT,M12_NUT,z-144,STEEL/SS400,17
2sHv5s4C9EfBfkIVXzcLpb,IfcDiscreteAccessory,WASHER,M12_WASHER,z-143,STEEL/SS400,17
3pFKqs4dLFXudY86GcXh89,IfcDiscreteAccessory,NUT,M12_NUT,z-144,STEEL/SS400,17
1nz4qjteT1UQq3JX3ZnuwM,IfcDiscreteAccessory,WASHER,M12_WASHER,z-143,STEEL/SS400,17
0L2IImjpbC6wqUYicazuGZ,IfcDiscreteAccessory,PLATE,PL8x129.9,P-67,STEEL/SS400,17
1mh5a2MEvFWxWGG54NaF5R,IfcDiscreteAccessory,PLATE,PL4.5x52.3,P-63,STEEL/SS400,17
0dDruUJGHBRw4Bu_IZqToN,IfcDiscreteAccessory,PLATE,PL4.5x52.3,P-63,STEEL/SS400,17
2mwyq6Kq922P$GnForDYaR,IfcDiscreteAccessory,NUT,M12_NUT,z-144,STEEL/SS400,17
1JEG11h_P6RvfPoFoF1tEh,IfcDiscreteAccessory,WASHER,M12_WASHER,z-143,STEEL/SS400,17
0XjIy7fMf6PAK$JP_PZqI3,IfcDiscreteAccessory,NUT,M12_NUT,z-144,STEEL/SS400,17
2ENGVi0uPBrxmj5SfdLEFq,IfcDiscreteAccessory,WASHER,M12_WASHER,z-143,STEEL/SS400,17
1RbAU5q6z19RqIAcXUvD9D,IfcDiscreteAccessory,NUT,M12_NUT,z-144,STEEL/SS400,17
0ZntL_LZL5ZgA75_$9gL$j,IfcDiscreteAccessory,WASHER,M12_WASHER,z-143,STEEL/SS400,17
3DXfMOmy15Ku6RTtJi6K2P,IfcDiscreteAccessory,NUT,M12_NUT,z-144,STEEL/SS400,17
1ivFmEnlz588DnzUk524ps,IfcDiscreteAccessory,WASHER,M12_WASHER,z-143,STEEL/SS400,17
2I_qdUtn52YPq240zmjQiG,IfcDiscreteAccessory,NUT,M12_NUT,z-144,STEEL/SS400,17
1meCyIhcvCQusTNCuRTIss,IfcDiscreteAccessory,WASHER,M12_WASHER,z-143,STEEL/SS400,17
1nHWspYAHDsQfEkCJ5PDeW,IfcDiscreteAccessory,NUT,M12_NUT,z-144,STEEL/SS400,17
0sVXEOECL3MeMIHzgZDwyh,IfcDiscreteAccessory,WASHER,M12_WASHER,z-143,STEEL/SS400,17
0GFI9x9BvAWfMRqH1GDaXK,IfcDiscreteAccessory,PLATE,PL8x129.9,P-67,STEEL/SS400,17
3CCzSPgHL6fAT0fFJiovrN,IfcDiscreteAccessory,PLATE,PL4.5x52.3,P-63,STEEL/SS400,17
2iylzAE29E6hWtQ2T$gB4b,IfcDiscreteAccessory,PLATE,PL4.5x52.3,P-63,STEEL/SS400,17
3joEeZR2j6EuUjz2dEtz7X,IfcDiscreteAccessory,NUT,M12_NUT,z-144,STEEL/SS400,17
0dyJLksff0MBmYJlbYB_aQ,IfcDiscreteAccessory,WASHER,M12_WASHER,z-143,STEEL/SS400,17
2iBzCz9vTAJxsa8Z2H0xTj,IfcDiscreteAccessory,NUT,M12_NUT,z-144,STEEL/SS400,17
2XvOyHraH72QPqDsX3gJQx,IfcDiscreteAccessory,WASHER,M12_WASHER,z-143,STEEL/SS400,17
2Wie$3Ovf7rfuvhvNDCfmO,IfcDiscreteAccessory,NUT,M12_NUT,z-144,STEEL/SS400,17
3j6I66cHn4weur$eZS5_UY,IfcDiscreteAccessory,WASHER,M12_WASHER,z-143,STEEL/SS400,17
3c_2Hgk9r0Iua3UO348BK8,IfcDiscreteAccessory,NUT,M12_NUT,z-144,STEEL/SS400,17
1up_s2_558LQ7Ax4yd_QQq,IfcDiscreteAccessory,WASHER,M12_WASHER,z-143,STEEL/SS400,17
0LGjydFHr04ekZjANaKxpf,IfcDiscreteAccessory,NUT,M12_NUT,z-144,STEEL/SS400,17
3x4b907ZHCbgrCa4LQgf8c,IfcDiscreteAccessory,WASHER,M12_WASHER,z-143,STEEL/SS400,17
1wa9qPLPD5TgcrmqVE7UU4,IfcDiscreteAccessory,NUT,M12_NUT,z-144,STEEL/SS400,17
1VHU8hhO91agCv_Nn9QWnr,IfcDiscreteAccessory,WASHER,M12_WASHER,z-143,STEEL/SS400,17
1C1qNt_bz9bwJve$jTgVfT,IfcDiscreteAccessory,PLATE,PL8x129.9,P-67,STEEL/SS400,17
3MRSxxO1z82uVW8eWKzDB5,IfcDiscreteAccessory,PLATE,PL4.5x52.3,P-63,STEEL/SS400,17
10mD228xDFEhVvWuHCkEPc,IfcDiscreteAccessory,PLATE,PL4.5x52.3,P-63,STEEL/SS400,17
230HXFcdb0WgRjltgXHxjE,IfcDiscreteAccessory,NUT,M12_NUT,z-144,STEEL/SS400,17
0bH58aUaP29PmuwH5xrmFy,IfcDiscreteAccessory,WASHER,M12_WASHER,z-143,STEEL/SS400,17
2xHFC_SrT9sek89pE1GvRw,IfcDiscreteAccessory,NUT,M12_NUT,z-144,STEEL/SS400,17
1hukK4jJ9CFR$5Dp_CZspc,IfcDiscreteAccessory,WASHER,M12_WASHER,z-143,STEEL/SS400,17
1rhfdEsFbDz8ezfG_piD8T,IfcDiscreteAccessory,NUT,M12_NUT,z-144,STEEL/SS400,17
20KP6UFuDBgR2MaP3QCICr,IfcDiscreteAccessory,WASHER,M12_WASHER,z-143,STEEL/SS400,17
1uKu5aOoj2FREOVnK3cNud,IfcDiscreteAccessory,NUT,M12_NUT,z-144,STEEL/SS400,17
0opoaulGPDIBRw6DYrNThl,IfcDiscreteAccessory,WASHER,M12_WASHER,z-143,STEEL/SS400,17
3N8NRWTPf1q8DvRrGpKMdq,IfcDiscreteAccessory,NUT,M12_NUT,z-144,STEEL/SS400,17
2lS9Yod3r4$eL2TTWGm2lu,IfcDiscreteAccessory,WASHER,M12_WASHER,z-143,STEEL/SS400,17
3oLhwZ4yH2KQe09J65zF37,IfcDiscreteAccessory,NUT,M12_NUT,z-144,STEEL/SS400,17
1SR68GXXH6qAJXh7qNYjJf,IfcDiscreteAccessory,WASHER,M12_WASHER,z-143,STEEL/SS400,17
2ht28R_Hv6mANSokcXeMPz,IfcDiscreteAccessory,PLATE,PL8x129.9,P-67,STEEL/SS400,17
0SOVguV$1BlAPXyTZzk8jN,IfcDiscreteAccessory,PLATE,PL4.5x52.3,P-63,STEEL/SS400,17
1AExyElUn758zECUfZMcyO,IfcDiscreteAccessory,PLATE,PL4.5x52.3,P-63,STEEL/SS400,17
0WxVayIvH8rASDyS9B03Nw,IfcDiscreteAccessory,NUT,M12_NUT,z-144,STEEL/SS400,17
1Edahss193EhApjFgJBxFo,IfcDiscreteAccessory,WASHER,M12_WASHER,z-143,STEEL/SS400,17
3RvYDF0YLA6AzHu3fS$_Zm,IfcDiscreteAccessory,NUT,M12_NUT,z-144,STEEL/SS400,17
3W6$u4mfjENf6eiBVk$D2V,IfcDiscreteAccessory,WASHER,M12_WASHER,z-143,STEEL/SS400,17
2QmI3tdurBZAGCcxC88e3I,IfcDiscreteAccessory,NUT,M12_NUT,z-144,STEEL/SS400,17
2usGYcFrLCcfynEF3e1xv1,IfcDiscreteAccessory,WASHER,M12_WASHER,z-143,STEEL/SS400,17
01Nf2jMWH6aPKgI5aQX6SP,IfcDiscreteAccessory,NUT,M12_NUT,z-144,STEEL/SS400,17
1PgEvo3dT5sPgVMB1zlCFw,IfcDiscreteAccessory,WASHER,M12_WASHER,z-143,STEEL/SS400,17
1srcEFDObFAQcF$8WhTD4X,IfcDiscreteAccessory,NUT,M12_NUT,z-144,STEEL/SS400,17
17uFM4DnPAt9FV6s3J4sRf,IfcDiscreteAccessory,WASHER,M12_WASHER,z-143,STEEL/SS400,17
3ikRwoHrvANgHe54JmPuis,IfcDiscreteAccessory,NUT,M12_NUT,z-144,STEEL/SS400,17
31rMOLgr99XxeuJKkHGmze,IfcDiscreteAccessory,WASHER,M12_WASHER,z-143,STEEL/SS400,17
0deuIpvlTCjA8HJBgoI6Yv,IfcDiscreteAccessory,PLATE,PL8x129.9,P-67,STEEL/SS400,17
0WSVgXvHDF0v9KP0eUvqDn,IfcDiscreteAccessory,PLATE,PL4.5x52.3,P-63,STEEL/SS400,17
2IpUMTK4j7Yunc9taqpcEH,IfcDiscreteAccessory,PLATE,PL4.5x52.3,P-63,STEEL/SS400,17
3pGWwr6vD1YAr1P4sSxbAX,IfcDiscreteAccessory,NUT,M12_NUT,z-144,STEEL/SS400,17
306y_K0QzBsOV9aVbM8B6e,IfcDiscreteAccessory,WASHER,M12_WASHER,z-143,STEEL/SS400,17
0J8ybQ$cX2Jhu_EQpbW4lr,IfcDiscreteAccessory,NUT,M12_NUT,z-144,STEEL/SS400,17
0nEeTDruf5bRnYwHm9GOWj,IfcDiscreteAccessory,WASHER,M12_WASHER,z-143,STEEL/SS400,17
17Czg7t6vANQJwISanrQSn,IfcDiscreteAccessory,NUT,M12_NUT,z-144,STEEL/SS400,17
3z22t5oE177RjdmqYnOUXl,IfcDiscreteAccessory,WASHER,M12_WASHER,z-143,STEEL/SS400,17
26lXQ16UT7Ie126IrVoef8,IfcDiscreteAccessory,NUT,M12_NUT,z-144,STEEL/SS400,17
1Eo1qKBinBvPBXKuSQMe0b,IfcDiscreteAccessory,WASHER,M12_WASHER,z-143,STEEL/SS400,17
0X$7uXKgjDOhxN$iM5MaWH,IfcDiscreteAccessory,NUT,M12_NUT,z-144,STEEL/SS400,17
1pbC4R5lH4YQ2VRsZhvTmS,IfcDiscreteAccessory,WASHER,M12_WASHER,z-143,STEEL/SS400,17
0MkzsO7c971hUXWVMQCDt4,IfcDiscreteAccessory,NUT,M12_NUT,z-144,STEEL/SS400,17
37RUUj$j5BCAS8Bknp2EC$,IfcDiscreteAccessory,WASHER,M12_WASHER,z-143,STEEL/SS400,17
3kZ1mn4xH27hddFZFcPX73,IfcDiscreteAccessory,PLATE,PL8x129.9,P-67,STEEL/SS400,17
0I9F9RIMrFF8EXOeaveHAZ,IfcDiscreteAccessory,PLATE,PL4.5x52.3,P-63,STEEL/SS400,17
1RMI4YO4zDneN2S$YQO6jz,IfcDiscreteAccessory,PLATE,PL4.5x52.3,P-63,STEEL/SS400,17
1Ob6WzZhX1ugJ7ZbnNnYNr,IfcDiscreteAccessory,PLATE,PL4.5x52.3,P-63(?),STEEL/SS400,17
2VVXYyyF52PPty3VmwjfO0,IfcDiscreteAccessory,PLATE,PL4.5x52.3,P-63(?),STEEL/SS400,17
11UeQQUwj7MuRlJFqzaBK3,IfcDiscreteAccessory,NUT,M12_NUT,z-144(?),STEEL/SS400,17
3lGcVwS313jBu$P_i4fbbk,IfcDiscreteAccessory,WASHER,M12_WASHER,z-143(?),STEEL/SS400,17
0gIyUxtoL8zgqBwBPdhGXL,IfcDiscreteAccessory,NUT,M12_NUT,z-144(?),STEEL/SS400,17
03XPhBJR986ul68LV1jtyo,IfcDiscreteAccessory,WASHER,M12_WASHER,z-143(?),STEEL/SS400,17
3UqWtYA5b6LflUIOv6G3QF,IfcDiscreteAccessory,NUT,M12_NUT,z-144(?),STEEL/SS400,17
3rDgT2d354AwaPOVWvDYoT,IfcDiscreteAccessory,WASHER,M12_WASHER,z-143(?),STEEL/SS400,17
3xoDECaDfER8BvAlkIfQB5,IfcDiscreteAccessory,NUT,M12_NUT,z-144(?),STEEL/SS400,17
1Dab5_Eu19nwwRPPHrUpfz,IfcDiscreteAccessory,WASHER,M12_WASHER,z-143(?),STEEL/SS400,17
08LgJ1cFT3Qv3lfYTffLqg,IfcDiscreteAccessory,NUT,M12_NUT,z-144(?),STEEL/SS400,17
1OMUuBVrL4tAT3y8skQvIh,IfcDiscreteAccessory,WASHER,M12_WASHER,z-143(?),STEEL/SS400,17
3xQuvKJ2n18vtstkfrDsye,IfcDiscreteAccessory,NUT,M12_NUT,z-144(?),STEEL/SS400,17
2MWCX3sJP86hC5Uo7Wjadl,IfcDiscreteAccessory,WASHER,M12_WASHER,z-143(?),STEEL/SS400,17
3IA00_BF95VRWyjCXFTERW,IfcDiscreteAccessory,PLATE,PL8x129.9,P-66(?),STEEL/SS400,17
3nLQeP4zP5oRgZb2iGwkY_,IfcDiscreteAccessory,PLATE,PL4.5x52.3,P-63(?),STEEL/SS400,17
0qFkW_GLj8KxYpk$F2MvN1,IfcDiscreteAccessory,PLATE,PL4.5x52.3,P-63(?),STEEL/SS400,17
1GvlVyQ3T7Nx$U$kc2e9pn,IfcDiscreteAccessory,NUT,M12_NUT,z-144(?),STEEL/SS400,17
0p5VpyFx5CLuxyob529ktc,IfcDiscreteAccessory,WASHER,M12_WASHER,z-143(?),STEEL/SS400,17
1rmCb9BefA1wBAciYpCNRO,IfcDiscreteAccessory,NUT,M12_NUT,z-144(?),STEEL/SS400,17
0kyjNSUPTD$gIpM$DyTjeq,IfcDiscreteAccessory,WASHER,M12_WASHER,z-143(?),STEEL/SS400,17
1M8ct8zEXCTxaC4EjiJ7W$,IfcDiscreteAccessory,NUT,M12_NUT,z-144(?),STEEL/SS400,17
0_oIq_b9r4WRpU1huNjk5z,IfcDiscreteAccessory,WASHER,M12_WASHER,z-143(?),STEEL/SS400,17
1FaWA2s2XAWudDC2AQThT3,IfcDiscreteAccessory,NUT,M12_NUT,z-144(?),STEEL/SS400,17
2iNYEHSkvDUQDhEqhhylwi,IfcDiscreteAccessory,WASHER,M12_WASHER,z-143(?),STEEL/SS400,17
2xftmzMCjCX8m1KjIkxiuw,IfcDiscreteAccessory,NUT,M12_NUT,z-144(?),STEEL/SS400,17
278Ewntxz4ggbRmeFhoIVR,IfcDiscreteAccessory,WASHER,M12_WASHER,z-143(?),STEEL/SS400,17
0eBDzQqK9AUR_d$5wdp3Ho,IfcDiscreteAccessory,NUT,M12_NUT,z-144(?),STEEL/SS400,17
1ElvqzylvDePKu6K6Eftok,IfcDiscreteAccessory,WASHER,M12_WASHER,z-143(?),STEEL/SS400,17
2jlKTCZ1P9CQ40i5rPIDjr,IfcDiscreteAccessory,PLATE,PL8x129.9,P-66(?),STEEL/SS400,17
1bWQC9Cr9FqgcpFbdgtf8h,IfcDiscreteAccessory,PLATE,PL6x200,z-175,STEEL/SS400,17
0opMDrX6z7gA7Fq8w$4set,IfcDiscreteAccessory,PLATE,PL4.5x52.3,P-63(?),STEEL/SS400,17
3TOd_I_u9Bee4_zn18yWn_,IfcDiscreteAccessory,PLATE,PL4.5x52.3,P-63(?),STEEL/SS400,17
2T2v0C6X95pAihyliAs2A8,IfcDiscreteAccessory,NUT,M12_NUT,z-144(?),STEEL/SS400,17
3ekIGewHnEzunJroBritnE,IfcDiscreteAccessory,WASHER,M12_WASHER,z-143(?),STEEL/SS400,17
1XP6VAuwb7QB6LrK8GDvlE,IfcDiscreteAccessory,NUT,M12_NUT,z-144(?),STEEL/SS400,17
1OkIP$6p1DBOquB6MpcgKY,IfcDiscreteAccessory,WASHER,M12_WASHER,z-143(?),STEEL/SS400,17
3SMiRu_az9eefvHY0i2gBZ,IfcDiscreteAccessory,NUT,M12_NUT,z-144(?),STEEL/SS400,17
3llx$Jp7zFawp1IFlY6eJa,IfcDiscreteAccessory,WASHER,M12_WASHER,z-143(?),STEEL/SS400,17
2ERyYnOv53eu798YgNUlAt,IfcDiscreteAccessory,NUT,M12_NUT,z-144(?),STEEL/SS400,17
0ybS70uAT6t8Zva58TMpeX,IfcDiscreteAccessory,WASHER,M12_WASHER,z-143(?),STEEL/SS400,17
3HfTjfzdPDqxAgoSociCV2,IfcDiscreteAccessory,NUT,M12_NUT,z-144(?),STEEL/SS400,17
0woOPXKPX3zBYOH$lAGxTB,IfcDiscreteAccessory,WASHER,M12_WASHER,z-143(?),STEEL/SS400,17
2zYHZUrNn30wm5ddvm6aIx,IfcDiscreteAccessory,NUT,M12_NUT,z-144(?),STEEL/SS400,17
3HEOv15k99Rx7Vb3aIu0zV,IfcDiscreteAccessory,WASHER,M12_WASHER,z-143(?),STEEL/SS400,17
396WmlSU56FweyY90oKNLK,IfcDiscreteAccessory,PLATE,PL8x129.9,P-66(?),STEEL/SS400,17
20FGopvPbC9voo6kL_uB7T,IfcDiscreteAccessory,PLATE,PL8x129.9,P-66(?),STEEL/SS400,17
1E7KmJKmfEMvTcOJimRL23,IfcDiscreteAccessory,NUT,M12_NUT,z-144,STEEL/SS400,17
2fnb_BqYjFovz9$GRg2pJ0,IfcDiscreteAccessory,WASHER,M12_WASHER,z-143,STEEL/SS400,17
2Q40QfAkjAxxRP4MFRJCbl,IfcDiscreteAccessory,NUT,M12_NUT,z-144,STEEL/SS400,17
3oBjZBuNv0bOLNntyyh9y7,IfcDiscreteAccessory,WASHER,M12_WASHER,z-143,STEEL/SS400,17
1GTECnZbXDsAi4ftcS8X2r,IfcDiscreteAccessory,NUT,M12_NUT,z-144,STEEL/SS400,17
0P4RIHdb50I94vVelZrCgu,IfcDiscreteAccessory,WASHER,M12_WASHER,z-143,STEEL/SS400,17
00h8abRDjEQ8GTLgZApen3,IfcDiscreteAccessory,NUT,M12_NUT,z-144,STEEL/SS400,17
04ynM8wa96MQ7GzGp6y0vT,IfcDiscreteAccessory,WASHER,M12_WASHER,z-143,STEEL/SS400,17
3afRvp6Zf0zh0fba2BJkF2,IfcDiscreteAccessory,NUT,M12_NUT,z-144,STEEL/SS400,17
2fwpvcu69D08lYg7PaIOgI,IfcDiscreteAccessory,WASHER,M12_WASHER,z-143,STEEL/SS400,17
2AtdYyEHL6mB9bo6sSKWe7,IfcDiscreteAccessory,NUT,M12_NUT,z-144,STEEL/SS400,17
3nX1y3Q6H1EOWzz798tOqt,IfcDiscreteAccessory,WASHER,M12_WASHER,z-143,STEEL/SS400,17
3hDWupyp1EnujplQoCjmDX,IfcDiscreteAccessory,PLATE,PL4.5x52.3,P-63(?),STEEL/SS400,17
3ZjUc4mhLFtACCrpSelCKH,IfcDiscreteAccessory,PLATE,PL4.5x52.3,P-63(?),STEEL/SS400,17
1xr9B6fqzFUuaswAQy8g_A,IfcDiscreteAccessory,NUT,M12_NUT,z-144(?),STEEL/SS400,17
1FyIv81kLDWfBhscnbCeqD,IfcDiscreteAccessory,WASHER,M12_WASHER,z-143(?),STEEL/SS400,17
3jIMM7BSL9jvtwVtEKJLNw,IfcDiscreteAccessory,NUT,M12_NUT,z-144(?),STEEL/SS400,17
00nMqIJof9detvFs6faf_o,IfcDiscreteAccessory,WASHER,M12_WASHER,z-143(?),STEEL/SS400,17
1M3Un5axnAfP3xny9CKMZY,IfcDiscreteAccessory,NUT,M12_NUT,z-144(?),STEEL/SS400,17
2N5I6VaNHFMxBuPjlFxtrV,IfcDiscreteAccessory,WASHER,M12_WASHER,z-143(?),STEEL/SS400,17
3q3GGexnL1rxbqpm67eC7w,IfcDiscreteAccessory,NUT,M12_NUT,z-144(?),STEEL/SS400,17
0bC7vZM1T2LPOUpokn1t$O,IfcDiscreteAccessory,WASHER,M12_WASHER,z-143(?),STEEL/SS400,17
0sBhqA6C19lwmQsA4rIN0I,IfcDiscreteAccessory,NUT,M12_NUT,z-144(?),STEEL/SS400,17
25fSLMEkP2jfjGRUIg9Vev,IfcDiscreteAccessory,WASHER,M12_WASHER,z-143(?),STEEL/SS400,17
3Zg4JI2yj1sRkVVDL0nxb_,IfcDiscreteAccessory,NUT,M12_NUT,z-144(?),STEEL/SS400,17
3KmJdth1X2lvoRT1WN9nVc,IfcDiscreteAccessory,WASHER,M12_WASHER,z-143(?),STEEL/SS400,17
3$CEeoxXn04P3mw7xRxuDY,IfcDiscreteAccessory,PLATE,PL4.5x52.3,P-63(?),STEEL/SS400,17
3HldURvs9B2fSUOs6z87Dl,IfcDiscreteAccessory,PLATE,PL4.5x52.3,P-63(?),STEEL/SS400,17
1DhTEzwcjCbvcJ7YRR$k1I,IfcDiscreteAccessory,NUT,M12_NUT,z-144(?),STEEL/SS400,17
1bOvNnqG12DhRxMq_guD8Y,IfcDiscreteAccessory,WASHER,M12_WASHER,z-143(?),STEEL/SS400,17
3rYopzhxb9kfWkOUpx90RC,IfcDiscreteAccessory,NUT,M12_NUT,z-144(?),STEEL/SS400,17
2YvPDpzTD6yRPbuvtS3gSz,IfcDiscreteAccessory,WASHER,M12_WASHER,z-143(?),STEEL/SS400,17
2NGrcXDfD0Qw8UsHY5mmqM,IfcDiscreteAccessory,NUT,M12_NUT,z-144(?),STEEL/SS400,17
1JlMyiuxD5lB8Fl_2Duktu,IfcDiscreteAccessory,WASHER,M12_WASHER,z-143(?),STEEL/SS400,17
3dPHRpatD3Jeblpvls8cs0,IfcDiscreteAccessory,NUT,M12_NUT,z-144(?),STEEL/SS400,17
0S9qqrqRn1PennC3xZ76z$,IfcDiscreteAccessory,WASHER,M12_WASHER,z-143(?),STEEL/SS400,17
0YydzYoQXCd8ZMeFIjkz8D,IfcDiscreteAccessory,PLATE,PL8x129.9,P-66(?),STEEL/SS400,17
12pGqynyv6weo6PcBJMqdJ,IfcDiscreteAccessory,PLATE,PL4.5x52.3,P-63(?),STEEL/SS400,17
36FPSBHBX3293EhF6OeM_R,IfcDiscreteAccessory,PLATE,PL4.5x52.3,P-63(?),STEEL/SS400,17
3hbqfa5Y53n9eXU7oC3J1u,IfcDiscreteAccessory,NUT,M12_NUT,z-144(?),STEEL/SS400,17
2PhkdsiPvAng6oPZE4t9Cf,IfcDiscreteAccessory,WASHER,M12_WASHER,z-143(?),STEEL/SS400,17
1fg$eZm7j6XBNdDQfyMdkI,IfcDiscreteAccessory,NUT,M12_NUT,z-144(?),STEEL/SS400,17
0mUxgDH3T69OCwG$iESDmM,IfcDiscreteAccessory,WASHER,M12_WASHER,z-143(?),STEEL/SS400,17
1WOiork4zCHuOnFDscEdd2,IfcDiscreteAccessory,NUT,M12_NUT,z-144(?),STEEL/SS400,17
26FvZruS5ErBZMLZEajOTm,IfcDiscreteAccessory,WASHER,M12_WASHER,z-143(?),STEEL/SS400,17
3jPLzVd7P42frZr__dzEfU,IfcDiscreteAccessory,NUT,M12_NUT,z-144(?),STEEL/SS400,17
0NTLSlNp94GPbTUDZHKBtc,IfcDiscreteAccessory,WASHER,M12_WASHER,z-143(?),STEEL/SS400,17
2FLslbS3jE89ShEZXQJUv_,IfcDiscreteAccessory,PLATE,PL8x129.9,P-66(?),STEEL/SS400,17
2BC31fRbv9uRbNjLJtq9Ce,IfcDiscreteAccessory,PLATE,PL4.5x52.3,P-63(?),STEEL/SS400,17
2Rhl1jzAH2ahsn7BG_dLv$,IfcDiscreteAccessory,PLATE,PL4.5x52.3,P-63(?),STEEL/SS400,17
2FKUS3im1E3fj$x3RnY8OU,IfcDiscreteAccessory,NUT,M12_NUT,z-144(?),STEEL/SS400,17
0xiDilGbT9MOu4cMyvf1bW,IfcDiscreteAccessory,WASHER,M12_WASHER,z-143(?),STEEL/SS400,17
3muXJAlU1EHADz5Bbh2_jH,IfcDiscreteAccessory,NUT,M12_NUT,z-144(?),STEEL/SS400,17
29dY4HTPT4O8ex5Y4HOeHW,IfcDiscreteAccessory,WASHER,M12_WASHER,z-143(?),STEEL/SS400,17
2nfEXNWRv30eizhN84bAgG,IfcDiscreteAccessory,NUT,M12_NUT,z-144(?),STEEL/SS400,17
0EhBdS9SrAFR2lmtCGcdo_,IfcDiscreteAccessory,WASHER,M12_WASHER,z-143(?),STEEL/SS400,17
3aKzWq7PD2$wrmpt8xXgfz,IfcDiscreteAccessory,NUT,M12_NUT,z-144(?),STEEL/SS400,17
0fLGRvVt9CHv3Jl0i2DPaN,IfcDiscreteAccessory,WASHER,M12_WASHER,z-143(?),STEEL/SS400,17
3wCH$BhMPEhxW0_kRA6uMb,IfcDiscreteAccessory,PLATE,PL8x129.9,P-66(?),STEEL/SS400,17
3DFlSFi_HCDATV_9X2tJZM,IfcDiscreteAccessory,PLATE,PL4.5x52.3,P-63(?),STEEL/SS400,17
1ZAtewGVn2sBqmt0cQ3iVr,IfcDiscreteAccessory,PLATE,PL4.5x52.3,P-63(?),STEEL/SS400,17
04lZ_9JRH0IQUI67HGCw$H,IfcDiscreteAccessory,NUT,M12_NUT,z-144(?),STEEL/SS400,17
1OWqoSRnf4uOhD$W3u9VN$,IfcDiscreteAccessory,WASHER,M12_WASHER,z-143(?),STEEL/SS400,17
0sRhGKo2v9TurbzJZWZfWG,IfcDiscreteAccessory,NUT,M12_NUT,z-144(?),STEEL/SS400,17
01lcEttN5DcQd926YOSeZQ,IfcDiscreteAccessory,WASHER,M12_WASHER,z-143(?),STEEL/SS400,17
0PSfIs_ybF3OIPpcAmS6I1,IfcDiscreteAccessory,NUT,M12_NUT,z-144(?),STEEL/SS400,17
0cvRfrzL13mgfWD87htwDk,IfcDiscreteAccessory,WASHER,M12_WASHER,z-143(?),STEEL/SS400,17
1Ob8pM$RD9_Rf7TlGkNcsu,IfcDiscreteAccessory,NUT,M12_NUT,z-144(?),STEEL/SS400,17
3XpQ0pDYLDzgnDnaT80qxM,IfcDiscreteAccessory,WASHER,M12_WASHER,z-143(?),STEEL/SS400,17
3z7Ja4olX20BlYeo7vQVUg,IfcDiscreteAccessory,PLATE,PL8x129.9,P-66(?),STEEL/SS400,17
0iI5fRoJTBXAb4LLQnIvL6,IfcDiscreteAccessory,PLATE,SHS50*50*2.5,z-172,STEEL/SS400,17
19aeLVPMn4qgoP6KmJ3e27,IfcDiscreteAccessory,PLATE,SHS50*50*2.5,z-172,STEEL/SS400,17
2wCvfphD950fJAX6oRHy2t,IfcDiscreteAccessory,PLATE,SHS50*50*2.5,z-172,STEEL/SS400,17
3QcWBpnH57ufxUQ68V8uuK,IfcDiscreteAccessory,PLATE,SHS50*50*2.5,z-172,STEEL/SS400,17
1iB18NAF9FZg4gsBUSkfJ4,IfcDiscreteAccessory,PLATE,SHS50*50*2.5,z-172,STEEL/SS400,17
0c_0BWca1BaObMxBMiq3Wq,IfcDiscreteAccessory,PLATE,SHS50*50*2.5,z-172,STEEL/SS400,17
2ff353wgv3xRGcrmpbxk88,IfcDiscreteAccessory,PLATE,SHS50*50*2.5,z-172,STEEL/SS400,17
0$9ncy8vH3ygVGWTBfdPxU,IfcDiscreteAccessory,PLATE,SHS50*50*2.5,z-172,STEEL/SS400,17
0QBFU1ysn3BflZu_kZoagI,IfcDiscreteAccessory,PLATE,SHS50*50*2.5,z-171,STEEL/SS400,17
1PUFN4eTTEqv5XsIK9KG4Q,IfcDiscreteAccessory,PLATE,SHS50*50*2.5,z-171,STEEL/SS400,17
1Q6nB6aBzCw8lgCXw84GRJ,IfcDiscreteAccessory,PLATE,SHS50*50*2.5,z-170,STEEL/SS400,17
20dxgibXDE1B5Jnpu34TES,IfcDiscreteAccessory,PLATE,SHS50*50*2.5,z-170,STEEL/SS400,17
39mfuNVO5BuxA60MKQl6kY,IfcDiscreteAccessory,PLATE,PL4.5x68.6,5p75-1(?),STEEL/SS400,17
0aUTRrRdn1gfWxxGyRhMem,IfcDiscreteAccessory,PLATE,PL4.5x68.6,5p75-1(?),STEEL/SS400,17
2MG2s3OQ594u_4aFapAgxL,IfcDiscreteAccessory,PLATE,SHS50*50*2.5,z-171,STEEL/SS400,17
2leYqEAG595wx_YjyEfTWR,IfcDiscreteAccessory,PLATE,SHS50*50*2.5,z-171,STEEL/SS400,17
3uXJUjtvfDvu6AFchFz3Kf,IfcDiscreteAccessory,PLATE,SHS50*50*2.5,z-170,STEEL/SS400,17
34gj8sawbD_w7pzJpe7Iio,IfcDiscreteAccessory,PLATE,PL9x100,z-169,STEEL/SS400,17
2ePuQvl7T8r8hhUoykCp1g,IfcDiscreteAccessory,PLATE,PL9x100,z-166,STEEL/SS400,17
2kA1Nenn53VO3TEVecSSNN,IfcDiscreteAccessory,PLATE,PL9x100,z-166,STEEL/SS400,17
27nHP0Jsn6nfYBt6EViHPb,IfcDiscreteAccessory,PLATE,PL9x100,z-166,STEEL/SS400,17
2YHvbIwsT65uMqvJgDhxNj,IfcDiscreteAccessory,PLATE,PL8x80.1,P-65,STEEL/SS400,17
0RwgQXXGD9XBODTl$czFN3,IfcDiscreteAccessory,PLATE,RHS100*50*3.2,z-164,STEEL/SS400,17
22Ofdf9ArCUfgtSvEXfbv_,IfcDiscreteAccessory,PLATE,RHS100*50*3.2,z-164,STEEL/SS400,17
20Et25lFL5OxzR5SpyHT1g,IfcDiscreteAccessory,NUT,M12_NUT,z-144(?),STEEL/SS400,17
2wEpFGp4b2a8nJXOrEjeC0,IfcDiscreteAccessory,WASHER,M12_WASHER,z-143(?),STEEL/SS400,17
1yuQAii7T5gBQ0VLSmDyr7,IfcDiscreteAccessory,NUT,M12_NUT,z-144(?),STEEL/SS400,17
0SbpHH6rL4E87tgKlXVigS,IfcDiscreteAccessory,WASHER,M12_WASHER,z-143(?),STEEL/SS400,17
0F3aM7RVL06vZKqYf8m6xT,IfcDiscreteAccessory,NUT,M12_NUT,z-144(?),STEEL/SS400,17
1uRjxifijFI9Y1TuGQs4Q8,IfcDiscreteAccessory,WASHER,M12_WASHER,z-143(?),STEEL/SS400,17
2IvpKHnMr6ReMtIsziOsV6,IfcDiscreteAccessory,NUT,M12_NUT,z-144(?),STEEL/SS400,17
3LkQWlFpbBExOGd4SgKHD1,IfcDiscreteAccessory,WASHER,M12_WASHER,z-143(?),STEEL/SS400,17
3R$rKXBoj6exXUcekXOg88,IfcDiscreteAccessory,PLATE,PL4.5x68.6,5p75-1(?),STEEL/SS400,17
1FGvSHA9119BhKe$5bkWmH,IfcDiscreteAccessory,SQUARE TUBES,SHS75*75*3.2,5st-1(?),STEEL/SS400,17
0ye84Hd8bCChdGCetv22li,IfcDiscreteAccessory,SQUARE TUBES,SHS75*75*3.2,5st-7(?),STEEL/SS400,17
1Dl0j2BcL7PAu2KuZBBcYR,IfcDiscreteAccessory,PLATE,PL4.5x150,5p-11(?),STEEL/SS400,17
1t3fW5_A173uHZLxw5jIfe,IfcDiscreteAccessory,PLATE,PL4.5x150,5p-12(?),STEEL/SS400,17
2obyJnYTT3MONey6rxmKXI,IfcDiscreteAccessory,PLATE,PL4.5x150,5p-11(?),STEEL/SS400,17
1sHHvwv3r4Hfy5mDRQ9I0u,IfcDiscreteAccessory,PLATE,PL4.5x150,5p-11(?),STEEL/SS400,17
07e4wmBmXBKRL3gLjymYE0,IfcDiscreteAccessory,PLATE,PL4.5x150,5p-11(?),STEEL/SS400,17
1ZuanYaen0kQLQr3Sxw4bs,IfcDiscreteAccessory,PLATE,PL9x160,5p-9(?),STEEL/SS400,17
0sJQESjnD5COvVFi_EJbWj,IfcDiscreteAccessory,PLATE,PL9x156.4,5p-5(?),STEEL/SS400,17
28knasZ8TE4euPPFvgb6t7,IfcDiscreteAccessory,PLATE,PL9x160,5p-9(?),STEEL/SS400,17
2ybLsAkwzF9AgknMDq$MsB,IfcDiscreteAccessory,PLATE,PL9x156.4,5p-5(?),STEEL/SS400,17
04XIES52b7gOZFRuH7ZU3G,IfcDiscreteAccessory,SQUARE TUBES,SHS50*50*3.2,5st-3(?),STEEL/SS400,17
1p6CtmWUb9wx5i9AfftNiq,IfcDiscreteAccessory,SQUARE TUBES,SHS50*50*3.2,5st-2(?),STEEL/SS400,17
0wg7hUnkL1JPGgF_lUCgBE,IfcDiscreteAccessory,SQUARE TUBES,SHS50*50*3.2,5st-2(?),STEEL/SS400,17
0UKnwv14T47B0vH29VuQT6,IfcDiscreteAccessory,SQUARE TUBES,SHS50*50*3.2,5st-4(?),STEEL/SS400,17
0BZ4SHr9H02gltmck9ooFL,IfcDiscreteAccessory,SQUARE TUBES,SHS50*50*3.2,5st-4(?),STEEL/SS400,17
18fIrcqxP6J8aOTTwZnSqk,IfcDiscreteAccessory,SQUARE TUBES,SHS50*50*3.2,5st-4(?),STEEL/SS400,17
0zzreXq3nAyAldccm3GHYV,IfcDiscreteAccessory,SQUARE TUBES,SHS50*50*3.2,5st-4(?),STEEL/SS400,17
0VBRG2nPv5QwF9JzvPjt1I,IfcDiscreteAccessory,SQUARE TUBES,SHS50*50*3.2,5st-4(?),STEEL/SS400,17
1D5A_RiNj7HuiEWIkEMOLr,IfcDiscreteAccessory,SQUARE TUBES,SHS50*50*3.2,5st-4(?),STEEL/SS400,17
3IAnW8VPz3f8qORBIt3$BY,IfcDiscreteAccessory,SQUARE TUBES,SHS50*50*3.2,5st-4(?),STEEL/SS400,17
0MavzruWnD48VrlEQ3Q36J,IfcDiscreteAccessory,SQUARE TUBES,SHS50*50*3.2,5st-4(?),STEEL/SS400,17
33hr11Bgr2tBYiEvp5v5br,IfcDiscreteAccessory,SQUARE TUBES,SHS50*50*3.2,5st-3(?),STEEL/SS400,17
0O11LE5TTDoAtZkE2XjNsK,IfcDiscreteAccessory,SQUARE TUBES,SHS50*50*3.2,5st-2(?),STEEL/SS400,17
3XCdMCWV124xWVIjzT4k_u,IfcDiscreteAccessory,SQUARE TUBES,SHS50*50*3.2,5st-2(?),STEEL/SS400,17
1X1krYrZTAORwmHM3MQ1e9,IfcDiscreteAccessory,SQUARE TUBES,SHS50*50*3.2,5st-2(?),STEEL/SS400,17
2hfrXc1nT9JAyi_56LqZyv,IfcDiscreteAccessory,SQUARE TUBES,SHS50*50*3.2,5st-2(?),STEEL/SS400,17
3BMrWcIGLD38bK3KzCK8Zh,IfcDiscreteAccessory,SQUARE TUBES,SHS50*50*3.2,5st-2(?),STEEL/SS400,17
0fNHS_8tf2luuXieW1FnAa,IfcDiscreteAccessory,SQUARE TUBES,SHS50*50*3.2,5st-2(?),STEEL/SS400,17
3QbyqIiA55YAr62x0999j2,IfcDiscreteAccessory,SQUARE TUBES,SHS50*50*3.2,5st-2(?),STEEL/SS400,17
2mK078dtb6c94gh4CRLFZF,IfcDiscreteAccessory,SQUARE TUBES,SHS75*75*3.2,5st-1(?),STEEL/SS400,17
2OwmqUWFf0vhk5z6sXOxCX,IfcDiscreteAccessory,NUT,M16_NUT,z-156(?),STEEL/SS400,17
0$XPcUq1fFduNjTLGMEJ3H,IfcDiscreteAccessory,WASHER,PD32x8,z-155(?),STEEL/SS400,17
2aN6G1TzbFIh0pcToIKTSG,IfcDiscreteAccessory,NUT,M16_NUT,z-156(?),STEEL/SS400,17
2_RZkJL75CPg8ijSr8jsWq,IfcDiscreteAccessory,WASHER,PD32x8,z-155(?),STEEL/SS400,17
3yapumUlX2VwPN$F64ImHV,IfcDiscreteAccessory,NUT,M16_NUT,z-156(?),STEEL/SS400,17
0Tf7Dl2BrCIgCx$pRM_bjG,IfcDiscreteAccessory,WASHER,PD32x8,z-155(?),STEEL/SS400,17
0ylD867TDFe8cSrx4_Cl3K,IfcDiscreteAccessory,NUT,M16_NUT,z-156(?),STEEL/SS400,17
1$_6EQ54T898I9L82P3sgX,IfcDiscreteAccessory,WASHER,PD32x8,z-155(?),STEEL/SS400,17
3BkbiwVrLAZf6fm4qRUG$t,IfcDiscreteAccessory,PLATE,PL9x240,5bpl-1(?),STEEL/SS400,17
3MHonUfbH9gA$vFiZRwHXh,IfcDiscreteAccessory,NUT,M16_NUT,z-156(?),STEEL/SS400,17
3yqDZoYYHDDu67djNluTQG,IfcDiscreteAccessory,WASHER,PD32x8,z-155(?),STEEL/SS400,17
2rud_03nLBS8Ye37nyDjIz,IfcDiscreteAccessory,NUT,M16_NUT,z-156(?),STEEL/SS400,17
2Box4wYof87PxRDfrJOlK0,IfcDiscreteAccessory,WASHER,PD32x8,z-155(?),STEEL/SS400,17
2FnfAaoTL9c9EmggeCTKeC,IfcDiscreteAccessory,NUT,M16_NUT,z-156(?),STEEL/SS400,17
3LwwOuT5vEyR49jNbhFEa9,IfcDiscreteAccessory,WASHER,PD32x8,z-155(?),STEEL/SS400,17
3ek3R2O753oRHKfputjIcV,IfcDiscreteAccessory,NUT,M16_NUT,z-156(?),STEEL/SS400,17
3faTD8L8nFYR1YTreKxVGb,IfcDiscreteAccessory,WASHER,PD32x8,z-155(?),STEEL/SS400,17
2sgCBPn_vCbe8Z5tUXA6R3,IfcDiscreteAccessory,PLATE,PL9x240,5bpl-1(?),STEEL/SS400,17
2qu5JiM4zDOhAWL2t4u0_Z,IfcDiscreteAccessory,PLATE,PL9x95,5p-10(?),STEEL/SS400,17
3pjxVVbjT4Reuo2KIbJs1t,IfcDiscreteAccessory,PLATE,PL9x95,5p-10(?),STEEL/SS400,17
2RVUGPZ3TCmPowcMQnUI4g,IfcDiscreteAccessory,SQUARE TUBES,SHS100*100*3.2,5st-6(?),STEEL/SS400,17
1F$nidwev5kehhniv4KGhD,IfcDiscreteAccessory,SQUARE TUBES,SHS100*100*3.2,5st-5(?),STEEL/SS400,17
1YfXRlIZ91QvcVTZ$esc1V,IfcDiscreteAccessory,PIPE,PIPE-48.6X2.3,1pi-14,STEEL/STK400,17
2sklLK_SL5YhyZRhcgI8T4,IfcDiscreteAccessory,PIPE,PIPE-48.6X2.3,1pi-13,STEEL/STK400,17
1OZhTuxFj9jutySL7syO1I,IfcDiscreteAccessory,PIPE,PIPE-48.6X2.3,1pi-14,STEEL/STK400,17
3ERWdCikTE6uVZGYTGrJcc,IfcDiscreteAccessory,PIPE,PIPE-48.6X2.3,1pi-13,STEEL/STK400,17
0ztYmqwczDdfhpbXym7Cg8,IfcDiscreteAccessory,PIPE,PIPE-48.6X2.3,1pi-14,STEEL/STK400,17
0q85chHPD9UgMqISl_buTs,IfcDiscreteAccessory,PIPE,PIPE-48.6X2.3,1pi-13,STEEL/STK400,17
09rZs_s8XDqA62VfnZxi6w,IfcDiscreteAccessory,PLATE,PL6x140,1p-61,STEEL/SS400,17
1EAdDqaHr1tBygk4p02NN4,IfcDiscreteAccessory,ELBOW,ELBOW 48.6,1el-1,STEEL/SS400,17
2ab3nK1iP97hlAKvuhC3D8,IfcDiscreteAccessory,ELBOW,ELBOW 48.6,1el-1,STEEL/SS400,17
3jXBVTQ2L02vJ$Bz73EETL,IfcDiscreteAccessory,PIPE,PIPE-48.6X2.3,1pi-4,STEEL/STK400,17
2ZSD4PvzHD1vsZJKdhQ7Xr,IfcDiscreteAccessory,PIPE,PIPE-48.6X2.3,1pi-3,STEEL/STK400,17
1gTU7qaTvFfeZJgyPWOXWW,IfcDiscreteAccessory,PIPE,PIPE-48.6X2.3,1pi-2,STEEL/STK400,17
0J81tqKc115OzqdpDvcTpv,IfcDiscreteAccessory,PIPE,PIPE-48.6X2.3,1pi-1,STEEL/STK400,17
3bwqC04MHDw8eSlsDtQIW2,IfcDiscreteAccessory,CAP PLATE,PL4.5x95.8,1p-65,STEEL/SS400,17
0qWCuTQIf4WBMxTIwiThM3,IfcDiscreteAccessory,PLATE,PL12x218.1,1p-64,STEEL/SS400,17
3Y02r$dwb3svHyv5G3QPeE,IfcDiscreteAccessory,PLATE,PL12x184.5,1p-63(?),STEEL/SS400,17
1HU4DU9Wb6sQK9xpX06Y2g,IfcDiscreteAccessory,PLATE,PL6x30,1p-25,STEEL/SS400,17
1_zdIz205BogFUIOPoU2pr,IfcDiscreteAccessory,PLATE,PL6x30,1p-25,STEEL/SS400,17
1b0anWV3b1_BTM8dreqOES,IfcDiscreteAccessory,PLATE,PL6x30,1p-25,STEEL/SS400,17
2Bq4GUpsH6_hmlPV9VGMHG,IfcDiscreteAccessory,PLATE,PL6x30,1p-25,STEEL/SS400,17
1TSL60_eDBqxAgoHaoMdrb,IfcDiscreteAccessory,PLATE,PL16x150,1p-24,STEEL/SS400,17
1W6JRtwZT5JQGu4h7fL90o,IfcDiscreteAccessory,PLATE,PL6x140,1p-61,STEEL/SS400,17
2BWdoY5DrDGeZLec1H_2rM,IfcDiscreteAccessory,PLATE,PL6x140,1p-61,STEEL/SS400,17
0g4Wwlzrj2Y9F_0SvOccgK,IfcDiscreteAccessory,PLATE,PL6x140,1p-61,STEEL/SS400,17
3mMZhgbjX2OOL6lgm8kas_,IfcDiscreteAccessory,PLATE,PL6x140,1p-61,STEEL/SS400,17
2d3KuLb7jEzP3WvD1vgqxI,IfcDiscreteAccessory,PIPE,PIPE-48.6X2.3,1pi-4,STEEL/STK400,17
0SmxOF64D4PPpyZ1LXlq6m,IfcDiscreteAccessory,PIPE,PIPE-48.6X2.3,1pi-4,STEEL/STK400,17
2KnVjAYs5FGOSLqhuY8Z70,IfcDiscreteAccessory,PIPE,PIPE-48.6X2.3,1pi-14,STEEL/STK400,17
1OZPELTwTCKvSZzby3mXLT,IfcDiscreteAccessory,PIPE,PIPE-48.6X2.3,1pi-13,STEEL/STK400,17
1D91bWwTTDbPKKF63hM$XU,IfcDiscreteAccessory,ELBOW,ELBOW 48.6,1el-1,STEEL/SS400,17
25kaDXTQf1_h2qwgcmz0uh,IfcDiscreteAccessory,ELBOW,ELBOW 48.6,1el-1,STEEL/SS400,17
052x_Azm92TxbnU$1S_H_1,IfcDiscreteAccessory,PIPE,PIPE-48.6X2.3,1pi-2,STEEL/STK400,17
2zwzRgwxTA3f9ylcnvo75A,IfcDiscreteAccessory,PIPE,PIPE-48.6X2.3,1pi-1,STEEL/STK400,17
0aj2CneDHFKAU6FNPovmAJ,IfcDiscreteAccessory,PIPE,PIPE-48.6X2.3,1pi-4,STEEL/STK400,17
0_W01tspD5EgT$A2KoZhGT,IfcDiscreteAccessory,PIPE,PIPE-48.6X2.3,1pi-4,STEEL/STK400,17
0mNNdmJPT6E8cYNzttNWb5,IfcDiscreteAccessory,PIPE,PIPE-48.6X2.3,1pi-3,STEEL/STK400,17
3ijxMIAJb2fxsA5P3P8f00,IfcDiscreteAccessory,PLATE,PL8x72.5,1p-15,STEEL/SS400,17
0QkXQW7LbEW8JFC_F7SqvT,IfcDiscreteAccessory,ANGLE,L-50X50X4,1a-15,STEEL/SS400,17
2u0msMpKv9Df1BDPSXYTTy,IfcDiscreteAccessory,ANGLE,L-50X50X4,1a-1,STEEL/SS400,17
1ZOPnD1svDAhAztn4VnOkp,IfcDiscreteAccessory,CHANNAL,C-75X40X5X7,1ch-1,STEEL/SS400,17
2_zi$r5iX9YAE8WJ1148MQ,IfcDiscreteAccessory,ANGLE,L-50X50X4,1a-1,STEEL/SS400,17
2o9xry3B91oBrLDpbcujxY,IfcDiscreteAccessory,CHANNAL,C-75X40X5X7,1ch-1,STEEL/SS400,17
1OyJ$NW1z58Qre6n4tEAyu,IfcDiscreteAccessory,ANGLE,L-50X50X4,1a-1,STEEL/SS400,17
1cZsNty8bA0Q3_1zimKp1R,IfcDiscreteAccessory,CHANNAL,C-75X40X5X7,1ch-1,STEEL/SS400,17
2Wl7ExX497TQKF1tmrm8Ed,IfcDiscreteAccessory,ANGLE,L-50X50X4,1a-1,STEEL/SS400,17
1Z_JUxex1E78zgtI5sTWVN,IfcDiscreteAccessory,CHANNAL,C-75X40X5X7,1ch-1,STEEL/SS400,17
2PFJG7CI924ezARK_6eU4f,IfcDiscreteAccessory,ANGLE,L-50X50X4,1a-14,STEEL/SS400,17
0z24YlLkbCpQkuXilAi6nb,IfcDiscreteAccessory,ANGLE,L-50X50X4,1a-1,STEEL/SS400,17
0dIP3_kpLAU8ucUPZ$VuRO,IfcDiscreteAccessory,CHANNAL,C-75X40X5X7,1ch-1,STEEL/SS400,17
1DWBabYHz2ruHTeXM4Bwr4,IfcDiscreteAccessory,ANGLE,L-50X50X4,1a-1,STEEL/SS400,17
1l3eT1z2T6qP1G1_MFUai_,IfcDiscreteAccessory,ANGLE,L-50X50X4,1a-1,STEEL/SS400,17
1kO3IMrJP5c8oZRcMMcNgH,IfcDiscreteAccessory,CHANNAL,C-75X40X5X7,1ch-1,STEEL/SS400,17
2u5uGk3HbBNgAuK54KkUrw,IfcDiscreteAccessory,CHANNAL,C-75X40X5X7,1ch-1,STEEL/SS400,17
26W1512s547vxKgip7pSw6,IfcDiscreteAccessory,ANGLE,L-50X50X4,1a-1,STEEL/SS400,17
2mpUZ8dyLBCOQ82Y_6QBuh,IfcDiscreteAccessory,CHANNAL,C-75X40X5X7,1ch-1,STEEL/SS400,17
3uAXDmvXHCB95NawryZjbE,IfcDiscreteAccessory,CHANNAL,C-75X40X5X7,1ch-1,STEEL/SS400,17
1NaKMqbCPCOw_77Lze7aRf,IfcDiscreteAccessory,ANGLE,L-50X50X4,1a-3,STEEL/SS400,17
11QS6NNrHEGgxWh4Bj$KDw,IfcDiscreteAccessory,ANGLE,L-50X50X4,1a-1,STEEL/SS400,17
2pYhphu9LE0R1nELDjTVXC,IfcDiscreteAccessory,CHANNAL,C-75X40X5X7,1ch-1,STEEL/SS400,17
2atgZmwKf0LxbgdhYUZFqR,IfcDiscreteAccessory,ANGLE,L-50X50X4,1a-1,STEEL/SS400,17
0Q7PAOfnv41x79BOAOK7m_,IfcDiscreteAccessory,ANGLE,L-50X50X4,1a-1,STEEL/SS400,17
2TbCwMi411WfiW_a1SOcFo,IfcDiscreteAccessory,CHANNAL,C-75X40X5X7,1ch-1,STEEL/SS400,17
3y7yq8f5DEwvWjuPoLltKq,IfcDiscreteAccessory,CHANNAL,C-75X40X5X7,1ch-1,STEEL/SS400,17
2iFzNVnXz9K83gr5nsV_IH,IfcDiscreteAccessory,ANGLE,L-50X50X4,1a-9,STEEL/SS400,17
18hP3cOVP1ORh1Pa_Pqext,IfcDiscreteAccessory,ANGLE,L-50X50X4,1a-1,STEEL/SS400,17
3IepyYS6PCOh7Q1xCaDfzQ,IfcDiscreteAccessory,CHANNAL,C-75X40X5X7,1ch-1,STEEL/SS400,17
2FsQOxAsf0mhc0jPHFT1hR,IfcDiscreteAccessory,CHANNAL,C-75X40X5X7,1ch-1,STEEL/SS400,17
3qiyDBNGn8_gK7Ci$5hIze,IfcDiscreteAccessory,BEAM,H-194X150X6X9,1h-3,STEEL/SS400,17
0IP081BMf7jAbKeP70nkHU,IfcDiscreteAccessory,PLATE,PL12x175.1,1p-44,STEEL/SS400,17
2$$8nu3XP5QvxhyFyyLccA,IfcDiscreteAccessory,PLATE,PL12x90,1p-43,STEEL/SS400,17
1kOAlwGCnFa9LwvrqkWfIB,IfcDiscreteAccessory,PLATE,PL12x175.1,1p-44,STEEL/SS400,17
0G0_r$8Nb4NO1Kw5dsO80l,IfcDiscreteAccessory,PLATE,PL12x90,1p-43,STEEL/SS400,17
3_OJNeWkPEDfPT_T8Pn8Zp,IfcDiscreteAccessory,BEAM,H-400X200X8X13,1h-24(?),STEEL/SM520,17
3dgWRFQXb6IumKOw7OBZJp,IfcDiscreteAccessory,PLATE,PL12x84.5,1ps-41(?),STEEL/A572-GR.50,17
2Zn21ZU_P76w8qp2QeidA$,IfcDiscreteAccessory,PLATE,PL12x84.5,1ps-6,STEEL/A572-GR.50,17
1JytNu4$L9oANSJrlSVhri,IfcDiscreteAccessory,PLATE,PL9x230.5,4p-33,STEEL/SS400,17
1CO3YRRBj399EA1APOGIhj,IfcDiscreteAccessory,PLATE,PL9x230.5,4p-32,STEEL/SS400,17
1lj$ojfxT4IP3Ps9UeGvaE,IfcDiscreteAccessory,PLATE,PL9x230.5,4p-32,STEEL/SS400,17
0FTTugnLb019wT$b3vnfU4,IfcDiscreteAccessory,PLATE,PL9x230.5,4p-28,STEEL/SS400,17
0wiuq9tDrEP9_dJ$_8Li12,IfcDiscreteAccessory,PLATE,PL9x230.5,4p-28,STEEL/SS400,17
2Z5qgFpqvEduve2WSh0$yw,IfcDiscreteAccessory,PLATE,PL9x230.5,4p-28,STEEL/SS400,17
1Szz2sR$H6s9Ov_KJAmhA1,IfcDiscreteAccessory,PLATE,PL9x230.5,4p-28,STEEL/SS400,17
2EibQBRlzDcObk9ah$vpnT,IfcDiscreteAccessory,PLATE,PL4.5x93.6,4p-11,STEEL/SS400,17
325UltYS53Su$XULuhSwmV,IfcDiscreteAccessory,PLATE,PL9x120,4p-15,STEEL/SS400,17
3w79uvRdn33wStDcRGSCe3,IfcDiscreteAccessory,PLATE,PL9x174.4,4p-91,STEEL/SS400,17
0Q0pd4_WH8tu5dM6Gwq9rH,IfcDiscreteAccessory,PLATE,PL9x203.1,4p-21,STEEL/SS400,17
2KQqb37tTAgvlDulSBArnB,IfcDiscreteAccessory,PLATE,PL9x202,4p-20,STEEL/SS400,17
2EF6ah6dr3vfiIBCE6ZfuR,IfcDiscreteAccessory,PLATE,PL9x200.9,4p-19,STEEL/SS400,17
3EKXkwh$H2dxtD$loir1NW,IfcDiscreteAccessory,PLATE,PL9x199.6,4p-18,STEEL/SS400,17
2vfU26VSbAYQ4NHApHYWvj,IfcDiscreteAccessory,PLATE,PL9x198.6,4p-17,STEEL/SS400,17
2s9F20Py9CagiC7hffslN5,IfcDiscreteAccessory,PLATE,PL9x197.5,4p-16,STEEL/SS400,17
0iLi4$JZj5vg8u01VYgTQZ,IfcDiscreteAccessory,PLATE,PL4.5x93.6,4p-11,STEEL/SS400,17
14J3h97aP2lxx$V8YTYhMi,IfcDiscreteAccessory,PLATE,PL9x120,4p-15,STEEL/SS400,17
0z4OKOqZrCvuazfheVm9zJ,IfcDiscreteAccessory,PLATE,PL9x175,4p-14,STEEL/SS400,17
2Q0RcgW4TAOeqHbyKRLcBk,IfcDiscreteAccessory,PLATE,PL4.5x93.6,4p-11,STEEL/SS400,17
0zuumcftD8FfNjP5v0aHCR,IfcDiscreteAccessory,PLATE,PL9x120,4p-15,STEEL/SS400,17
32booO1of5pftbOP_eQB5N,IfcDiscreteAccessory,PLATE,PL9x175,4p-14,STEEL/SS400,17
0oCb5uK2HFBu$Qpacjm1rB,IfcDiscreteAccessory,PLATE,PL4.5x93.6,4p-11,STEEL/SS400,17
2Fv2akix5FNeTIGOMofWQm,IfcDiscreteAccessory,PLATE,PL9x120,4p-15,STEEL/SS400,17
2N_75LFCD5vPLwEe8jyxDp,IfcDiscreteAccessory,PLATE,PL9x175,4p-14,STEEL/SS400,17
2MJg7YIwHDIPMf3dMaHlIS,IfcDiscreteAccessory,PLATE,PL4.5x93.6,4p-11,STEEL/SS400,17
2udU3AbS5DROeBhPfvOn69,IfcDiscreteAccessory,PLATE,PL9x120,4p-15,STEEL/SS400,17
2qN8V7Rk54T9Xu3I9AqorX,IfcDiscreteAccessory,PLATE,PL9x175,4p-14,STEEL/SS400,17
078RTEH7bEkhpXCBdGYOnF,IfcDiscreteAccessory,PLATE,PL4.5x93.6,4p-11,STEEL/SS400,17
3JH2LoYEv5rugqO2Fdc6W0,IfcDiscreteAccessory,PLATE,PL9x120,4p-15,STEEL/SS400,17
3UD2OSFhbFtRNHo3YGb5_n,IfcDiscreteAccessory,PLATE,PL9x175,4p-14,STEEL/SS400,17
1W0tyaT_n0LOD7Vyib00Wa,IfcDiscreteAccessory,PLATE,PL4.5x93.6,4p-11,STEEL/SS400,17
3sgG7Wn_z1DgGYiPfjvkLU,IfcDiscreteAccessory,PLATE,PL6x130,4p-10,STEEL/SS400,17
3OMGqSfDfEpOPcon9BUXsn,IfcDiscreteAccessory,PLATE,PL6x150,4p-9,STEEL/SS400,17
1DvX$cUN92jBXBlE1mqvtM,IfcDiscreteAccessory,PLATE,PL4.5x93.6,4p-11,STEEL/SS400,17
2BHNUkT_z1x8TMp7TH7mtp,IfcDiscreteAccessory,PLATE,PL6x130,4p-10,STEEL/SS400,17
1_XbzCxiLBYeoRLWj5XK7s,IfcDiscreteAccessory,PLATE,PL6x150,4p-9,STEEL/SS400,17
22SMds38z0Gfca88EnaARt,IfcDiscreteAccessory,PLATE,PL4.5x93.6,4p-11,STEEL/SS400,17
3IhE$DgMvE1RMgwsmmc31$,IfcDiscreteAccessory,PLATE,PL6x130,4p-10,STEEL/SS400,17
3JQ96dCOPC4vWkufR62LZZ,IfcDiscreteAccessory,PLATE,PL6x150,4p-9,STEEL/SS400,17
3aqdZj87P3SuJa0knV7GcS,IfcDiscreteAccessory,PLATE,PL4.5x93.6,4p-11,STEEL/SS400,17
13SXqmGI91XwaqoSGrMELS,IfcDiscreteAccessory,PLATE,PL6x130,4p-10,STEEL/SS400,17
2h8xQhipPEShC6aMutIqoB,IfcDiscreteAccessory,PLATE,PL6x150,4p-9,STEEL/SS400,17
1FygcQGAH0$9CyJnbCaZWW,IfcDiscreteAccessory,PLATE,PL4.5x93.6,4p-11,STEEL/SS400,17
1JkvmppWjCeeueBirfRqre,IfcDiscreteAccessory,PLATE,PL6x130,4p-10,STEEL/SS400,17
1fIXOfGw98FBzmpzK4IkXy,IfcDiscreteAccessory,PLATE,PL6x150,4p-9,STEEL/SS400,17
3_pRer5Y5E9xEhitrEHrtR,IfcDiscreteAccessory,PLATE,PL4.5x93.6,4p-11,STEEL/SS400,17
3cWtKz2656GAG6D4mGFuLw,IfcDiscreteAccessory,PLATE,PL6x130,4p-10,STEEL/SS400,17
1_LO7cGebArQ_3ldnUzr5N,IfcDiscreteAccessory,PLATE,PL6x150,4p-9,STEEL/SS400,17
0h8pnnwovB9BIW_P8DDZ7C,IfcDiscreteAccessory,PLATE,PL4.5x93.6,4p-11,STEEL/SS400,17
2T1fvfwP91NPbs4pNACfUy,IfcDiscreteAccessory,PLATE,PL6x130,4p-10,STEEL/SS400,17
23x4M6Dnb0QewXFBkbwA6$,IfcDiscreteAccessory,PLATE,PL6x150,4p-9,STEEL/SS400,17
1uzHaAdG91fepQOL3rPy$y,IfcDiscreteAccessory,PLATE,PL4.5x93.6,4p-11,STEEL/SS400,17
23EojfJWT3WRxqDCVkDHxM,IfcDiscreteAccessory,PLATE,PL6x130,4p-10,STEEL/SS400,17
2gZ5FKXNz42B2B1H_ExDXj,IfcDiscreteAccessory,PLATE,PL6x150,4p-9,STEEL/SS400,17
3_PQK9WWv1QAU8O6Fqlt1_,IfcDiscreteAccessory,PLATE,PL4.5x93.6,4p-11,STEEL/SS400,17
06lBIdPvD6I9rabDx4z75D,IfcDiscreteAccessory,PLATE,PL6x130,4p-10,STEEL/SS400,17
0IMCmmEMf0ffUpJzLl726X,IfcDiscreteAccessory,PLATE,PL6x150,4p-9,STEEL/SS400,17
2T3hIjfkP4984xJ42tKmg0,IfcDiscreteAccessory,PLATE,PL4.5x93.6,4p-11,STEEL/SS400,17
0LuSoTdG1CLwjjbxyAmqzw,IfcDiscreteAccessory,PLATE,PL6x130,4p-10,STEEL/SS400,17
2jGnHY0nnEJgasruv7xPzV,IfcDiscreteAccessory,PLATE,PL6x150,4p-9,STEEL/SS400,17
2G9kqb15v5t8gSKZp6QOWY,IfcDiscreteAccessory,PLATE,PL4.5x93.6,4p-11,STEEL/SS400,17
3KnMVVUgL5P90zHvgEoRSJ,IfcDiscreteAccessory,PLATE,PL6x120,4p-13,STEEL/SS400,17
0T8QCcekz9f90Av0sYH0hC,IfcDiscreteAccessory,PLATE,PL6x150,4p-12,STEEL/SS400,17
0F197x77rFCx6a6gMdVyD$,IfcDiscreteAccessory,PLATE,PL4.5x93.6,4p-11,STEEL/SS400,17
1hBfOP51P339UXHPD$Vv6h,IfcDiscreteAccessory,PLATE,PL6x120,4p-13,STEEL/SS400,17
2BBGHbDnH14Pqyj_g7frFv,IfcDiscreteAccessory,PLATE,PL6x150,4p-12,STEEL/SS400,17
10erIgCNP0mgTw3xneNZes,IfcDiscreteAccessory,PLATE,PL4.5x93.6,4p-11,STEEL/SS400,17
2jvQxW0c10BRIVHK_r9Jxv,IfcDiscreteAccessory,PLATE,PL6x130,4p-10,STEEL/SS400,17
1jNQRADUf3mfNk7i06J1ef,IfcDiscreteAccessory,PLATE,PL6x150,4p-9,STEEL/SS400,17
3EYz$5Z$n7mwl2PlqJrVSI,IfcDiscreteAccessory,PLATE,PL4.5x93.6,4p-11,STEEL/SS400,17
1Yd4gQSJb1BuNBIWVEz2J7,IfcDiscreteAccessory,PLATE,PL4.5x93.6,4p-11,STEEL/SS400,17
2O8tiCL6f1hOxPQvvcmCCw,IfcDiscreteAccessory,PLATE,PL4.5x93.6,4p-11,STEEL/SS400,17
1UpeV1nvz8egGLspkxI6Rf,IfcDiscreteAccessory,PLATE,PL4.5x93.6,4p-11,STEEL/SS400,17
1oHsayHSLDGR2WbHk7IojR,IfcDiscreteAccessory,PLATE,PL4.5x93.6,4p-11,STEEL/SS400,17
1Pn7GwNev5reEuYObTLRRW,IfcDiscreteAccessory,PLATE,PL6x130,4p-10,STEEL/SS400,17
0q2DfUCgf4$fi1kvRxtS9Y,IfcDiscreteAccessory,PLATE,PL6x150,4p-9,STEEL/SS400,17
0DqIDBJTjFVhLC4r$W1Wdi,IfcDiscreteAccessory,PLATE,PL4.5x93.6,4p-11,STEEL/SS400,17
3Act3ha$P8HAr78JADJue0,IfcDiscreteAccessory,PLATE,PL6x130,4p-10,STEEL/SS400,17
2gyIjXKIH11xzhPv2IOonu,IfcDiscreteAccessory,PLATE,PL6x150,4p-9,STEEL/SS400,17
18cZTRWFXEfRmffDL6vHzw,IfcDiscreteAccessory,PLATE,PL4.5x93.6,4p-11,STEEL/SS400,17
1s7XJ6QdP9DvTb3ivZAsrf,IfcDiscreteAccessory,PLATE,PL6x130,4p-10,STEEL/SS400,17
2j1RY6Xm9EpReXEwwLPi1V,IfcDiscreteAccessory,PLATE,PL6x150,4p-9,STEEL/SS400,17
0nVL3XHLL3_8sECzZt4JZV,IfcDiscreteAccessory,PLATE,PL4.5x93.6,4p-11,STEEL/SS400,17
0tesijTSr27Q9M$LhehrXJ,IfcDiscreteAccessory,PLATE,PL6x130,4p-10,STEEL/SS400,17
3GI28y$D1DIRlNFB8QZEte,IfcDiscreteAccessory,PLATE,PL6x150,4p-9,STEEL/SS400,17
0bSgv0OOnCcAo95GOWZ$HE,IfcDiscreteAccessory,PLATE,PL4.5x93.6,4p-11,STEEL/SS400,17
2T8dPjzo57HAM$kqrPefiB,IfcDiscreteAccessory,PLATE,PL6x130,4p-10,STEEL/SS400,17
21GrhoIiX9a9jIbp7BETv9,IfcDiscreteAccessory,PLATE,PL6x150,4p-9,STEEL/SS400,17
1jQP8KopfCThEzvsIgFCir,IfcDiscreteAccessory,PLATE,PL4.5x93.6,4p-11,STEEL/SS400,17
24qB$dlXb1reNpkA4Dp07c,IfcDiscreteAccessory,PLATE,PL6x130,4p-10,STEEL/SS400,17
04wVgXgSrCwQItaV9Ee78M,IfcDiscreteAccessory,PLATE,PL6x150,4p-9,STEEL/SS400,17
148StDZi95sARZiiDFWUx3,IfcDiscreteAccessory,PLATE,PL4.5x93.6,4p-11,STEEL/SS400,17
3jd0lvTK96qOrrHdhq4Jm5,IfcDiscreteAccessory,PLATE,PL6x130,4p-10,STEEL/SS400,17
2q_HkyqOL1VR_0yk4eZxHF,IfcDiscreteAccessory,PLATE,PL6x150,4p-9,STEEL/SS400,17
2xdsId3RzECBXAJJLQ_2Ee,IfcDiscreteAccessory,PLATE,PL4.5x93.6,4p-11,STEEL/SS400,17
1c_oAfw918qP$jNiryFjjA,IfcDiscreteAccessory,PLATE,PL6x130,4p-10,STEEL/SS400,17
1DAdGPxJ5DLez0DXSFhgqC,IfcDiscreteAccessory,PLATE,PL6x150,4p-9,STEEL/SS400,17
2lPR4lveL24RygAI3m4jRw,IfcDiscreteAccessory,PLATE,PL4.5x93.6,4p-11,STEEL/SS400,17
3ojxzaI694$A$aeXxTYz_n,IfcDiscreteAccessory,PLATE,PL4.5x93.6,4p-11,STEEL/SS400,17
0bJMVHPp52hvCgDp8m04ru,IfcDiscreteAccessory,PLATE,PL6x130,4p-10,STEEL/SS400,17
3akfpcbN5FFP9Ty$r75Ert,IfcDiscreteAccessory,PLATE,PL6x150,4p-9,STEEL/SS400,17
3iXb645fv9bAJZlEXZ8qWZ,IfcDiscreteAccessory,BEAM,SHS100*100*3.2,4sq-2,STEEL/SS400,17
0EViDO2pjFiRG23Q1kmPhY,IfcDiscreteAccessory,BEAM,SHS100*100*3.2,4sq-1,STEEL/SS400,17
2Bh1Q0paDD7O79hbUJjEk0,IfcDiscreteAccessory,PLATE,PL12x62,1p-17,STEEL/SS400,17
0Z2KU2d5TFughcSIxJPGGU,IfcDiscreteAccessory,PLATE,PL12x162,1p-1,STEEL/SS400,17
3M0g$9Gnj7qfXle2a5NuBy,IfcDiscreteAccessory,PLATE,PL12x162,1p-1,STEEL/SS400,17
0792Tg40DElhvmEpMwThDv,IfcDiscreteAccessory,PLATE,PL12x62,1p-17,STEEL/SS400,17
1Rb1IzjhzF7BlxWKB3ZcKf,IfcDiscreteAccessory,PLATE,PL12x62,1p-17,STEEL/SS400,17
2NrgqNKvPA7RTu4G7aqM$5,IfcDiscreteAccessory,PLATE,PL8x74.9,1p-46,STEEL/SS400,17
109eXG18f3OgBRq0Pbk4XR,IfcDiscreteAccessory,PLATE,PL8x74.9,1p-46,STEEL/SS400,17
24oK$1bVPFGPdy8B7iOKKj,IfcDiscreteAccessory,PLATE,PL8x74.9,1p-46,STEEL/SS400,17
2CdOG_vlnFYhUPLlJc9ZRf,IfcDiscreteAccessory,PLATE,PL8x74.9,1p-46,STEEL/SS400,17
3xCumWcz1FpO2de1hXkbfD,IfcDiscreteAccessory,PLATE,PL8x74.9,1p-46,STEEL/SS400,17
1WsNSlo9DCHORJ2TCfGbDY,IfcDiscreteAccessory,PLATE,PL8x74.9,1p-46,STEEL/SS400,17
129ZQm5cbECuQyZHKJd6Mc,IfcDiscreteAccessory,PLATE,PL8x74.9,1p-46,STEEL/SS400,17
029L6ykAPFwRCw0v1kAXIA,IfcDiscreteAccessory,PLATE,PL8x74.9,1p-46,STEEL/SS400,17
1gOzY2uEX74e$qCB3mqyBz,IfcDiscreteAccessory,PLATE,PL8x74.9,1p-46,STEEL/SS400,17
0VG54m3on8vh8yHrWtLKFo,IfcDiscreteAccessory,PLATE,PL8x74.9,1p-46,STEEL/SS400,17
3oofE7PHP7Ywvk7MlGRhtm,IfcDiscreteAccessory,PLATE,PL8x74.9,1p-47,STEEL/SS400,17
0SUvFdbMvBSgwVbYuc9U3m,IfcDiscreteAccessory,PLATE,PL8x74.9,1p-46,STEEL/SS400,17
0B3MhHtQX7Vf2sWj68pVWa,IfcDiscreteAccessory,PLATE,PL8x74.9,1p-46,STEEL/SS400,17
2mD0UFLf14dxUretj7Ehx8,IfcDiscreteAccessory,PLATE,PL12x162,1p-1,STEEL/SS400,17
0$3j83ANn5nhlzsHci1085,IfcDiscreteAccessory,LIP PLATE,PL16x90,1ps-36(?),STEEL/A572-GR.50,17
1XFPUo5R51GwAbSvz29Gxs,IfcDiscreteAccessory,LIP PLATE,PL16x90,1ps-36(?),STEEL/A572-GR.50,17
0YN_$bYpnCouzfffSgJlFf,IfcDiscreteAccessory,LIP PLATE,PL16x104.5,1ps-35(?),STEEL/A572-GR.50,17
3WZufRNnv7X9aRdn7wQCqu,IfcDiscreteAccessory,LIP PLATE,PL16x104.5,1ps-35(?),STEEL/A572-GR.50,17
0QnsuKf65FnQDHVlN1Ks9W,IfcDiscreteAccessory,LIP PLATE,PL16x104.5,1ps-35(?),STEEL/A572-GR.50,17
3XFLrXihj0HQOGAi4NdiIn,IfcDiscreteAccessory,LIP PLATE,PL16x104.5,1ps-35(?),STEEL/A572-GR.50,17
1d1SGu1KnA6hUXtjw1k37s,IfcDiscreteAccessory,LIP PLATE,PL16x104.5,1ps-35(?),STEEL/A572-GR.50,17
36ljXAvOj59Q3fT3X1hxN0,IfcDiscreteAccessory,LIP PLATE,PL16x104.5,1ps-35(?),STEEL/A572-GR.50,17
3zrYn8Jgr2APT6PeumwPLi,IfcDiscreteAccessory,PLATE,PL25x270,1ps-34(?),STEEL/A572-GR.50,17
1ZW6klUhvBYRxhFCpwiEkF,IfcDiscreteAccessory,NUT,M24_NUT,z-104(?),STEEL/SS400,17
1O4lWTFnr7A97hy1pL9s8d,IfcDiscreteAccessory,WASHER,M24_WASHER,z-103(?),STEEL/SS400,17
09DWvqlsHCOeRSWcEJRP2a,IfcDiscreteAccessory,NUT,M24_NUT,z-104(?),STEEL/SS400,17
1D_gsh4bHDnObjteXKm7Je,IfcDiscreteAccessory,WASHER,M24_WASHER,z-103(?),STEEL/SS400,17
1Pm7dPDkv6khYEIofjtKVo,IfcDiscreteAccessory,NUT,M24_NUT,z-104(?),STEEL/SS400,17
2GokvRs0zEm9pXieWmpbxZ,IfcDiscreteAccessory,WASHER,M24_WASHER,z-103(?),STEEL/SS400,17
3wsr29MfP6wuXMlK0l_gpm,IfcDiscreteAccessory,NUT,M24_NUT,z-104(?),STEEL/SS400,17
2EWpybN$r51BAhqFkx9v9g,IfcDiscreteAccessory,WASHER,M24_WASHER,z-103(?),STEEL/SS400,17
26c6cV0Pn2Fx5I0Y$4XvtA,IfcDiscreteAccessory,NUT,M24_NUT,z-104(?),STEEL/SS400,17
1x00A5e1r1eO3a3nMQZUVq,IfcDiscreteAccessory,WASHER,M24_WASHER,z-103(?),STEEL/SS400,17
1CTHhiJPTAAuLOBmCChP3W,IfcDiscreteAccessory,NUT,M24_NUT,z-104(?),STEEL/SS400,17
29BMrIcsf4F80SpgObFCd9,IfcDiscreteAccessory,WASHER,M24_WASHER,z-103(?),STEEL/SS400,17
1apH2Rk1X5JAACCAJsQquI,IfcDiscreteAccessory,BASE PLATE No5,PL20x360,4bpl-3,STEEL/A572-GR.50,17
0nsQWDb259cR1l6t9ZxCn1,IfcDiscreteAccessory,BASE PLATE No5,PL20x360,4bpl-2,STEEL/A572-GR.50,17
2ocGVoEJDBi8fqVEKEM53J,IfcDiscreteAccessory,PLATE,PL12x215,1p-40,STEEL/SS400,17
3mTY5NRM99yRH5SeF6cc1N,IfcDiscreteAccessory,PLATE,PL12x215,1p-40,STEEL/SS400,17
1iVvwjquv67esxS$LjXlWj,IfcDiscreteAccessory,BEAM,H-400X200X8X13,1h-24(?),STEEL/SM520,17
1dPe6zgjfDuwr3Sd$fzrXB,IfcDiscreteAccessory,PLATE,PL12x162,1p-1,STEEL/SS400,17
0gI7DZE614PxrX6yI0qM7g,IfcDiscreteAccessory,BEAM,H-194X150X6X9,1h-19,STEEL/SS400,17
23CtiRn993ABqQFuf2WWMs,IfcDiscreteAccessory,CORBEL,PL10x75,1p-14,STEEL/SS400,17
2SFXkW7MrClhnRAoUDvYAZ,IfcDiscreteAccessory,NUT,M20_NUT,z-113,STEEL/SS400,17
2gSWMeqE18_8rcwXY73A2F,IfcDiscreteAccessory,WASHER,M20_WASHER,z-112,STEEL/SS400,17
10A3PBqmT16OTeMKuoIw3c,IfcDiscreteAccessory,NUT,M20_NUT,z-113,STEEL/SS400,17
2zeJaxqSH3QPfihvDNvRPP,IfcDiscreteAccessory,WASHER,M20_WASHER,z-112,STEEL/SS400,17
0XqZCX7Aj2RR55RiBNwY4i,IfcDiscreteAccessory,NUT,M20_NUT,z-113,STEEL/SS400,17
1hlgGCFPzDjgW1Av7gVEyy,IfcDiscreteAccessory,WASHER,M20_WASHER,z-112,STEEL/SS400,17
3zC2$mLab9XuN9b87SwaT$,IfcDiscreteAccessory,NUT,M20_NUT,z-113,STEEL/SS400,17
10xFHdUPz06QzSqxJGe$23,IfcDiscreteAccessory,WASHER,M20_WASHER,z-112,STEEL/SS400,17
2QNmdPrG51LP59uuu9xd88,IfcDiscreteAccessory,CORBEL,PL12x250,1bpl-3,STEEL/SS400,17
0Meq6WbCn5YxfZIHgbpp24,IfcDiscreteAccessory,PLATE,PL12x180,1p-9,STEEL/SS400,17
3_v0DFdn13AAkhRGXTW10L,IfcDiscreteAccessory,PLATE,PL12x180,1p-9,STEEL/SS400,17
0oGz7QlS93ExzNyy0vtPvk,IfcDiscreteAccessory,PLATE,PL12x180,1p-9,STEEL/SS400,17
1NXvOaUkT2Hf$ffAzgS$hR,IfcDiscreteAccessory,NUT,M24_NUT,z-104,STEEL/SS400,17
3KEW3IW$fFvRShQUycCZt8,IfcDiscreteAccessory,NUT,M24_NUT,z-104,STEEL/SS400,17
2J0g17o$PApwCyG3deSjLB,IfcDiscreteAccessory,NUT,M24_NUT,z-104,STEEL/SS400,17
0$drnFYUb9DQrI6YsyMpBC,IfcDiscreteAccessory,NUT,M24_NUT,z-104,STEEL/SS400,17
13WyRZzeP88RdluMP18e0N,IfcDiscreteAccessory,NUT,M24_NUT,z-104,STEEL/SS400,17
1cwOAO$y9C3xPU6$CqNyjt,IfcDiscreteAccessory,NUT,M24_NUT,z-104,STEEL/SS400,17
3vE446HLL2F9HQSssX8aON,IfcDiscreteAccessory,NUT,M24_NUT,z-104,STEEL/SS400,17
3wxglZFgP0h9VU7mgF0mAA,IfcDiscreteAccessory,NUT,M24_NUT,z-104,STEEL/SS400,17
2j272Agi51$PfXo31Ztvbr,IfcDiscreteAccessory,NUT,M24_NUT,z-104,STEEL/SS400,17
3C_x_3uzr6d99sziWfEgg6,IfcDiscreteAccessory,NUT,M24_NUT,z-104,STEEL/SS400,17
0kBmZiEYnCqBdvfLNEYjwx,IfcDiscreteAccessory,NUT,M24_NUT,z-104,STEEL/SS400,17
0R0jyyxq1D6wYeHaOdvR05,IfcDiscreteAccessory,WASHER,M24_WASHER,z-103,STEEL/SS400,17
06xeStimz52uc4V1wpH04W,IfcDiscreteAccessory,NUT,M24_NUT,z-104,STEEL/SS400,17
1wvVPVkAT0iv2KO5MynCIJ,IfcDiscreteAccessory,WASHER,M24_WASHER,z-103,STEEL/SS400,17
2pttp6HAz9Tg3T3DnvH$Sf,IfcDiscreteAccessory,NUT,M24_NUT,z-104,STEEL/SS400,17
1oEzU92ID37RVBiy3eNPcc,IfcDiscreteAccessory,WASHER,M24_WASHER,z-103,STEEL/SS400,17
22Fz4BfZb7GRNtdJU8QRNG,IfcDiscreteAccessory,NUT,M24_NUT,z-104,STEEL/SS400,17
0CkzmxVCH9X9azh3xkfSAv,IfcDiscreteAccessory,WASHER,M24_WASHER,z-103,STEEL/SS400,17
31sEWDFrD4sxhTMeJDm3FQ,IfcDiscreteAccessory,NUT,M24_NUT,z-104,STEEL/SS400,17
0z$7QIxOj8VAj8ZuwGgIho,IfcDiscreteAccessory,WASHER,M24_WASHER,z-103,STEEL/SS400,17
2XLR9IBwL4M8SsNaYrdEGm,IfcDiscreteAccessory,NUT,M24_NUT,z-104,STEEL/SS400,17
3_dMZg1lbETPPloy1I5jKI,IfcDiscreteAccessory,WASHER,M24_WASHER,z-103,STEEL/SS400,17
2T6Bnt2BH6WefDRbjVhEZw,IfcDiscreteAccessory,NUT,M24_NUT,z-104,STEEL/SS400,17
0DzvpCHWH848rtsIz6izqJ,IfcDiscreteAccessory,WASHER,M24_WASHER,z-103,STEEL/SS400,17
0Hkw0$9A1Fh8zd$mRbmD$t,IfcDiscreteAccessory,NUT,M24_NUT,z-104,STEEL/SS400,17
3HFifhv0f7oA4uwd7QPJIl,IfcDiscreteAccessory,WASHER,M24_WASHER,z-103,STEEL/SS400,17
32cp7h3418A8vKn0VByUA0,IfcDiscreteAccessory,NUT,M24_NUT,z-104,STEEL/SS400,17
0cb2AXENDFtPGJQB9RKudD,IfcDiscreteAccessory,WASHER,M24_WASHER,z-103,STEEL/SS400,17
3m4OcsYQXDqR$8LS4Qn_1V,IfcDiscreteAccessory,NUT,M24_NUT,z-104,STEEL/SS400,17
1fupcruILAAALyowoPNG4h,IfcDiscreteAccessory,WASHER,M24_WASHER,z-103,STEEL/SS400,17
0$zXmYAVzEswzTByh_5hs5,IfcDiscreteAccessory,CORBEL,PL15x300,1ps-13,STEEL/A572-GR.50,17
2oFBjGlSr6wuJY9Ob2RT47,IfcDiscreteAccessory,CORBEL,PL20x200,1ps-14,STEEL/A572-GR.50,17
1mW3QYQPX5Jedp4_4J9mag,IfcDiscreteAccessory,CORBEL,H-488X300X11X18,1h-17,STEEL/SM520,17
3LbFPDuGPDuBZF1pjoPd5_,IfcDiscreteAccessory,BEAM,H-400X200X8X13,1h-14(?),STEEL/SM520,17
0Up$pgJtr2zvtpjjzDQrH4,IfcDiscreteAccessory,BEAM,H-400X200X8X13,1h-14(?),STEEL/SM520,17
1rCQ6SRK5C8uOrV3D0DZBc,IfcDiscreteAccessory,PLATE,PL20x300,1ps-1(?),STEEL/A572-GR.50,17
393CzNiV52Rwlc3MAFgTrE,IfcDiscreteAccessory,BASE PLATE No1,PL20x360,1bpl-2,STEEL/A572-GR.50,17
0gvxSiUqPAMxbamCIsRCno,IfcDiscreteAccessory,STEEL COLUMN,H-440X300X11X18,1h-1,STEEL/SM520,17
2rNj_OzQr2GBn5NOnGRUQ0,IfcMechanicalFastener,Bolt assembly,UNSPECIFIED,IDb55edf98-f5ad-4240-bc45-5d8c506de680,8.8XOX,16
0jn6qePYLBrvCrLVW6leRU,IfcMechanicalFastener,Bolt assembly,UNSPECIFIED,ID2dc46d28-6625-4bd7-9335-55f806be86de,8.8XOX,16
0wJ_69rWP47w1vOdVgD1gq,IfcMechanicalFastener,Bolt assembly,UNSPECIFIED,ID3a4fe189-d606-441f-a079-6277ea341ab4,8.8XOX,16
09BPNZyY1DI8IYi4UWED8C,IfcMechanicalFastener,Bolt assembly,UNSPECIFIED,ID092d95e3-f220-4d48-84a2-b047a038d20c,8.8XOX,16
1DTPf25PTFCOmRXsEg_d$y,IfcMechanicalFastener,Bolt assembly,UNSPECIFIED,ID4d759a42-1597-4f31-8c1b-8763aafa7ffc,8.8XOX,16
2Og7HQuOz6kQEXc5TlDFE6,IfcMechanicalFastener,Bolt assembly,UNSPECIFIED,ID98a8745a-e18f-46b9-a3a1-98576f34f386,8.8XOX,16
35_GpwrdfDg9EGT$QPSXr9,IfcMechanicalFastener,Bolt assembly,UNSPECIFIED,IDc5f90cfa-d67a-4da8-9390-77f699721d49,8.8XOX,16
16iP4Xzlj2pQhQgutZC7OY,IfcMechanicalFastener,Bolt assembly,UNSPECIFIED,ID46b19121-f6fb-42cd-aada-ab8de3307622,8.8XOX,16
3Mt8m8UuX2SOPo15KWS7pc,IfcMechanicalFastener,Bolt assembly,UNSPECIFIED,IDd6dc8c08-7b88-4271-8672-045520707ce6,8.8XOX,16
2a42GS8fL0ow1J7KrUs5QV,IfcMechanicalFastener,Bolt assembly,UNSPECIFIED,IDa410241c-2295-40cb-a053-1d4d5ed8569f,8.8XOX,16
0Bl5ETUavCS8WuWlxXn_6P,IfcMechanicalFastener,Bolt assembly,UNSPECIFIED,ID0bbc539d-7a4e-4c70-8838-82fee1c7e199,HOLE,16
38OOMk5YX47QnyzuWRq13U,IfcMechanicalFastener,Bolt assembly,UNSPECIFIED,IDc86185ae-1628-441d-ac7c-f7881bd010de,HOLE,16
02ZORHIIH3fP2QknkNk9id,IfcMechanicalFastener,Bolt assembly,UNSPECIFIED,ID028d86d1-4924-43a5-909a-bb1b97b89b27,HOLE,16
1hGPhwD05A7B6lrfefZ5z2,IfcMechanicalFastener,Bolt assembly,UNSPECIFIED,ID6b419afa-3401-4a1c-b1af-d69a298c5f42,HOLE,16
1st54rSCn54fstIIUie4dd,IfcMechanicalFastener,Bolt assembly,UNSPECIFIED,ID76dc5135-70cc-4512-9db7-4927aca049e7,HOLE,16
3gCma1HrDF5Q5k3ucRFssK,IfcMechanicalFastener,Bolt assembly,UNSPECIFIED,IDea330901-4753-4f15-a16e-0f899b3f6d94,HOLE,16
01NX7Ovc93$esqZmWe0Qbw,IfcMechanicalFastener,Bolt assembly,UNSPECIFIED,ID015e11d8-e662-43fe-8db4-8f082801a97a,HOLE,16
1zI$loUd9B4BHR7GVOiNog,IfcMechanicalFastener,Bolt assembly,UNSPECIFIED,ID7d4bfbf2-7a72-4b10-b45b-1d07d8b17caa,HOLE,16
2OuIe7wAHANwBB74ZeNK2e,IfcMechanicalFastener,Bolt assembly,UNSPECIFIED,ID98e12a07-e8a4-4a5f-a2cb-1c48e85d40a8,HOLE,16
2A7JqeVRbF0hfTEcB8rrP6,IfcMechanicalFastener,Bolt assembly,UNSPECIFIED,ID8a1d3d28-7db9-4f02-ba5d-3a62c8d75646,HOLE,16
1tPrrpGxD8ZfBlZgSABzdW,IfcMechanicalFastener,Bolt assembly,UNSPECIFIED,ID77675d73-43b3-488e-92ef-8ea70a2fd9e0,HOLE,16
0n$YfpiPX8QhOCquFCB7VM,IfcMechanicalFastener,Bolt assembly,UNSPECIFIED,ID31fe2a73-b198-486a-b60c-d383cc2c77d6,HOLE,16
1rkUpljwnAMvDwnz3W6L$N,IfcMechanicalFastener,Bolt assembly,UNSPECIFIED,ID75b9ecef-b7ac-4a5b-937a-c7d0e0195fd7,HOLE,16
1vsh5cqpXA$wMc2SA8WMrU,IfcMechanicalFastener,Bolt assembly,UNSPECIFIED,ID79dab166-d338-4aff-a5a6-09c288816d5e,HOLE,16
3p7bVlybDCAutg50AaPEsK,IfcMechanicalFastener,Bolt assembly,UNSPECIFIED,IDf31e57ef-f253-4c2b-8dea-1402a464ed94,HOLE,16
1RPu9cBnX2G9y4vzkl99IA,IfcMechanicalFastener,Bolt assembly,UNSPECIFIED,ID5b678266-2f18-4240-9f04-e7dbaf24948a,HOLE,16
17ddQJEBz7rQ9Z0j4t6TAl,IfcMechanicalFastener,Bolt assembly,UNSPECIFIED,ID479e7693-38bf-47d5-a263-02d13719d2af,HOLE,16
0KFYte2w11cvwa$b3LZLPi,IfcMechanicalFastener,Bolt assembly,UNSPECIFIED,ID143e2de8-0ba0-419b-9ea4-fe50d58d566c,HOLE,16
1NKTg48bb5dfa8lS0g8$WF,IfcMechanicalFastener,Bolt assembly,UNSPECIFIED,ID5751da84-2259-459e-9908-bdc02a23f80f,HOLE,16
1KVILyCHDFfgBYMrEMh3it,IfcMechanicalFastener,Bolt assembly,UNSPECIFIED,ID547d257c-3113-4fa6-a2e2-5b5396ac3b37,HOLE,16
2L7k3qrprDFgBg6AsOOBGK,IfcMechanicalFastener,Bolt assembly,UNSPECIFIED,ID951ee0f4-d73d-4d3e-a2ea-18ad9860b414,HOLE,16
3bbnLJCzD2NP8swhC9Tvc1,IfcMechanicalFastener,Bolt assembly,UNSPECIFIED,IDe5971553-33d3-425d-9236-eab309779981,8.8XOX,16
1XEuH56bP1Dh5uK2HWmGUx,IfcMechanicalFastener,Bolt assembly,UNSPECIFIED,ID613b8445-1a56-4136-b178-502460c107bb,8.8XOX,16
1pjMxDTdH5pBgUiLNaHr34,IfcMechanicalFastener,Bolt assembly,UNSPECIFIED,ID73b56ecd-7674-45cc-ba9e-b155e44750c4,8.8XOX,16
1ay5nBnlj82w1FGmE3ip2M,IfcMechanicalFastener,Bolt assembly,UNSPECIFIED,ID64f05c4b-c6fb-480b-a04f-430383b33096,8.8XOX,16
2zi9027N12vAe7GpH1hCTL,IfcMechanicalFastener,Bolt assembly,UNSPECIFIED,IDbdb09002-1d70-42e4-aa07-433441acc755,8.8XOX,16
2CjY2s5vr4cuRefmm_PQnw,IfcMechanicalFastener,Bolt assembly,UNSPECIFIED,ID8cb620b6-179d-449b-86e8-a70c3e65ac7a,8.8XOX,16
1hFtuoLeTEvQZq16NiezLh,IfcMechanicalFastener,Bolt assembly,UNSPECIFIED,ID6b3f7e32-5687-4ee5-a8f4-0465eca3d56b,8.8XOX,16
3ikzpPRqL2aACCdpiHBBsx,IfcMechanicalFastener,Bolt assembly,UNSPECIFIED,IDecbbdcd9-6f45-4290-a30c-9f3b112cbdbb,8.8XOX,16
0w1D3SyCT3TO8X6aDll1hy,IfcMechanicalFastener,Bolt assembly,UNSPECIFIED,ID3a04d0dc-f0c7-4375-8221-1a436fbc1afc,8.8XOX,16
3Vr3DMkFr7zPH2wXzPxEiB,IfcMechanicalFastener,Bolt assembly,UNSPECIFIED,IDdfd43356-b8fd-47f5-9442-ea1f59eceb0b,8.8XOX,16
1aey6Vh3b9shPLQuZl2W7O,IfcMechanicalFastener,Bolt assembly,UNSPECIFIED,ID64a3c19f-ac39-49da-b655-6b88ef0a01d8,8.8XOX,16
1IVPXXu_H0muQr7R4riF5x,IfcMechanicalFastener,Bolt assembly,UNSPECIFIED,ID527d9861-e3e4-40c3-86b5-1db135b0f17b,8.8XOX,16
0WiC71cNbDUxbx_jvNq8GZ,IfcMechanicalFastener,Bolt assembly,UNSPECIFIED,ID20b0c1c1-9979-4d7b-b97b-fade57d08423,8.8XOX,16
0bMKwlyyT9DPFMP1GYXUDy,IfcMechanicalFastener,Bolt assembly,UNSPECIFIED,ID25594eaf-f3c7-4935-93d6-64142285e37c,8.8XOX,16
1j_QVEca5DKgPHAlEZGFvo,IfcMechanicalFastener,Bolt assembly,UNSPECIFIED,ID6df9a7ce-9a41-4d52-a651-2af3a340fe72,8.8XOX,16
2DRJxAk6TBuOuSs2cPVT3w,IfcMechanicalFastener,Bolt assembly,UNSPECIFIED,ID8d6d3eca-b867-4be1-8e1c-d829997dd0fa,8.8XOX,16
1ocQtRD7z5YfRcpZ9fte5W,IfcMechanicalFastener,Bolt assembly,UNSPECIFIED,ID7299addb-347f-458a-96e6-ce3269de8160,8.8XOX,16
2TQamdnJTEnQbpXrjdF0sK,IfcMechanicalFastener,Bolt assembly,UNSPECIFIED,ID9d6a4c27-c537-4ec5-a973-875b673c0d94,8.8XOX,16
1JzdCZqqPEOvHw_JJYi6Td,IfcMechanicalFastener,Bolt assembly,UNSPECIFIED,ID53f67323-d346-4e63-947a-f934e2b06767,8.8XOX,16
3icodeA4j3DRhLTm_iuaDz,IfcMechanicalFastener,Bolt assembly,UNSPECIFIED,IDec9b29e8-284b-4335-bad5-770face2437d,8.8XOX,16
29Vob3T4130RJfpUGvO7Tr,IfcMechanicalFastener,Bolt assembly,UNSPECIFIED,ID897f2943-7440-4301-b4e9-cde439607775,8.8XOX,16
3XTyLMq8X1aB7RJoK7UkU6,IfcMechanicalFastener,Bolt assembly,UNSPECIFIED,IDe177c556-d088-4190-b1db-4f25077ae786,8.8XOX,16
33ad8meGvDeg7fFaR4iEAl,IfcMechanicalFastener,Bolt assembly,UNSPECIFIED,IDc3927230-a10e-4da2-a1e9-3e46c4b0e2af,8.8XOX,16
1hGirhxAPDrvKHwKCzf_m$,IfcMechanicalFastener,Bolt assembly,UNSPECIFIED,ID6b42cd6b-eca6-4dd7-9511-e9433da7ec3f,8.8XOX,16
0ngH7WIiX3guhe_S_eeNF_,IfcMechanicalFastener,Bolt assembly,UNSPECIFIED,ID31a911e0-4ac8-43ab-8ae8-f9cfa8a173fe,8.8XOX,16
1_5BKd1JPAYORztK0HXU$f,IfcMechanicalFastener,Bolt assembly,UNSPECIFIED,ID7e14b527-0536-4a89-86fd-dd401185efe9,8.8XOX,16
0X9eYfnX51qhqYtHMmei9a,IfcMechanicalFastener,Bolt assembly,UNSPECIFIED,ID212688a9-c611-41d2-bd22-dd15b0a2c264,8.8XOX,16
2W7OUO9_v7tvbgCbRkFSYy,IfcMechanicalFastener,Bolt assembly,UNSPECIFIED,IDa01d8798-27ee-47df-996a-3256ee3dc8bc,8.8XOX,16
0cbTgAyjPCkfmzhUtCtUTk,IfcMechanicalFastener,Bolt assembly,UNSPECIFIED,ID2695da8a-f2d6-4cba-9c3d-adedccdde76e,8.8XOX,16
2nw087nxfCLO3G5ovC6iQS,IfcMechanicalFastener,Bolt assembly,UNSPECIFIED,IDb1e80207-c7ba-4c55-80d0-172e4c1ac69c,8.8XOX,16
0SLes6dOL1BBahKPn9pvQR,IfcMechanicalFastener,Bolt assembly,UNSPECIFIED,ID1c568d86-9d85-412c-b92b-519c49cf969b,8.8XOX,16
2$qaE4AtH1sBlBwTcCAi2J,IfcMechanicalFastener,Bolt assembly,UNSPECIFIED,IDbfd24384-2b74-41d8-bbcb-e9d98c2ac093,8.8XOX,16
27U$wSBw9AORXUkCHvOVxm,IfcMechanicalFastener,Bolt assembly,UNSPECIFIED,ID877bfe9c-2fa2-4a61-b85e-b8c47961fef0,8.8XOX,16
3r_Ph63zXCh860ztVMC8p_,IfcMechanicalFastener,Bolt assembly,UNSPECIFIED,IDf5f99ac6-0fd8-4cac-8180-f777d6308cfe,8.8XOX,16
0r8mIHcvXB2eGUNqPc26nU,IfcMechanicalFastener,Bolt assembly,UNSPECIFIED,ID35230491-9b98-4b0a-841e-5f4666086c5e,8.8XOX,16
28O2pGwT1379Rt$weVMVSA,IfcMechanicalFastener,Bolt assembly,UNSPECIFIED,ID88602cd0-e9d0-431c-96f7-ffaa1f59f70a,8.8XOX,16
2Zg0iRzB1FGfZpV32In_D3,IfcMechanicalFastener,Bolt assembly,UNSPECIFIED,IDa3a80b1b-f4b0-4f42-98f3-7c3092c7e343,8.8XOX,16
2Z2gjcXLXD1Pl7KxiUr49o,IfcMechanicalFastener,Bolt assembly,UNSPECIFIED,IDa30aab66-8558-4d05-9bc7-53bb1ed44272,8.8XOX,16
0QKGwohhX1seX4SfDpsM10,IfcMechanicalFastener,Bolt assembly,UNSPECIFIED,ID1a510eb2-aeb8-41da-8844-729373d96040,8.8XOX,16
2hGnoMxDH2sPq8hGCCC_Q0,IfcMechanicalFastener,Bolt assembly,UNSPECIFIED,IDab431c96-ecd4-42d9-9d08-ad030c33e680,8.8XOX,16
2meJ8ude54SgN1BA3T$Wvo,IfcMechanicalFastener,Bolt assembly,UNSPECIFIED,IDb0a13238-9e81-4472-a5c1-2ca0ddfe0e72,8.8XOX,16
1brXGfAjL9ROyKy15le5VS,IfcMechanicalFastener,Bolt assembly,UNSPECIFIED,ID65d61429-2ad5-496d-8f14-f0116fa057dc,8.8XOX,16
0yYX2fp81C9u3H8LOQcqoo,IfcMechanicalFastener,Bolt assembly,UNSPECIFIED,ID3c8a10a9-cc80-4c27-80d1-21561a9b4cb2,8.8XOX,16
15NbSQeur46Qz_7eYyv2Ky,IfcMechanicalFastener,Bolt assembly,UNSPECIFIED,ID455e571a-a38d-4419-af7e-1e88bce4253c,8.8XOX,16
2tZrltVwH5gPwidtKttoFC,IfcMechanicalFastener,Bolt assembly,UNSPECIFIED,IDb78f5bf7-7fa4-45a9-9eac-9f7537df23cc,8.8XOX,16
3jl$0_SaLBTxof8Vg3yj0T,IfcMechanicalFastener,Bolt assembly,UNSPECIFIED,IDedbff03e-7245-4b77-bca9-21fa83f2d01d,8.8XOX,16
00698GptDFNAI0C7entprl,IfcMechanicalFastener,Bolt assembly,UNSPECIFIED,ID00189210-cf73-4f5c-a480-307a31df3d6f,8.8XOX,16
2cSBKd8ADFofSmM5I3ZZIv,IfcMechanicalFastener,Bolt assembly,UNSPECIFIED,IDa670b527-20a3-4fca-9730-5854838e34b9,8.8XOX,16
33O2jsSjL3TvJI0_I84sqT,IfcMechanicalFastener,Bolt assembly,UNSPECIFIED,IDc3602b76-72d5-4377-94d2-03e488136d1d,8.8XOX,16
0LF1QD8n5AXf1BDpEf2Pzl,IfcMechanicalFastener,Bolt assembly,UNSPECIFIED,ID153c168d-2311-4a86-904b-3733a9099f6f,8.8XOX,16
2SJ3DCAvj8cwYwtznf2Ohc,IfcMechanicalFastener,Bolt assembly,UNSPECIFIED,ID9c4c334c-2b9b-489b-a8ba-dfdc69098ae6,8.8XOX,16
2esm8bizr3BgjnchPKDWbF,IfcMechanicalFastener,Bolt assembly,UNSPECIFIED,IDa8db0225-b3dd-432e-ab71-9ab65436094f,8.8XOX,16
16B9mDDbnFL9b9pz9WFTXR,IfcMechanicalFastener,Bolt assembly,UNSPECIFIED,ID462c9c0d-365c-4f54-9949-cfd2603dd85b,8.8XOX,16
18ijfU9XjDh8Q8dt6KCfX$,IfcMechanicalFastener,Bolt assembly,UNSPECIFIED,ID48b2da5e-261b-4dac-8688-9f719432987f,8.8XOX,16
1mvtN2j$P5GAx18G8ljFik,IfcMechanicalFastener,Bolt assembly,UNSPECIFIED,ID70e775c2-b7f6-4540-aec1-21022fb4fb2e,8.8XOX,16
0uAYHR9uz6qxS2okJTYpdb,IfcMechanicalFastener,Bolt assembly,UNSPECIFIED,ID382a245b-278f-46d3-b702-cae4dd8b39e5,8.8XOX,16
3KgQPC$XTExO6swQELxXzm,IfcMechanicalFastener,Bolt assembly,UNSPECIFIED,IDd4a9a64c-fe17-4eed-81b6-e9a395ee1f70,8.8XOX,16
1iixXV0DLE$AYrQ3gpY26x,IfcMechanicalFastener,Bolt assembly,UNSPECIFIED,ID6cb3b85f-00d5-4efc-a8b5-683ab38821bb,8.8XOX,16
1$n5r5neX7wR9PxKIb8AHF,IfcMechanicalFastener,Bolt assembly,UNSPECIFIED,ID7fc45d45-c688-47e9-b259-ed44a520a44f,8.8XOX,16
1hjnKBfKz3p9F8kZqWdXGx,IfcMechanicalFastener,Bolt assembly,UNSPECIFIED,ID6bb7150b-a54f-43cc-93c8-ba3d209e143b,8.8XOX,16
2j73iUGcHAcRMQf63krKiY,IfcMechanicalFastener,Bolt assembly,UNSPECIFIED,IDad1c3b1e-4264-4a99-b59a-a460eed54b22,8.8XOX,16
05xNlWH0XBARBTo8JtOyTx,IfcMechanicalFastener,Bolt assembly,UNSPECIFIED,ID05ed7be0-4408-4b29-b2dd-c884f763c77b,8.8XOX,16
1iFrzHXH93sB1pPkxUfMBf,IfcMechanicalFastener,Bolt assembly,UNSPECIFIED,ID6c3f5f51-8512-43d8-b073-66eedea562e9,8.8XOX,16
3bVqf$$zrEb9mVIVNxTxYT,IfcMechanicalFastener,Bolt assembly,UNSPECIFIED,IDe57f4a7f-ffdd-4e94-9c1f-49f5fb77b89d,8.8XOX,16
2rGFIKV1jBOve1$tpvfvjl,IfcMechanicalFastener,Bolt assembly,UNSPECIFIED,IDb540f494-7c1b-4b63-9a01-ff7cf9a79b6f,8.8XOX,16
3eNsf6HZbDJP_6M4Ba4BnE,IfcMechanicalFastener,Bolt assembly,UNSPECIFIED,IDe85f6a46-4639-4d4d-9f86-5842e410bc4e,8.8XOX,16
04UypD1aH2$x0hex_i4VrD,IfcMechanicalFastener,Bolt assembly,UNSPECIFIED,ID047bcccd-0644-42ff-b02b-a3bfac11fd4d,8.8XOX,16
0TalZw9v1CT8iCbm8F3TlG,IfcMechanicalFastener,Bolt assembly,UNSPECIFIED,ID1d92f8fa-2790-4c74-8b0c-97020f0ddbd0,8.8XOX,16
1W4HLmXbfADgg1r_OW2HTM,IfcMechanicalFastener,Bolt assembly,UNSPECIFIED,ID60111570-865a-4a36-aa81-d7e620091756,8.8XOX,16
0yoI$Zol91X9vS8HVYTgun,IfcMechanicalFastener,Bolt assembly,UNSPECIFIED,ID3cc92fe3-caf2-4184-9e5c-2117e276ae31,8.8XOX,16
0dblHmHizFVOxmH0_HA9rR,IfcMechanicalFastener,Bolt assembly,UNSPECIFIED,ID2796f470-46cf-4f7d-8ef0-440f91289d5b,HOLE,16
1ovSQum2j11gS3EM9PWDqI,IfcMechanicalFastener,Bolt assembly,UNSPECIFIED,ID72e5c6b8-c02b-4106-a703-39625980dd12,8.8_Gav,16
0UpBBwc1T17OveCplO6QXF,IfcMechanicalFastener,Bolt assembly,UNSPECIFIED,ID1eccb2fa-9817-411d-8e68-333bd819a84f,HOLE,16
11XHzEZdj0iQR7cDI$frBI,IfcMechanicalFastener,Bolt assembly,UNSPECIFIED,ID41851f4e-8e7b-40b1-a6c7-98d4bfa752d2,8.8_Gav,16
1fKzisKW1D4QdlUFx2ZsLG,IfcMechanicalFastener,Bolt assembly,UNSPECIFIED,ID6953db36-5200-4d11-a9ef-78fec28f6550,HOLE,16
3XbI1CyHXE5wVLjfKTWy9_,IfcMechanicalFastener,Bolt assembly,UNSPECIFIED,IDe195204c-f118-4e17-a7d5-b6951d83c27e,8.8_Gav,16
0k4hgKcaT44gt4s$VS6xZy,IfcMechanicalFastener,Bolt assembly,UNSPECIFIED,ID2e12ba94-9a47-4412-adc4-dbf7dc1bb8fc,HOLE,16
0uBh4QP$zE5AZIduOmFDqT,IfcMechanicalFastener,Bolt assembly,UNSPECIFIED,ID382eb11a-67ff-4e14-a8d2-9f86303cdd1d,8.8_Gav,16
1Ng9LeKpv6hRcFtlC9gj5E,IfcMechanicalFastener,Bolt assembly,UNSPECIFIED,ID57a89568-533e-46ad-b98f-def309aad14e,HOLE,16
004hC7peHEOOure1lbWBNm,IfcMechanicalFastener,Bolt assembly,UNSPECIFIED,ID0012b307-ce84-4e61-8e35-a01be580b5f0,8.8_Gav,16
3GnvwxzjvBdfkMj70pESGr,IfcMechanicalFastener,Bolt assembly,UNSPECIFIED,IDd0c79ebb-f6de-4b9e-9b96-b4703339c435,HOLE,16
3hxh_P2In3Out$M2jskw4V,IfcMechanicalFastener,Bolt assembly,UNSPECIFIED,IDebeebf99-092c-4363-8dff-582b76bba11f,8.8_Gav,16
1eRfRD5JvCoBX7AeknHVZx,IfcMechanicalFastener,Bolt assembly,UNSPECIFIED,ID686e96cd-153e-4cc8-b847-2a8bb145f8fb,HOLE,16
1L6dfKEpLFcgI4klVpVuPg,IfcMechanicalFastener,Bolt assembly,UNSPECIFIED,ID551a7a54-3b35-4f9a-a484-baf7f37f866a,8.8_Gav,16
2z9F_$b_X96BizyWlXGMT8,IfcMechanicalFastener,Bolt assembly,UNSPECIFIED,IDbd24ffbf-97e8-4918-bb3d-f20be1416748,HOLE,16
2RSGEqVgf9Wv8DOq5fwjLv,IfcMechanicalFastener,Bolt assembly,UNSPECIFIED,ID9b7103b4-7eaa-4983-920d-634169ead579,8.8_Gav,16
2wQesPb3XCpf0u5TENzHPq,IfcMechanicalFastener,Bolt assembly,UNSPECIFIED,IDba6a8d99-9438-4cce-9038-15d397f51674,HOLE,16
05TngydRvDru9Ism_H7_D$,IfcMechanicalFastener,Bolt assembly,UNSPECIFIED,ID05771abc-9dbe-4dd7-8252-db0f911fe37f,8.8_Gav,16
2uBfjGE1f5z8Y_2kwEo8M0,IfcMechanicalFastener,Bolt assembly,UNSPECIFIED,IDb82e9b50-381a-45f4-88be-0aee8ec88580,HOLE,16
35QAPhqmT9LhgxJJ8WagE1,IfcMechanicalFastener,Bolt assembly,UNSPECIFIED,IDc568a66b-d307-4956-babb-4d322092a381,8.8_Gav,16
2SgXYM3vz5aRZ6fKErf1P0,IfcMechanicalFastener,Bolt assembly,UNSPECIFIED,ID9caa1896-0f9f-4591-b8c6-a543b5a41640,HOLE,16
1xIdYkIvj6dggBhaAC94hu,IfcMechanicalFastener,Bolt assembly,UNSPECIFIED,ID7b4a78ae-4b9b-469e-aa8b-ae428c244af8,HOLE,16
3dI_HR09TETRb97wVI4OdI,IfcMechanicalFastener,Bolt assembly,UNSPECIFIED,IDe74be45b-0097-4e75-b949-1fa7d21189d2,8.8_Gav,16
32IXgxmfL0FvvnClr8U5pZ,IfcMechanicalFastener,Bolt assembly,UNSPECIFIED,IDc24a1abb-c295-403f-9e71-32fd48785ce3,HOLE,16
03VBeUd7T4hRNzLGR2jtUn,IfcMechanicalFastener,Bolt assembly,UNSPECIFIED,ID037cba1e-9c77-44ad-b5fd-5506c2b777b1,8.8_Gav,16
38aJp7vIz98hQRIInfPB$L,IfcMechanicalFastener,Bolt assembly,UNSPECIFIED,IDc8913cc7-e52f-4922-b69b-492c6964bfd5,HOLE,16
3zey3e$OL9OO5cTIcMGzyQ,IfcMechanicalFastener,Bolt assembly,UNSPECIFIED,IDfda3c0e8-fd85-4961-8166-75299643df1a,HOLE,16
2Az1_jbTvEpAnkxLGiweox,IfcMechanicalFastener,Bolt assembly,UNSPECIFIED,ID8af41fad-95de-4ecc-ac6e-ed542cea8cbb,8.8XOX,16
00Nc3Gaw10uOuoI977ysGK,IfcMechanicalFastener,Bolt assembly,UNSPECIFIED,ID005e60d0-93a0-40e1-8e32-4891c7f36414,8.8XOX,16
3JdsGEDavE$gLvmratbCrZ,IfcMechanicalFastener,Bolt assembly,UNSPECIFIED,IDd39f640e-364e-4efe-a579-c3593794cd63,8.8XOX,16
1Ley_99ffDoBZOvffJakwP,IfcMechanicalFastener,Bolt assembly,UNSPECIFIED,ID55a3cf89-269a-4dc8-b8d8-e69a5392ee99,8.8XOX,16
1jMGYYQZT4uOYGs2Dpxu8E,IfcMechanicalFastener,Bolt assembly,UNSPECIFIED,ID6d5908a2-6a37-44e1-8890-d82373ef820e,HOLE,16
32SszZ8KTFPu4so$u$djhm,IfcMechanicalFastener,Bolt assembly,UNSPECIFIED,IDc2736f63-2147-4f67-8136-cbfe3f9edaf0,HOLE,16
21rOWUKX93Qg_E$KTi25o_,IfcMechanicalFastener,Bolt assembly,UNSPECIFIED,ID81d5881e-5212-436a-af8e-fd476c085cbe,8.8XOX,16
1eTVTtx4r69h6JOcVuAI6A,IfcMechanicalFastener,Bolt assembly,UNSPECIFIED,ID6875f777-ec4d-4626-b193-6267f829218a,8.8XOX,16
0$0k6NFvj7Y9CJ_Abxk2dK,IfcMechanicalFastener,Bolt assembly,UNSPECIFIED,ID3f02e197-3f9b-4788-9313-f8a97bb829d4,8.8XOX,16
0f2R9JSo1CAQlj7TEfrrpx,IfcMechanicalFastener,Bolt assembly,UNSPECIFIED,ID2909b253-7320-4c29-abed-1dd3a9d75cfb,8.8XOX,16
1KAvSXIdP1Pu1PhXk8CA5O,IfcMechanicalFastener,Bolt assembly,UNSPECIFIED,ID542b9721-4a76-4167-8059-ae1b8830a158,8.8XOX,16
3oZxFHZHr2fBjrgKqmS$_w,IfcMechanicalFastener,Bolt assembly,UNSPECIFIED,IDf28fb3d1-8d1d-42a4-bb75-a94d3073ffba,8.8XOX,16
2ba6twXYD8RvRb_bIE6_Mx,IfcMechanicalFastener,Bolt assembly,UNSPECIFIED,IDa5906dfa-8623-486f-96e5-fa548e1be5bb,HOLE,16
0Fx2XC4sL58PG$Dj7_j0B_,IfcMechanicalFastener,Bolt assembly,UNSPECIFIED,ID0fec284c-1365-4521-943f-36d1feb402fe,8.8_Gav,16
13CeThqAzFc9VOyH_4PrLq,IfcMechanicalFastener,Bolt assembly,UNSPECIFIED,ID4332876b-d0af-4f98-97d8-f11f84675574,HOLE,16
1IhJIrnv12JxFxqDbS3Rxi,IfcMechanicalFastener,Bolt assembly,UNSPECIFIED,ID52ad34b5-c790-424f-b3fb-d0d95c0dbeec,HOLE,16
1Rju9P1K96jfzp$L7DqDG9,IfcMechanicalFastener,Bolt assembly,UNSPECIFIED,ID5bb78259-0542-46b6-9f73-fd51cdd0d409,8.8_Gav,16
1m2UxZgaXCVxLDENyZvwj2,IfcMechanicalFastener,Bolt assembly,UNSPECIFIED,ID7009eee3-aa48-4c7f-b54d-397f23e7ab42,HOLE,16
1TbkTnZnfEEA9mdvVL2Li2,IfcMechanicalFastener,Bolt assembly,UNSPECIFIED,ID5d96e771-8f1a-4e38-a270-9f97d5095b02,HOLE,16
2WFb_2j_v0XRw13dP2yNov,IfcMechanicalFastener,Bolt assembly,UNSPECIFIED,IDa03e5f82-b7ee-4085-be81-0e7642f17cb9,HOLE,16
3Fv7_z0DPB5QwX5FJXJFwe,IfcMechanicalFastener,Bolt assembly,UNSPECIFIED,IDcfe47fbd-00d6-4b15-aea1-14f4e14cfea8,HOLE,16
3ACKsGvLnF7uYd9Di_h$II,IfcMechanicalFastener,Bolt assembly,UNSPECIFIED,IDca314d90-e55c-4f1f-88a7-24db3eaff492,HOLE,16
2UsnPwHw58OOYtlk50rjhl,IfcMechanicalFastener,Bolt assembly,UNSPECIFIED,ID9edb167a-47a1-4861-88b7-bee140d6daef,HOLE,16
2cL3yXhK16mRPfE$MHmhks,IfcMechanicalFastener,Bolt assembly,UNSPECIFIED,IDa6543f21-ad40-46c1-b669-3bf591c2bbb6,HOLE,16
0_7DDH9hj0Oxz3Uy_OAnG9,IfcMechanicalFastener,Bolt assembly,UNSPECIFIED,ID3e1cd351-26bb-4063-bf43-7bcf982b1409,HOLE,16
0bWTZpBsv24Q2Nu21H5sIm,IfcMechanicalFastener,Bolt assembly,UNSPECIFIED,ID2581d8f3-2f6e-4211-a097-e020511764b0,HOLE,16
2SAQMuyTTB$RORh0wZbkx_,IfcMechanicalFastener,Bolt assembly,UNSPECIFIED,ID9c29a5b8-f1d7-4bfd-b61b-ac0ea396eefe,8.8_Gav,16
2KtrgRJRT4DgeGA6Mrv1LL,IfcMechanicalFastener,Bolt assembly,UNSPECIFIED,ID94df5a9b-4db7-4436-aa10-2865b5e41555,HOLE,16
2gL8dbpCH9NxkDM3w1QaRL,IfcMechanicalFastener,Bolt assembly,UNSPECIFIED,IDaa5489e5-ccc4-495f-bb8d-583e816a46d5,HOLE,16
0rNOkP6KL6o8Tajpm8TWSD,IfcMechanicalFastener,Bolt assembly,UNSPECIFIED,ID355d8b99-1945-46c8-8764-b73c0876070d,HOLE,16
0WCqnnTdLBDB39SoDvQAhT,IfcMechanicalFastener,Bolt assembly,UNSPECIFIED,ID20334c71-7675-4b34-b0c9-73237968aadd,HOLE,16
1Lth_GWC1E3fAdd567RFGF,IfcMechanicalFastener,Bolt assembly,UNSPECIFIED,ID55debf90-80c0-4e0e-92a7-9c51876cf40f,HOLE,16
3EknmBVEj9zeYvP51HY9g_,IfcMechanicalFastener,Bolt assembly,UNSPECIFIED,IDcebb1c0b-7ceb-49f6-88b9-645051889abe,HOLE,16
0KlrDIOODEZu8z$6Mhh5QH,IfcMechanicalFastener,Bolt assembly,UNSPECIFIED,ID14bf5352-6183-4e8f-823d-fc65abac5691,HOLE,16
3dqd64E6r7SujyGdYf84jT,IfcMechanicalFastener,Bolt assembly,UNSPECIFIED,IDe7d27184-386d-4773-8b7c-4278a9204b5d,HOLE,16
1Gm8kQzzD0xw$NH6983Lhv,IfcMechanicalFastener,Bolt assembly,UNSPECIFIED,ID50c08b9a-f7d3-40ef-afd7-4462480d5af9,HOLE,16
1s887dhSj6R8$SvyKZ6x5R,IfcMechanicalFastener,Bolt assembly,UNSPECIFIED,ID762081e7-adcb-466c-8fdc-e7c5231bb15b,HOLE,16
3J95dGkpj1rBLEOeA9Gv56,IfcMechanicalFastener,Bolt assembly,UNSPECIFIED,IDd32459d0-bb3b-41d4-b54e-628289439146,8.8XOX,16
2nkXemlq5AvvRpvLkYVQOd,IfcMechanicalFastener,Bolt assembly,UNSPECIFIED,IDb1ba1a30-bf41-4ae7-96f3-e55ba27da627,8.8XOX,16
38gDtnhETClvYYwCkQrOvT,IfcMechanicalFastener,Bolt assembly,UNSPECIFIED,IDc8a8ddf1-ace7-4cbf-98a2-e8cb9ad58e5d,8.8XOX,16
0XwTfSP6n7CxcFYyml2KIE,IfcMechanicalFastener,Bolt assembly,UNSPECIFIED,ID21e9da5c-646c-4733-b98f-8bcc2f09448e,8.8XOX,16
1fqcwigIHC$8fm8RIzYoPo,IfcMechanicalFastener,Bolt assembly,UNSPECIFIED,ID69d26eac-a924-4cfc-8a70-21b4bd8b2672,8.8XOX,16
0RtESBNyDC19PmMW7lELY1,IfcMechanicalFastener,Bolt assembly,UNSPECIFIED,ID1bdce70b-5fc3-4c04-9670-5a01ef395881,HOLE,16
3puYftfybAG8sxgdQHuE29,IfcMechanicalFastener,Bolt assembly,UNSPECIFIED,IDf3e22a77-a7c9-4a40-8dbb-aa7691e0e089,8.8_Gav,16
2IBWvx4Fb6yufXR4pq6LJB,IfcMechanicalFastener,Bolt assembly,UNSPECIFIED,ID922e0e7b-10f9-46f3-8a61-6c4cf41954cb,HOLE,16
0wJd7y5AD7VPwpSGY7iQuG,IfcMechanicalFastener,Bolt assembly,UNSPECIFIED,ID3a4e71fc-14a3-477d-9eb3-710887b1ae10,HOLE,16
3HPDwi4PbCrAFruQOr$GGj,IfcMechanicalFastener,Bolt assembly,UNSPECIFIED,IDd164deac-1199-4cd4-a3f5-e1a635fd042d,HOLE,16
2hnRTnkB12qvb9XoWVy0KF,IfcMechanicalFastener,Bolt assembly,UNSPECIFIED,IDabc5b771-b8b0-42d3-9949-87281ff0050f,HOLE,16
0_SFB6PBX8hQJdHfXghtjN,IfcMechanicalFastener,Bolt assembly,UNSPECIFIED,ID3e70f2c6-64b8-48ad-a4e7-46986aaf7b57,HOLE,16
0ry0fxzEz2CxHg8BgmfoJv,IfcMechanicalFastener,Bolt assembly,UNSPECIFIED,ID35f00a7b-f4ef-4233-b46a-20bab0a724f9,HOLE,16
3agQj7qrr4sRhwKtRsDNGH,IfcMechanicalFastener,Bolt assembly,UNSPECIFIED,IDe4a9ab47-d35d-44d9-bafa-5376f6357411,HOLE,16
16f$38EyrExgVUIxHxWUqm,IfcMechanicalFastener,Bolt assembly,UNSPECIFIED,ID46a7f0c8-3bcd-4eee-a7de-4bb47b81ed30,HOLE,16
3irrJ49bHFyQPe22aD3U3r,IfcMechanicalFastener,Bolt assembly,UNSPECIFIED,IDecd754c4-2654-4ff1-a668-08290d0de0f5,HOLE,16
1LS$YdZY9FxQzIxeX4R3am,IfcMechanicalFastener,Bolt assembly,UNSPECIFIED,ID5573f8a7-8e22-4fed-af52-ee88446c3930,HOLE,16
22WJqt4Jr8y9iX72IlXH86,IfcMechanicalFastener,Bolt assembly,UNSPECIFIED,ID82813d37-113d-48f0-9b21-1c24af851206,HOLE,16
02iuf0Onv9BuIIA2NVBCcU,IfcMechanicalFastener,Bolt assembly,UNSPECIFIED,ID02b38a40-631e-492f-8492-2825df2cc99e,HOLE,16
1uTq2f8SHF7wz1g1UkDSrt,IfcMechanicalFastener,Bolt assembly,UNSPECIFIED,ID787740a9-21c4-4f1f-af41-a817ae35cd77,HOLE,16
1IgiEWRN9FBBFfZIWz8oqa,IfcMechanicalFastener,Bolt assembly,UNSPECIFIED,ID52aac3a0-6d72-4f2c-b3e9-8d283d232d24,8.8_Gav,16
2OCIaFB_L3GQyjuUECXdG7,IfcMechanicalFastener,Bolt assembly,UNSPECIFIED,ID9831290f-2fe5-4341-af2d-e1e38c867407,HOLE,16
3rqCpxjSb36hYwSE$otvNb,IfcMechanicalFastener,Bolt assembly,UNSPECIFIED,IDf5d0ccfb-b5c9-431a-b8ba-70eff2df95e5,HOLE,16
1AI6jWkrX9fRTX_lDjCuI$,IfcMechanicalFastener,Bolt assembly,UNSPECIFIED,ID4a486b60-bb58-49a5-b761-faf36d3384bf,HOLE,16
30ka278_v5qhdc5IKHzA26,IfcMechanicalFastener,Bolt assembly,UNSPECIFIED,IDc0ba4087-23ee-45d2-b9e6-152511f4a086,HOLE,16
1SJTrlpML3_gjfBvAcq2nc,IfcMechanicalFastener,Bolt assembly,UNSPECIFIED,ID5c4ddd6f-cd65-43fa-ab69-2f92a6d02c66,HOLE,16
1uTp8Q4cvAZu99aUoshjyq,IfcMechanicalFastener,Bolt assembly,UNSPECIFIED,ID7877321a-126e-4a8f-8249-91ecb6aedf34,HOLE,16
2E9FKYf4T3TxwLnEBo1Xbw,IfcMechanicalFastener,Bolt assembly,UNSPECIFIED,ID8e24f522-a447-4377-be95-c4e2f206197a,HOLE,16
1ZBimS0SLENxMwSXQsmZdi,IfcMechanicalFastener,Bolt assembly,UNSPECIFIED,ID632ecc1c-01c5-4e5f-b5ba-7216b6c239ec,HOLE,16
2hinF1d9j1FO$jtGpPrW8_,IfcMechanicalFastener,Bolt assembly,UNSPECIFIED,IDabb313c1-9c9b-413d-8fed-dd0cd9d6023e,HOLE,16
0vro$KU6T3UeSNULeZwrze,IfcMechanicalFastener,Bolt assembly,UNSPECIFIED,ID39d72fd4-7867-437a-8717-795a23eb5f68,HOLE,16
2fhXx40gv8fRaEZtH$CBkf,IfcMechanicalFastener,Bolt assembly,UNSPECIFIED,IDa9ae1ec4-02ae-48a5-b90e-8f747f30bba9,HOLE,16
34DCI0FCn7mRf$O3xe4SwC,IfcMechanicalFastener,Bolt assembly,UNSPECIFIED,IDc434c480-3ccc-47c1-ba7f-603ee811ce8c,HOLE,16
1AuhMO3qj3UhKZfZuwn5ml,IfcMechanicalFastener,Bolt assembly,UNSPECIFIED,ID4ae2b598-0f4b-437a-b523-a63e3ac45c2f,8.8XOX,16
3zCKooZxnBjBZcjBdC0CyU,IfcMechanicalFastener,Bolt assembly,UNSPECIFIED,IDfd314cb2-8fbc-4bb4-b8e6-b4b9cc00cf1e,8.8XOX,16
17nqwb275CzOQ9dMNgbLeu,IfcMechanicalFastener,Bolt assembly,UNSPECIFIED,ID47c74ea5-0871-4cf5-8689-9d65ea955a38,8.8XOX,16
0$0zwJBc94_vTkGsXkGBty,IfcMechanicalFastener,Bolt assembly,UNSPECIFIED,ID3f03de93-2e62-44fb-976e-43686e40bdfc,8.8XOX,16
32owmfY_X5HvMDVS5ngZUy,IfcMechanicalFastener,Bolt assembly,UNSPECIFIED,IDc2cbac29-8be8-4547-958d-7dc171aa37bc,8.8XOX,16
36L4wYWun80PpFe1eXHjt5,IfcMechanicalFastener,Bolt assembly,UNSPECIFIED,IDc6544ea2-838c-4801-9ccf-a01a2146ddc5,8.8XOX,16
2_aZnU9ZnAeeHBhT8X5qve,IfcMechanicalFastener,Bolt assembly,UNSPECIFIED,IDbe923c5e-263c-4aa2-844b-add221174e68,8.8XOX,16
0d5JbO2Sv4cvmCr6oOhaJj,IfcMechanicalFastener,Bolt assembly,UNSPECIFIED,ID27153958-09ce-449b-9c0c-d46c98ae44ed,8.8XOX,16
3smpRB$1f25f$7w19L1sjm,IfcMechanicalFastener,Bolt assembly,UNSPECIFIED,IDf6c336cb-fc1a-4216-9fc7-e81255076b70,8.8XOX,16
13SnIzONP4mRKY0SUiTXwE,IfcMechanicalFastener,Bolt assembly,UNSPECIFIED,ID437314bd-6176-44c1-b522-01c7ac761e8e,8.8XOX,16
0tzt5ulxj1pvXIl2sQZusx,IfcMechanicalFastener,Bolt assembly,UNSPECIFIED,ID37f77178-bfbb-41cf-9852-bc2d9a8f8dbb,8.8XOX,16
2E7Rm4it17hAAfx18mJpvb,IfcMechanicalFastener,Bolt assembly,UNSPECIFIED,ID8e1dbc04-b370-47ac-a2a9-ec12304f3e65,8.8XOX,16
0yljFizI18sfp8Cp4t$IcA,IfcMechanicalFastener,Bolt assembly,UNSPECIFIED,ID3cbed3ec-f520-48da-9cc8-333137fd298a,8.8XOX,16
0DbMbIWv5DtBVfzgoRbjnR,IfcMechanicalFastener,Bolt assembly,UNSPECIFIED,ID0d956952-8391-4ddc-b7e9-f6ac9b96dc5b,8.8XOX,16
0IngV8ggDAKPrOW67DHtM4,IfcMechanicalFastener,Bolt assembly,UNSPECIFIED,ID12c6a7c8-aaa3-4a51-9d58-8061cd477584,8.8XOX,16
1u8ws05XD3JBrYO39P1OBA,IfcMechanicalFastener,Bolt assembly,UNSPECIFIED,ID7823ad80-1613-434c-bd62-6032590582ca,HOLE,16
3aL9fUY3jAcRTrrNiT4hU7,IfcMechanicalFastener,Bolt assembly,UNSPECIFIED,IDe4549a5e-883b-4a99-b775-d57b1d12b787,8.8_Gav,16
1l568Jjib4pAWjKnwYjKwy,IfcMechanicalFastener,Bolt assembly,UNSPECIFIED,ID6f146213-b6c9-44cc-a82d-531ea2b54ebc,8.8_Gav,16
0fYA4tB4PBguG_CUSFH7j9,IfcMechanicalFastener,Bolt assembly,UNSPECIFIED,ID2988a137-2c46-4bab-843e-31e70f447b49,8.8_Gav,16
02lKz0Lg97zOIfscHNuuLk,IfcMechanicalFastener,Bolt assembly,UNSPECIFIED,ID02bd4f40-56a2-47f5-84a9-da6457e3856e,8.8_Gav,16
0iuaCzAdnDfOvlDD2serBa,IfcMechanicalFastener,Bolt assembly,UNSPECIFIED,ID2ce2433d-2a7c-4da5-8e6f-34d0b6a352e4,HOLE,16
0uR5awBCrEZAVuGRZsGq39,IfcMechanicalFastener,Bolt assembly,UNSPECIFIED,ID386c593a-2ccd-4e8c-a7f8-41b8f64340c9,HOLE,16
3gbyj$JXvDNBi_H3l_FNJl,IfcMechanicalFastener,Bolt assembly,UNSPECIFIED,IDea97cb7f-4e1e-4d5c-bb3e-443bfe3d74ef,HOLE,16
2vd1XTXfv17fphqQgSjEu5,IfcMechanicalFastener,Bolt assembly,UNSPECIFIED,IDb99c185d-869e-411e-9ceb-d1aa9cb4ee05,HOLE,16
3L3yFK$m9B9B0rchcHWENv,IfcMechanicalFastener,Bolt assembly,UNSPECIFIED,IDd50fc3d4-ff02-4b24-b035-9ab99180e5f9,HOLE,16
3Iqea6p_nBkxCC7MhXPZzV,IfcMechanicalFastener,Bolt assembly,UNSPECIFIED,IDd2d28906-cfec-4bbb-b30c-1d6ae1663f5f,HOLE,16
24AKKWSFD5hAOgDbUaBWeR,IfcMechanicalFastener,Bolt assembly,UNSPECIFIED,ID84294520-70f3-45ac-a62a-3657a42e0a1b,8.8_Gav,16
3DRP7HejL3MPdvLTyMCv6a,IfcMechanicalFastener,Bolt assembly,UNSPECIFIED,IDcd6d91d1-a2d5-4359-99f9-55df163391a4,8.8_Gav,16
2$80oOhIL56vu8orbpXO7H,IfcMechanicalFastener,Bolt assembly,UNSPECIFIED,IDbf200c98-ad25-451b-9e08-cb59738581d1,HOLE,16
1EGC138vrEJg5T5WZmabPm,IfcMechanicalFastener,Bolt assembly,UNSPECIFIED,ID4e40c043-239d-4e4e-a15d-1608f0925670,HOLE,16
2fPLC_Viv84R7bfRtH$bOp,IfcMechanicalFastener,Bolt assembly,UNSPECIFIED,IDa965533e-7ece-4811-b1e5-a5bdd1fe5633,HOLE,16
2KZG2wZQ96NBgwxHJGe7d1,IfcMechanicalFastener,Bolt assembly,UNSPECIFIED,ID948d00ba-8da2-465c-baba-ed14d0a079c1,HOLE,16
0KYxia55D6ogiVcaNT2WoF,IfcMechanicalFastener,Bolt assembly,UNSPECIFIED,ID148bbb24-1453-46ca-ab1f-9a45dd0a0c8f,HOLE,16
0A7XcZTqz9Bvgoux92eyFB,IfcMechanicalFastener,Bolt assembly,UNSPECIFIED,ID0a1e19a3-774f-492f-9ab2-e3b242a3c3cb,HOLE,16
0xdxA0B312a9s6h5shCeH_,IfcMechanicalFastener,Bolt assembly,UNSPECIFIED,ID3b9fb280-2c30-4290-9d86-ac5dab32847e,HOLE,16
09u97q5an1CQwXK8MjRCp$,IfcMechanicalFastener,Bolt assembly,UNSPECIFIED,ID09e091f4-164c-4131-aea1-5085ad6cccff,HOLE,16
2VmcdxinH8SQ0iFB9LX6Yb,IfcMechanicalFastener,Bolt assembly,UNSPECIFIED,ID9fc269fb-b314-4871-a02c-3cb2558468a5,HOLE,16
3FFOqRWiL2bhhlRgSnyYbL,IfcMechanicalFastener,Bolt assembly,UNSPECIFIED,IDcf3d8d1b-82c5-4296-baef-6ea731f22955,HOLE,16
3D2SCsaCv7_fJZp4q$hlhf,IfcMechanicalFastener,Bolt assembly,UNSPECIFIED,IDcd09c336-90ce-47fa-94e3-cc4d3faefae9,HOLE,16
30LrTEJ2T51RHrby5yQ50R,IfcMechanicalFastener,Bolt assembly,UNSPECIFIED,IDc057574e-4c27-4505-b475-97c17c68501b,HOLE,16
1oN7MVq$58N9M9EPArb3O3,IfcMechanicalFastener,Bolt assembly,UNSPECIFIED,ID725c759f-d3f1-485c-9589-3992b5943603,HOLE,16
0upMBi09XBiOk2pr4Px$AU,IfcMechanicalFastener,Bolt assembly,UNSPECIFIED,ID38cd62ec-0098-4bb1-8b82-cf5119eff29e,HOLE,16
0UTQW6m6fBChIIrZ7OUEOX,IfcMechanicalFastener,Bolt assembly,UNSPECIFIED,ID1e75a806-c06a-4b32-b492-d631d878e621,HOLE,16
1wpGlf0oD4R8HmciW4gg9b,IfcMechanicalFastener,Bolt assembly,UNSPECIFIED,ID7acd0be9-0323-446c-8470-9ac804aaa265,HOLE,16
3FF8CEcxT3AgbHyB8FjV8a,IfcMechanicalFastener,Bolt assembly,UNSPECIFIED,IDcf3c830e-9bb7-432a-a951-f0b20fb5f224,HOLE,16
0$FpW2ngjDKhSIKtwXw3PH,IfcMechanicalFastener,Bolt assembly,UNSPECIFIED,ID3f3f3802-c6ab-4d52-b712-537ea1e83651,HOLE,16
0WYJYlcAD1qB7_zOHrORbk,IfcMechanicalFastener,Bolt assembly,UNSPECIFIED,ID208938af-98a3-41d0-b1fe-f5847561b96e,HOLE,16
3Top0DuHz1wQwzl90I$eXR,IfcMechanicalFastener,Bolt assembly,UNSPECIFIED,IDddcb300d-e11f-41e9-aebd-bc9012fe885b,HOLE,16
2SjKThYqTAmBnhxvDyucq1,IfcMechanicalFastener,Bolt assembly,UNSPECIFIED,ID9cb5476b-8b47-4ac0-bc6b-ef937ce26d01,HOLE,16
3bYYdHPFH2uQwx6hrhaNlP,IfcMechanicalFastener,Bolt assembly,UNSPECIFIED,IDe58a29d1-64f4-42e1-aebb-1abd6b917bd9,HOLE,16
2eZVnyBo9Cd9GeYN3153Wz,IfcMechanicalFastener,Bolt assembly,UNSPECIFIED,IDa88dfc7c-2f22-4c9c-9428-8970c114383d,HOLE,16
0Mt6yFWHb6Lw6VOmOlGivr,IfcMechanicalFastener,Bolt assembly,UNSPECIFIED,ID16dc6f0f-8119-4657-a19f-63062f42ce75,HOLE,16
0F$_cmhtT6Ju3YiFOWLly6,IfcMechanicalFastener,Bolt assembly,UNSPECIFIED,ID0fffe9b0-af77-464f-80e2-b0f62056ff06,HOLE,16
3CPpXVG3L1txarp_K_h8_T,IfcMechanicalFastener,Bolt assembly,UNSPECIFIED,IDcc67385f-4035-41df-b935-cfe53eac8f9d,HOLE,16
3jkOY1eIX1ou9CP_6SiU$G,IfcMechanicalFastener,Bolt assembly,UNSPECIFIED,IDedb98881-a128-41cb-824c-67e19cb1efd0,HOLE,16
2qo4a86qr7mO$u$PJIYSEk,IfcMechanicalFastener,Bolt assembly,UNSPECIFIED,IDb4c84908-1b4d-47c1-8ff8-fd94d289c3ae,HOLE,16
22pBdCXFbBtuMhEj4yncwV,IfcMechanicalFastener,Bolt assembly,UNSPECIFIED,ID82ccb9cc-84f9-4bdf-85ab-3ad13cc66e9f,HOLE,16
1jk2bX7YD2FRIol2LTtpPl,IfcMechanicalFastener,Bolt assembly,UNSPECIFIED,ID6db82961-1e23-423d-b4b2-bc255ddf366f,HOLE,16
3U9s8kplbBGwWAReZqYYUT,IfcMechanicalFastener,Bolt assembly,UNSPECIFIED,IDde27622e-cef9-4b43-a80a-6e88f48a279d,HOLE,16
0Jp6xIvPD38eNO3V6n9t30,IfcMechanicalFastener,Bolt assembly,UNSPECIFIED,ID13cc6ed2-e593-4322-85d8-0df1b12770c0,HOLE,16
1z01SHnBLC8va61$KC_C7I,IfcMechanicalFastener,Bolt assembly,UNSPECIFIED,ID7d001711-c4b5-4c23-9906-07f50cf8c1d2,HOLE,16
0H$3Sop3zBuwLA77rmwKBr,IfcMechanicalFastener,Bolt assembly,UNSPECIFIED,ID11fc3732-cc3f-4be3-a54a-1c7d70e942f5,HOLE,16
1OmJ9sPzH3A9o6RyBohtC0,IfcMechanicalFastener,Bolt assembly,UNSPECIFIED,ID58c13276-67d4-4328-9c86-6fc2f2af7300,HOLE,16
0wZa$8s3H33u5kGeO5mPa_,IfcMechanicalFastener,Bolt assembly,UNSPECIFIED,ID3a8e4fc8-d834-430f-816e-428605c1993e,HOLE,16
1dcfxGGiP2kAtsgb0xoITA,IfcMechanicalFastener,Bolt assembly,UNSPECIFIED,ID679a9ed0-42c6-42b8-adf6-aa503bc9274a,HOLE,16
3T45hir4H60P3B$7biw8UC,IfcMechanicalFastener,Bolt assembly,UNSPECIFIED,IDdd105aec-d444-4601-90cb-fc796ce8878c,8.8_Gav,16
2zBaqzWEX5nOrIyVHlucgJ,IfcMechanicalFastener,Bolt assembly,UNSPECIFIED,IDbd2e4d3d-80e8-45c5-8d52-f1f46fe26a93,8.8_Gav,16
1Kyho43nv0QhrP6Da_9NC6,IfcMechanicalFastener,Bolt assembly,UNSPECIFIED,ID54f2bc84-0f1e-406a-bd59-18d93e257306,HOLE,16
2NhhbOV495HPrizzVpWU9W,IfcMechanicalFastener,Bolt assembly,UNSPECIFIED,ID97aeb958-7c42-4545-9d6c-f7d7f381e260,HOLE,16
0473Rz1aj2sQFLAh45DxHQ,IfcMechanicalFastener,Bolt assembly,UNSPECIFIED,ID041c36fd-064b-42d9-a3d5-2ab10537b45a,HOLE,16
0uOjIUcZ9FYBS$jWqKZAad,IfcMechanicalFastener,Bolt assembly,UNSPECIFIED,ID3862d49e-9a32-4f88-b73f-b60d148ca927,HOLE,16
0C2b4XgOD7j8IlXVauBiFc,IfcMechanicalFastener,Bolt assembly,UNSPECIFIED,ID0c0a5121-a983-47b4-84af-85f9382ec3e6,HOLE,16
3sFxMxtSnEJQ3FE_VIDWDx,IfcMechanicalFastener,Bolt assembly,UNSPECIFIED,IDf63fb5bb-ddcc-4e4d-a0cf-3be7d236037b,HOLE,16
2ZZnYYtrf4PAMxAudn7wCy,IfcMechanicalFastener,Bolt assembly,UNSPECIFIED,IDa38f18a2-df5a-4464-a5bb-2b89f11fa33c,HOLE,16
2pcCPkUZj309hV$5M0kT6$,IfcMechanicalFastener,Bolt assembly,UNSPECIFIED,IDb398c66e-7a3b-4300-9adf-fc5580b9d1bf,8.8_Gav,16
0uBU2tuRDC99SbRSWQfMDj,IfcMechanicalFastener,Bolt assembly,UNSPECIFIED,ID382de0b7-e1b3-4c24-9725-6dc81aa5636d,8.8_Gav,16
2pZJVzX1P4UfT_LXFXZJcb,IfcMechanicalFastener,Bolt assembly,UNSPECIFIED,IDb38d37fd-8416-447a-977e-5613e18d39a5,HOLE,16
1$ELG9WaT3EQ5AQbaR9s1I,IfcMechanicalFastener,Bolt assembly,UNSPECIFIED,ID7f395409-8247-4339-a14a-6a591b276052,HOLE,16
36qOE0ldjBfu97CP89DMCv,IfcMechanicalFastener,Bolt assembly,UNSPECIFIED,IDc6d18380-be7b-4ba7-8247-319209356339,HOLE,16
3yrmaJzrT2ZP8PFG7r5uod,IfcMechanicalFastener,Bolt assembly,UNSPECIFIED,IDfcd70913-f757-428d-9219-3d01f5178ca7,HOLE,16
2Gh0v401D3twh5MfppdtOh,IfcMechanicalFastener,Bolt assembly,UNSPECIFIED,ID90ac0e44-0013-43df-aac5-5a9cf39f762b,HOLE,16
0f6NRHE2HCt9pTu4XpepZ1,IfcMechanicalFastener,Bolt assembly,UNSPECIFIED,ID291976d1-3824-4cdc-9cdd-e04873a338c1,HOLE,16
2nDjRqGgP4OAegxGYNVEdP,IfcMechanicalFastener,Bolt assembly,UNSPECIFIED,IDb136d6f4-42a6-4460-aa2a-ed08977ce9d9,HOLE,16
3ihQYKF_5C$9gRz_BEmAWZ,IfcMechanicalFastener,Bolt assembly,UNSPECIFIED,IDecada894-3fe1-4cfc-9a9b-f7e2cec0a823,8.8_Gav,16
192vBTPl1Bouly0AbgGgUZ,IfcMechanicalFastener,Bolt assembly,UNSPECIFIED,ID490b92dd-66f0-4bcb-8bfc-00a96a42a7a3,8.8_Gav,16
2Zl1znfXnEZ8nvgOI3M4DS,IfcMechanicalFastener,Bolt assembly,UNSPECIFIED,IDa3bc1f71-a61c-4e8c-8c79-a9848358435c,HOLE,16
1Tl3cTiDjBhwZyjqVncx7p,IfcMechanicalFastener,Bolt assembly,UNSPECIFIED,ID5dbc399d-b0db-4baf-a8fc-b747f19bb1f3,HOLE,16
28ZIQFAl97zwrulJQcNII7,IfcMechanicalFastener,Bolt assembly,UNSPECIFIED,ID888d268f-2af2-47f7-ad78-bd36a65d2487,HOLE,16
0yEjG6O8PAXQIdO7ABCgdd,IfcMechanicalFastener,Bolt assembly,UNSPECIFIED,ID3c3ad406-6086-4a85-a4a7-60728b32a9e7,HOLE,16
1vOYDxcC98ZvUPAFjhmEAF,IfcMechanicalFastener,Bolt assembly,UNSPECIFIED,ID7962237b-98c2-488f-9799-28fb6bc0e28f,HOLE,16
0FP52vxjf0jRzuhh1vBcK1,IfcMechanicalFastener,Bolt assembly,UNSPECIFIED,ID0f6450b9-eeda-40b5-bf78-aeb0792e6501,HOLE,16
3F9pUcqlrD6wsWcBQSXwsb,IfcMechanicalFastener,Bolt assembly,UNSPECIFIED,IDcf2737a6-d2fd-4d1b-ada0-98b69c87ada5,HOLE,16
30RpIOFmH3jxzam59uFxPa,IfcMechanicalFastener,Bolt assembly,UNSPECIFIED,IDc06f3498-3f04-43b7-bf64-c052783fb664,8.8_Gav,16
2W2drY6f962A8kVgwXwjPT,IfcMechanicalFastener,Bolt assembly,UNSPECIFIED,IDa00a7d62-1a92-4608-a22e-7eaea1ead65d,8.8_Gav,16
0hdQeFr8f5a9hfir$U0$Q3,IfcMechanicalFastener,Bolt assembly,UNSPECIFIED,ID2b9daa0f-d48a-4590-9ae9-b35fde03f683,HOLE,16
1A8VmZwPnFNuI51aiwOM83,IfcMechanicalFastener,Bolt assembly,UNSPECIFIED,ID4a21fc23-e99c-4f5f-8485-064b3a616203,HOLE,16
2e1ptIhW5FuOqup15Jz8S1,IfcMechanicalFastener,Bolt assembly,UNSPECIFIED,IDa8073dd2-ae01-4fe1-8d38-cc1153f48701,HOLE,16
1tA1zRnz533vcp09oy9BEv,IfcMechanicalFastener,Bolt assembly,UNSPECIFIED,ID77281f5b-c7d1-430f-99b3-009cbc24b3b9,HOLE,16
3kfbQMxSXB8969eaWp5TAV,IfcMechanicalFastener,Bolt assembly,UNSPECIFIED,IDeea65696-edc8-4b20-9189-a2483315d29f,HOLE,16
3HmMKpDPDCvOC$fzNRJ9LL,IfcMechanicalFastener,Bolt assembly,UNSPECIFIED,IDd1c16533-3593-4ce5-833f-a7d5db4c9555,HOLE,16
2wjC7Hk5j1cfXx5KW5Hcgt,IfcMechanicalFastener,Bolt assembly,UNSPECIFIED,IDbab4c1d1-b85b-419a-987b-154805466ab7,HOLE,16
1IJNDn1or5UB2_xqGCVaaT,IfcMechanicalFastener,Bolt assembly,UNSPECIFIED,ID524d7371-072d-4578-b0be-ef440c7e491d,8.8_Gav,16
1h1NwjeE58ngf3SB4OI9XF,IfcMechanicalFastener,Bolt assembly,UNSPECIFIED,ID6b057ead-a0e1-48c6-aa43-70b11848984f,8.8_Gav,16
3_zjm42S57ngpFoWxGyB$a,IfcMechanicalFastener,Bolt assembly,UNSPECIFIED,IDfef6dc04-09c1-47c6-accf-ca0ed0f0bfe4,HOLE,16
17ptzszrbDTPi8T1cyVD7b,IfcMechanicalFastener,Bolt assembly,UNSPECIFIED,ID47cf7f76-f759-4d75-9b08-7419bc7cd1e5,HOLE,16
2bI_KBJ4H4BfR2aMRLv3ZS,IfcMechanicalFastener,Bolt assembly,UNSPECIFIED,IDa54be50b-4c44-442e-96c2-9166d5e438dc,HOLE,16
2twPD5FYr7_xE$KsxrS45i,IfcMechanicalFastener,Bolt assembly,UNSPECIFIED,IDb7e99345-3e2d-47fb-b3bf-536ef570416c,HOLE,16
0ehacrhjz4DvrRGuLEDlC7,IfcMechanicalFastener,Bolt assembly,UNSPECIFIED,ID28ae49b5-aedf-4437-9d5b-43854e36f307,HOLE,16
0D7GaE2GbDgvNM3vZ7ZLov,IfcMechanicalFastener,Bolt assembly,UNSPECIFIED,ID0d1d090e-0909-4dab-95d6-0f98c78d5cb9,HOLE,16
1EkaoFoQv7w8MgGc1HXyWs,IfcMechanicalFastener,Bolt assembly,UNSPECIFIED,ID4eba4c8f-c9ae-47e8-85aa-42605187c836,HOLE,16
1hlATRxdD8bu__bSscvx3B,IfcMechanicalFastener,Bolt assembly,UNSPECIFIED,ID6bbca75b-ee73-4897-8fbe-95cda6e7b0cb,8.8_Gav,16
0j96lPWI5Ct9_fs3v$YwX$,IfcMechanicalFastener,Bolt assembly,UNSPECIFIED,ID2d246bd9-8121-4cdc-9fa9-d83e7f8ba87f,8.8_Gav,16
3gvsXMk8L3luWMQwYs03D7,IfcMechanicalFastener,Bolt assembly,UNSPECIFIED,IDeae76856-b885-43bf-8816-6ba8b6003347,HOLE,16
39k5p_u5f8Leva_La3fqIn,IfcMechanicalFastener,Bolt assembly,UNSPECIFIED,IDc9b85cfe-e05a-4856-8e64-f95903a744b1,HOLE,16
2rQLA5v9z1kgUhhKMaMqVP,IfcMechanicalFastener,Bolt assembly,UNSPECIFIED,IDb5695285-e49f-41ba-a7ab-ad45a45b47d9,HOLE,16
3oRh3XEUP8phB9CzGuU9Cy,IfcMechanicalFastener,Bolt assembly,UNSPECIFIED,IDf26eb0e1-39e6-48ce-b2c9-33d43878933c,HOLE,16
2QqNs98cT5$fe9hK39TmEl,IfcMechanicalFastener,Bolt assembly,UNSPECIFIED,ID9ad17d89-2267-45fe-9a09-ad40c97703af,HOLE,16
2dpbf3cIn7KuYdQXwVBS9J,IfcMechanicalFastener,Bolt assembly,UNSPECIFIED,IDa7ce5a43-992c-4753-88a7-6a1e9f2dc253,HOLE,16
33Jvttb6r8FvNGtEw16o85,IfcMechanicalFastener,Bolt assembly,UNSPECIFIED,IDc34f9df7-946d-483f-95d0-dcee811b2205,HOLE,16
1z_yifMojFdO$Ynho_0FoS,IfcMechanicalFastener,Bolt assembly,UNSPECIFIED,ID7dfbcb29-5b2b-4f9d-8fe2-c6bcbe00fc9c,8.8_Gav,16
3Sv1fpAW55D88Ggh$l05Ff,IfcMechanicalFastener,Bolt assembly,UNSPECIFIED,IDdce41a73-2a01-4534-8210-aabfef0053e9,8.8_Gav,16
0MR2581A9ED9j6I19thqEd,IfcMechanicalFastener,Bolt assembly,UNSPECIFIED,ID166c2148-04a2-4e34-9b46-481277af43a7,HOLE,16
3b9MSdZKL2N9BUyLtiLxM3,IfcMechanicalFastener,Bolt assembly,UNSPECIFIED,IDe5256727-8d45-425c-92de-f15dec57b583,HOLE,16
2dxGY1bjD69ehnuE6xTTng,IfcMechanicalFastener,Bolt assembly,UNSPECIFIED,IDa7ed0881-96d3-4626-8af1-e0e1bb75dc6a,HOLE,16
3pZuTj6t50v9O3xlKbugXw,IfcMechanicalFastener,Bolt assembly,UNSPECIFIED,IDf38f876d-1b71-40e4-9603-eef525e2a87a,HOLE,16
0ZqaCVrob5Sxk$o8Cz0cPG,IfcMechanicalFastener,Bolt assembly,UNSPECIFIED,ID23d2431f-d729-4573-bbbf-c8833d026650,HOLE,16
0howURV9rEXO03rmAHJ0zW,IfcMechanicalFastener,Bolt assembly,UNSPECIFIED,ID2bcba79b-7c9d-4e85-8003-d702914c0f60,HOLE,16
2s33f0YiTBzh4DIkv6E1Mv,IfcMechanicalFastener,Bolt assembly,UNSPECIFIED,IDb60c3a40-8ac7-4bf6-b10d-4aee463815b9,HOLE,16
0_8YEuaTf5zODP8uu8ZH2O,IfcMechanicalFastener,Bolt assembly,UNSPECIFIED,ID3e2223b8-91da-45f5-8359-238e088d1098,8.8_Gav,16
118mrODUX6vwgQYWw$mkxf,IfcMechanicalFastener,Bolt assembly,UNSPECIFIED,ID41230d58-35e8-46e7-aa9a-8a0ebfc2eee9,8.8_Gav,16
2ql6NRXGT0uP_4B$rV8daQ,IfcMechanicalFastener,Bolt assembly,UNSPECIFIED,IDb4bc65db-8507-40e1-9f84-2ffd5f22791a,HOLE,16
3ECTAjY9fAMuaZND2hhDx8,IfcMechanicalFastener,Bolt assembly,UNSPECIFIED,IDce31d2ad-889a-4a5b-8923-5cd0abacdec8,HOLE,16
312GeWacP8R8aoIcizytm$,IfcMechanicalFastener,Bolt assembly,UNSPECIFIED,IDc1090a20-9266-486c-8932-4a6b3df37c3f,HOLE,16
2j5GkYuCH2Yu18glx56VkX,IfcMechanicalFastener,Bolt assembly,UNSPECIFIED,IDad150ba2-e0c4-428b-8048-aafec519fba1,HOLE,16
2M6KMNv95AQAriNatSEvOp,IfcMechanicalFastener,Bolt assembly,UNSPECIFIED,ID96194597-e491-4a68-ad6c-5e4ddc3b9633,HOLE,16
1_ZMGxj8b0UPjr770gM5Fr,IfcMechanicalFastener,Bolt assembly,UNSPECIFIED,ID7e8d643b-b489-4079-9b75-1c702a5853f5,HOLE,16
0IlU_u6Q1B7ft_4H304AEf,IfcMechanicalFastener,Bolt assembly,UNSPECIFIED,ID12bdefb8-19a0-4b1e-9dfe-1110c010a3a9,HOLE,16
01jRcRAvDBxADnBHyI_T75,IfcMechanicalFastener,Bolt assembly,UNSPECIFIED,ID01b5b99b-2b93-4bec-a371-2d1f12f9d1c5,8.8_Gav,16
3rVSWNHdD2ixyKE1xHKKS0,IfcMechanicalFastener,Bolt assembly,UNSPECIFIED,IDf57dc817-4673-42b3-bf14-381ed1514700,8.8_Gav,16
3fi1rU$jD6aeDpjd1wWAqV,IfcMechanicalFastener,Bolt assembly,UNSPECIFIED,IDe9b01d5e-fed3-4692-8373-b6707a80ad1f,HOLE,16
1Ma3humy10qPJZicW7LTb4,IfcMechanicalFastener,Bolt assembly,UNSPECIFIED,ID56903af8-c3c0-40d1-94e3-b2680755d944,HOLE,16
06JCQlgFL9xRwy3XNaGY2q,IfcMechanicalFastener,Bolt assembly,UNSPECIFIED,ID064cc6af-a8f5-49ed-bebc-0e15e44220b4,HOLE,16
2011947DPBMRnbN8ZbVqK5,IfcMechanicalFastener,Bolt assembly,UNSPECIFIED,ID80041244-1cd6-4b59-bc65-5c88e57f4505,HOLE,16
3rZ8oCGuz3zfpl1_s6WS2p,IfcMechanicalFastener,Bolt assembly,UNSPECIFIED,IDf58c8c8c-438f-43f6-9cef-07ed8681c0b3,HOLE,16
1UesJI$ibAgfkkzQfuyo9n,IfcMechanicalFastener,Bolt assembly,UNSPECIFIED,ID5ea364d2-fec9-4aaa-9bae-f5aa78f32271,HOLE,16
2XQiz_H$P1pA2UGHfTY2Ww,IfcMechanicalFastener,Bolt assembly,UNSPECIFIED,IDa16acf7e-47f6-41cc-a09e-411a5d88283a,HOLE,16
0OZhJMd6XFdQCq$EpFv5oG,IfcMechanicalFastener,Bolt assembly,UNSPECIFIED,ID188eb4d6-9c68-4f9d-a334-fceccfe45c90,8.8_Gav,16
0EXZ$9B7b4hffV6GACIhiD,IfcMechanicalFastener,Bolt assembly,UNSPECIFIED,ID0e863fc9-2c79-44ae-9a5f-19028c4abb0d,8.8_Gav,16
0GpH$HDJD50wEVOG88g8MV,IfcMechanicalFastener,Bolt assembly,UNSPECIFIED,ID10cd1fd1-3533-4503-a39f-610208a8859f,HOLE,16
3f7tEC7Tj5mAVXuZ95p5l4,IfcMechanicalFastener,Bolt assembly,UNSPECIFIED,IDe91f738c-1ddb-45c0-a7e1-e23245cc5bc4,HOLE,16
1uls4F3LP8OB4mSZJ7iFIW,IfcMechanicalFastener,Bolt assembly,UNSPECIFIED,ID78bf610f-0d56-4860-b130-7234c7b0f4a0,HOLE,16
21d83yyE54rgNpzWDHsO6G,IfcMechanicalFastener,Bolt assembly,UNSPECIFIED,ID819c80fc-f0e1-44d6-a5f3-f60351d98190,HOLE,16
3kJ2H3fY98fRfWJD6oOOph,IfcMechanicalFastener,Bolt assembly,UNSPECIFIED,IDee4c2443-a622-48a5-ba60-4cd1b2618ceb,HOLE,16
1XaYxY39f3Hh3NhE_ZcIX3,IfcMechanicalFastener,Bolt assembly,UNSPECIFIED,ID61922ee2-0c9a-4346-b0d7-acefa3992843,HOLE,16
06FkvhrbTENwJVP8s6pSHF,IfcMechanicalFastener,Bolt assembly,UNSPECIFIED,ID063eee6b-d657-4e5f-a4df-648d86cdc44f,HOLE,16
0NCS6La$zDwPJUFxXEAIRd,IfcMechanicalFastener,Bolt assembly,UNSPECIFIED,ID1731c195-93ff-4de9-94de-3fb84e2926e7,8.8_Gav,16
1olzpQo$TD18ojS$oMrNMy,IfcMechanicalFastener,Bolt assembly,UNSPECIFIED,ID72bfdcda-cbf7-4d04-8cad-73fc96d575bc,8.8_Gav,16
1g_5ubbnP9MuNkt5$nQZ$P,IfcMechanicalFastener,Bolt assembly,UNSPECIFIED,ID6af85e25-9716-495b-85ee-dc5ff16a3fd9,HOLE,16
2uWHWqBuP14O7jUaRNAmDy,IfcMechanicalFastener,Bolt assembly,UNSPECIFIED,IDb8811834-2f86-4111-81ed-7a46d72b037c,HOLE,16
2ACONwkAzALQSbRijJW3E2,IfcMechanicalFastener,Bolt assembly,UNSPECIFIED,ID8a3185fa-b8af-4a55-a725-6ecb53803382,HOLE,16
2GELT_xjTCTejfUM2USBlF,IfcMechanicalFastener,Bolt assembly,UNSPECIFIED,ID9039577e-eed7-4c76-8b69-79609e70bbcf,HOLE,16
1ZAAOSVxb95Rc8hVgfVGTE,IfcMechanicalFastener,Bolt assembly,UNSPECIFIED,ID6328a61c-7fb9-4915-b988-adfaa97d074e,HOLE,16
2jfRJBcXrDER3i4eVToOPT,IfcMechanicalFastener,Bolt assembly,UNSPECIFIED,IDada5b4cb-9a1d-4d39-b0ec-1287ddc9865d,HOLE,16
2tV0Fm2Sf4lwDX4fv91_nM,IfcMechanicalFastener,Bolt assembly,UNSPECIFIED,IDb77c03f0-09ca-44bf-a361-129e4907ec56,HOLE,16
03vzU7fqn7Rvy2h9_N5CAb,IfcMechanicalFastener,Bolt assembly,UNSPECIFIED,ID03e7d787-a74c-476f-9f02-ac9f9714c2a5,8.8_Gav,16
2NNjfYGbv2CuYeskee12RJ,IfcMechanicalFastener,Bolt assembly,UNSPECIFIED,ID975eda62-425e-4233-88a8-daea280426d3,8.8_Gav,16
2dy77WKATBjezNvzcbKUgZ,IfcMechanicalFastener,Bolt assembly,UNSPECIFIED,IDa7f071e0-50a7-4bb6-8f57-e7d9a551eaa3,HOLE,16
0uAMWtwkb2MwPq7PXm_y3j,IfcMechanicalFastener,Bolt assembly,UNSPECIFIED,ID38296837-eae9-425b-a674-1d9870fbc0ed,HOLE,16
246RkjyuT8i8K27y9JXONn,IfcMechanicalFastener,Bolt assembly,UNSPECIFIED,ID8419bbad-f387-48b0-8502-1fc2538585f1,HOLE,16
0W$AIBDYf3JuH1EpEVrhCj,IfcMechanicalFastener,Bolt assembly,UNSPECIFIED,ID20fca48b-362a-434f-8441-3b339fd6b32d,HOLE,16
3w3CdIp8bEFgfa2hXNLrDy,IfcMechanicalFastener,Bolt assembly,UNSPECIFIED,IDfa0cc9d2-cc89-4e3e-aa64-0ab85757537c,HOLE,16
08Ce2KfkT9wvX7utKKlGhS,IfcMechanicalFastener,Bolt assembly,UNSPECIFIED,ID08328094-a6e7-49eb-9847-e37514bd0adc,HOLE,16
3R0bkALtX2I8pp$gfCoxPB,IfcMechanicalFastener,Bolt assembly,UNSPECIFIED,IDdb025b8a-5778-4248-8cf3-feaa4ccbb64b,HOLE,16
0fSaOGeLjDnOURaHloS1Wy,IfcMechanicalFastener,Bolt assembly,UNSPECIFIED,ID29724610-a15b-4dc5-879b-911bf270183c,8.8_Gav,16
0OLk7Z0wbDDQf3F8OhJqLe,IfcMechanicalFastener,Bolt assembly,UNSPECIFIED,ID1856e1e3-03a9-4d35-aa43-3c862b4f4568,8.8_Gav,16
3$qGBBrZ53TRrGUOpGePnn,IfcMechanicalFastener,Bolt assembly,UNSPECIFIED,IDffd102cb-d631-4375-bd50-798cd0a19c71,HOLE,16
3jvTbu0br7CA_lhzqFVI$Q,IfcMechanicalFastener,Bolt assembly,UNSPECIFIED,IDede5d978-025d-4730-afaf-afdd0f7d2fda,HOLE,16
18SEJOyS97GBB9g1msbF5s,IfcMechanicalFastener,Bolt assembly,UNSPECIFIED,ID4870e4d8-f1c2-4740-b2c9-a81c3694f176,HOLE,16
0CjvO5cu99XRnoSd808pu5,IfcMechanicalFastener,Bolt assembly,UNSPECIFIED,ID0cb79605-9b82-4985-bc72-727200233e05,HOLE,16
28xYgcLTP9sxUHo1zYmRNh,IfcMechanicalFastener,Bolt assembly,UNSPECIFIED,ID88ee2aa6-55d6-49db-b791-c81f62c1b5eb,HOLE,16
25Hb3mkGj20vt9Usbsmxkl,IfcMechanicalFastener,Bolt assembly,UNSPECIFIED,ID854650f0-b90b-4203-9dc9-7b6976c3bbaf,HOLE,16
3qARVcphjCMAFKqqFEKD6m,IfcMechanicalFastener,Bolt assembly,UNSPECIFIED,IDf429b7e6-cebb-4c58-a3d4-d343ce50d1b0,HOLE,16
2sc0Oct3HCJ9JvaAXpWNAA,IfcMechanicalFastener,Bolt assembly,UNSPECIFIED,IDb6980626-dc34-4c4c-94f9-90a87381728a,8.8_Gav,16
2VtbqxCmH6vRKBtD4vzoQL,IfcMechanicalFastener,Bolt assembly,UNSPECIFIED,ID9fde5d3b-3304-46e5-b50b-dcd139f72695,8.8_Gav,16
23N88bQ4H8kP0r$iFAkCiB,IfcMechanicalFastener,Bolt assembly,UNSPECIFIED,ID835c8225-6844-48b9-9035-fec3cab8cb0b,HOLE,16
3XiNPdatX2CwxIbxygRp0J,IfcMechanicalFastener,Bolt assembly,UNSPECIFIED,IDe1b17667-9378-4233-aed2-97bf2a6f3013,HOLE,16
3wNR$q6evDEvQ9a5BG_0NH,IfcMechanicalFastener,Bolt assembly,UNSPECIFIED,IDfa5dbff4-1a8e-4d3b-9689-9052d0f805d1,HOLE,16
00sktfDlnECuM0$b$63H7U,IfcMechanicalFastener,Bolt assembly,UNSPECIFIED,ID00daede9-36fc-4e33-8580-fe5fc60d11de,HOLE,16
1dUr_kCAP8rfzwEiPCevO5,IfcMechanicalFastener,Bolt assembly,UNSPECIFIED,ID677b5fae-30a6-48d6-9f7a-3ac64ca39605,HOLE,16
0AemqPeTD6EATENCnlBHqs,IfcMechanicalFastener,Bolt assembly,UNSPECIFIED,ID0aa30d19-a1d3-4638-a74e-5ccc6f2d1d36,HOLE,16
3aDP5_ZgLBeujQ9SozATkD,IfcMechanicalFastener,Bolt assembly,UNSPECIFIED,IDe435917e-8ea5-4ba3-8b5a-25ccbd29db8d,HOLE,16
3WWme8Dqf16usgtiTHAd8x,IfcMechanicalFastener,Bolt assembly,UNSPECIFIED,IDe0830a08-374a-411b-8daa-dec7512a723b,8.8_Gav,16
282j$VsAH0ThPCUBbYeOfL,IfcMechanicalFastener,Bolt assembly,UNSPECIFIED,ID880adfdf-d8a4-4076-b64c-78b962a18a55,8.8_Gav,16
30Imp72Mn2wOQ8mCyyTdk5,IfcMechanicalFastener,Bolt assembly,UNSPECIFIED,IDc04b0cc7-096c-42e9-8688-c0cf3c767b85,HOLE,16
0tap2vRKz3kPZFrPjiBfB4,IfcMechanicalFastener,Bolt assembly,UNSPECIFIED,ID379330b9-6d4f-43b9-98cf-d59b6c2e92c4,HOLE,16
3oxXkPyC1FvuE_fH$oRxFt,IfcMechanicalFastener,Bolt assembly,UNSPECIFIED,IDf2ee1b99-f0c0-4fe7-83be-a51ff26fb3f7,HOLE,16
2zyq0eDT15rg4AIkqhIa5K,IfcMechanicalFastener,Bolt assembly,UNSPECIFIED,IDbdf34028-35d0-45d6-a10a-4aed2b4a4154,HOLE,16
0yo2yUtSXDqhWgtD$qvROH,IfcMechanicalFastener,Bolt assembly,UNSPECIFIED,ID3cc82f1e-ddc8-4dd2-b82a-dcdff4e5b611,HOLE,16
1JmuWKXsnDJ8gemPDBsh0V,IfcMechanicalFastener,Bolt assembly,UNSPECIFIED,ID53c38814-876c-4d4c-8aa8-c1934bdab01f,HOLE,16
1alrtfkfz28hL$DIKg_faX,IfcMechanicalFastener,Bolt assembly,UNSPECIFIED,ID64bf5de9-ba9f-4222-b57f-35252afa9921,HOLE,16
1qjoKEPaL7_fvRXKAZ1$Im,IfcMechanicalFastener,Bolt assembly,UNSPECIFIED,ID74b7250e-6645-47fa-9e5b-8542a307f4b0,8.8_Gav,16
3AcmCYBCT0KQMeuQKg9aSp,IfcMechanicalFastener,Bolt assembly,UNSPECIFIED,IDca9b0322-2cc7-4051-a5a8-e1a52a264733,8.8_Gav,16
3Vor2s6Dr8DRj4b_E8E3mZ,IfcMechanicalFastener,Bolt assembly,UNSPECIFIED,IDdfcb50b6-18dd-4835-bb44-97e388383c23,HOLE,16
2hZzy28mH7vgfBZv$y5CBD,IfcMechanicalFastener,Bolt assembly,UNSPECIFIED,IDab8fdf02-2304-47e6-aa4b-8f9ffc14c2cd,HOLE,16
35CkXlVzLE0w$hRYm4ztFG,IfcMechanicalFastener,Bolt assembly,UNSPECIFIED,IDc532e86f-7fd5-4e03-afeb-6e2c04f773d0,HOLE,16
2qBZZAZDX7OguiK28rpDkS,IfcMechanicalFastener,Bolt assembly,UNSPECIFIED,IDb42e38ca-8cd8-4762-ae2c-502235ccdb9c,HOLE,16
2KQeCiyFf20RKNiLkNKWqW,IfcMechanicalFastener,Bolt assembly,UNSPECIFIED,ID946a832c-f0fa-4201-b517-b15b97520d20,HOLE,16
2JwnsdxQH50B8lHSXrqxR_,IfcMechanicalFastener,Bolt assembly,UNSPECIFIED,ID93eb1da7-eda4-4500-b22f-45c875d3b6fe,HOLE,16
1tWPVUXkfC3OrHo$GYkez9,IfcMechanicalFastener,Bolt assembly,UNSPECIFIED,ID778197de-86ea-4c0d-8d51-cbf422ba8f49,HOLE,16
2LnNzaQAj0KuoKppaF3Hjy,IfcMechanicalFastener,Bolt assembly,UNSPECIFIED,ID95c57f64-68ab-4053-8c94-cf390f0d1b7c,8.8_Gav,16
0WUOKuNS96bfrvbktohMyM,IfcMechanicalFastener,Bolt assembly,UNSPECIFIED,ID20798538-5dc2-4696-9d79-96edf2ad6f16,8.8_Gav,16
1ZAeYE5cr80PiQplQGyrzq,IfcMechanicalFastener,Bolt assembly,UNSPECIFIED,ID632a888e-166d-4801-9b1a-cef690f35f74,HOLE,16
1piz0yeiDD3OTsHGMHQj3g,IfcMechanicalFastener,Bolt assembly,UNSPECIFIED,ID73b3d03c-a2c3-4d0d-8776-4505916ad0ea,HOLE,16
2Z2hDN8tL9UP3MiNCNz2yg,IfcMechanicalFastener,Bolt assembly,UNSPECIFIED,IDa30ab357-2375-4979-90d6-b17317f42f2a,HOLE,16
12EKjDuanETRrdhJA4_LbV,IfcMechanicalFastener,Bolt assembly,UNSPECIFIED,ID42394b4d-e24c-4e75-bd67-ad3284f9595f,HOLE,16
0PBd36XRH0hg6rg0$kpQ93,IfcMechanicalFastener,Bolt assembly,UNSPECIFIED,ID192e70c6-85b4-40ae-a1b5-a80feecda243,HOLE,16
2FVmhcLSH6QgiV1w81g1yJ,IfcMechanicalFastener,Bolt assembly,UNSPECIFIED,ID8f7f0ae6-55c4-466a-ab1f-07a201a81f13,HOLE,16
29VuGPc_r4zv6mscD3LWIQ,IfcMechanicalFastener,Bolt assembly,UNSPECIFIED,ID897f8419-9bed-44f7-91b0-da634356049a,HOLE,16
29qt0lnofBGgjQBpMQvnID,IfcMechanicalFastener,Bolt assembly,UNSPECIFIED,ID89d3702f-c72a-4b42-ab5a-2f359ae7148d,8.8_Gav,16
1_GB8WCYnBF8LN0Vw60MIp,IfcMechanicalFastener,Bolt assembly,UNSPECIFIED,ID7e40b220-322c-4b3c-8557-01fe860164b3,8.8_Gav,16
2m7bQUm9j5uALIo7u3ku8D,IfcMechanicalFastener,Bolt assembly,UNSPECIFIED,IDb01e569e-c09b-45e0-a552-c87e03bb820d,8.8_Gav,16
3xA_IjJnLDwwETEyulhpTx,IfcMechanicalFastener,Bolt assembly,UNSPECIFIED,IDfb2be4ad-4f15-4deb-a39d-3bce2faf377b,8.8_Gav,16
17KTdFnEHDRhAYeyf0jUVO,IfcMechanicalFastener,Bolt assembly,UNSPECIFIED,ID4751d9cf-c4e4-4d6e-b2a2-a3ca40b5e7d8,HOLE,16
1QWysXMSv43RPpgcaMGy_v,IfcMechanicalFastener,Bolt assembly,UNSPECIFIED,ID5a83cda1-59ce-440d-b673-aa691643cfb9,HOLE,16
0hMfS0pO5BKQRFtD_$xCsz,IfcMechanicalFastener,Bolt assembly,UNSPECIFIED,ID2b5a9700-cd81-4b51-a6cf-dcdfbfeccdbd,HOLE,16
02kN7KjwnAzwEOdWaCXLc4,IfcMechanicalFastener,Bolt assembly,UNSPECIFIED,ID02b971d4-b7ac-4af7-a398-9e090c855984,HOLE,16
318KXYMqLBzg2ozy55oVCt,IfcMechanicalFastener,Bolt assembly,UNSPECIFIED,IDc1214862-5b45-4bf6-a0b2-f7c145c9f337,HOLE,16
1L$HvcLG52SwzWdp4Ps51N,IfcMechanicalFastener,Bolt assembly,UNSPECIFIED,ID55fd1e66-5501-4273-af60-9f3119d85057,8.8XOX,16
0mRWR6l_HBahxkZQuJZP9r,IfcMechanicalFastener,Bolt assembly,UNSPECIFIED,ID306e06c6-bfe4-4b92-beee-8dae138d9275,8.8XOX,16
33LZUlvtHCDRiVStpwmwbT,IfcMechanicalFastener,Bolt assembly,UNSPECIFIED,IDc35637af-e774-4c35-bb1f-737cfac3a95d,8.8XOX,16
3Evvn2zqfBGgnoMdyT5M7x,IfcMechanicalFastener,Bolt assembly,UNSPECIFIED,IDcee79c42-f74a-4b42-ac72-5a7f1d1561fb,8.8XOX,16
32n_zOLg56b8N1rHuvf3Z0,IfcMechanicalFastener,Bolt assembly,UNSPECIFIED,IDc2c7ef58-56a1-4694-85c1-d51e39a438c0,8.8XOX,16
2fXACa7Tr2b9usKP1T0CaM,IfcMechanicalFastener,Bolt assembly,UNSPECIFIED,IDa984a324-1ddd-4294-9e36-51905d00c916,HOLE,16
3F6EHrzzrBhOlU$tyQvt7x,IfcMechanicalFastener,Bolt assembly,UNSPECIFIED,IDcf18e475-f7dd-4bad-8bde-ff7f1ae771fb,8.8XOX,16
0d34fBohv7Zvj72eeTXWOv,IfcMechanicalFastener,Bolt assembly,UNSPECIFIED,ID270c4a4b-cabe-478f-9b47-0a8a1d860639,8.8XOX,16
0CiY7kzf97CBQBT$4uS1A9,IfcMechanicalFastener,Bolt assembly,UNSPECIFIED,ID0cb221ee-f692-4730-b68b-77f138701289,8.8XOX,16
0tR5_67Mz2uug5ijkv2AN_,IfcMechanicalFastener,Bolt assembly,UNSPECIFIED,ID376c5f86-1d6f-42e3-8a85-b2dbb908a5fe,8.8XOX,16
3n5RmZ9ArCCe9VmhLUH89k,IfcMechanicalFastener,Bolt assembly,UNSPECIFIED,IDf115bc23-24ad-4c32-825f-c2b55e44826e,8.8XOX,16
3zkpuYJCL5Uwpnu$nBMzhl,IfcMechanicalFastener,Bolt assembly,UNSPECIFIED,IDfdbb3e22-4cc5-457b-acf1-e3fc4b5bdaef,8.8XOX,16
126Hn3hDD4B9lSXSOZzWdX,IfcMechanicalFastener,Bolt assembly,UNSPECIFIED,ID42191c43-acd3-442c-9bdc-85c623f609e1,8.8_Gav,16
3atoUNgLL5mBZ40PaOS8CG,IfcMechanicalFastener,Bolt assembly,UNSPECIFIED,IDe4df2797-a955-45c0-b8c4-019918708310,8.8_Gav,16
35AQlD3CT9VfW3e1R6UScx,IfcMechanicalFastener,Bolt assembly,UNSPECIFIED,IDc529abcd-0cc7-497e-9803-a016c679c9bb,8.8_Gav,16
07JEtpH8b6vemqjoj02wBk,IfcMechanicalFastener,Bolt assembly,UNSPECIFIED,ID074cedf3-4489-46e6-8c34-b72b400ba2ee,8.8_Gav,16
0SeNBzwWn7zxnb9yd1Q5Od,IfcMechanicalFastener,Bolt assembly,UNSPECIFIED,ID1ca172fd-ea0c-47f7-bc65-27c9c1685627,8.8_Gav,16
1VvrSrt5L9FhntVLzzEkJR,IfcMechanicalFastener,Bolt assembly,UNSPECIFIED,ID5fe75735-dc55-493e-bc77-7d5f7d3ae4db,8.8_Gav,16
0H1zKGpAjFFQgIB$p6Vrv7,IfcMechanicalFastener,Bolt assembly,UNSPECIFIED,ID1107d510-ccab-4f3d-aa92-2ffcc67f5e47,8.8_Gav,16
3l4NejmyPC1fzsYvlOvbRv,IfcMechanicalFastener,Bolt assembly,UNSPECIFIED,IDef117a2d-c3c6-4c06-9f76-8b9bd8e656f9,8.8_Gav,16
29Ytr$OxrFNeI7G93m7Sum,IfcMechanicalFastener,Bolt assembly,UNSPECIFIED,ID898b7d7f-63bd-4f5e-8487-4090f01dce30,8.8_Gav,16
2TeCYzAWP5UfVDZ7dVz4b9,IfcMechanicalFastener,Bolt assembly,UNSPECIFIED,ID9da0c8bd-2a06-457a-97cd-8c79dff44949,8.8_Gav,16
1In9MB6qLDLRZCw6YDM_2e,IfcMechanicalFastener,Bolt assembly,UNSPECIFIED,ID52c4958b-1b45-4d55-b8cc-e8688d5be0a8,HOLE,16
3UDhD1RUj6khqc4xsQxcZU,IfcMechanicalFastener,Bolt assembly,UNSPECIFIED,IDde36b341-6deb-46ba-bd26-13bd9aee68de,HOLE,16
1KOYBFIEv1j9uWyaFTki7u,IfcMechanicalFastener,Bolt assembly,UNSPECIFIED,ID546222cf-48ee-41b4-9e20-f243ddbac1f8,8.8_Gav,16
0a9wAFKAjCBwwy_W1o6KBO,IfcMechanicalFastener,Bolt assembly,UNSPECIFIED,ID2427a28f-50ab-4c2f-aebc-fa00721942d8,HOLE,16
29rnAz0Lv2vutxKZoiyxqu,IfcMechanicalFastener,Bolt assembly,UNSPECIFIED,ID89d712bd-015e-42e7-8dfb-523cacf3bd38,8.8_Gav,16
2L4tZpc296OuHCtSA0nk2Q,IfcMechanicalFastener,Bolt assembly,UNSPECIFIED,ID951378f3-9822-4663-844c-ddc280c6e09a,8.8_Gav,16
2Es0Ig8o5FzwsoCd14zqju,IfcMechanicalFastener,Bolt assembly,UNSPECIFIED,ID8ed804aa-2321-4ff7-adb2-327044f74b78,HOLE,16
2vliKqwb57hgLzxssx1Xv8,IfcMechanicalFastener,Bolt assembly,UNSPECIFIED,IDb9bec534-ea51-47ae-a57d-ef6dbb061e48,HOLE,16
0QRGOkWyT98OCyji7mMudf,IfcMechanicalFastener,Bolt assembly,UNSPECIFIED,ID1a6d062e-83c7-4921-833c-b6c1f05b89e9,HOLE,16
2YRSOk7CHCCwOIu2r0bGQw,IfcMechanicalFastener,Bolt assembly,UNSPECIFIED,IDa26dc62e-1cc4-4c33-a612-e02d409506ba,HOLE,16
3HBD5TxQj5Oei94fltP042,IfcMechanicalFastener,Bolt assembly,UNSPECIFIED,IDd12cd15d-edab-4562-8b09-129bf7640102,HOLE,16
3HZWclICH43BBcU0xE$xka,IfcMechanicalFastener,Bolt assembly,UNSPECIFIED,IDd18e09af-48c4-440c-b2e6-780eceffbba4,HOLE,16
392H$bsOn8KOHw70LC2N2c,IfcMechanicalFastener,Bolt assembly,UNSPECIFIED,IDc9091fe5-d98c-4851-847a-1c054c0970a6,8.8_Gav,16
1RynLG50PDqPx6v5jCzT8g,IfcMechanicalFastener,Bolt assembly,UNSPECIFIED,ID5bf31550-1406-4dd1-9ec6-e45b4cf5d22a,HOLE,16
3qr_qnGp90yxPCEv4jBd_M,IfcMechanicalFastener,Bolt assembly,UNSPECIFIED,IDf4d7ed31-4332-40f3-b64c-3b912d2e7f96,8.8_Gav,16
3n$LG$lV57UP8vC5kuDXDy,IfcMechanicalFastener,Bolt assembly,UNSPECIFIED,IDf1fd543f-bdf1-4779-9239-305bb836137c,HOLE,16
1qwmJKy2zBeAOkfNFlGs30,IfcMechanicalFastener,Bolt assembly,UNSPECIFIED,ID74eb04d4-f02f-4ba0-a62e-a573ef4360c0,HOLE,16
3RN2yxhbDEWBcKFDrUL70T,IfcMechanicalFastener,Bolt assembly,UNSPECIFIED,IDdb5c2f3b-ae53-4e80-b994-3cdd5e54701d,HOLE,16
0yqsZR1OP5A8zKY_67ZoDo,IfcMechanicalFastener,Bolt assembly,UNSPECIFIED,ID3cd368db-0586-4528-8f54-8be1878f2372,HOLE,16
1xoyZamWHCa9ZkjLLwKoPZ,IfcMechanicalFastener,Bolt assembly,UNSPECIFIED,ID7bcbc8e4-c204-4c90-98ee-b5557a532663,HOLE,16
3oSEcvRZv8vBlCjEgOkI8v,IfcMechanicalFastener,Bolt assembly,UNSPECIFIED,IDf270e9b9-6e3e-48e4-bbcc-b4ea98b92239,HOLE,16
0fahOU9nXCb9ApAWzOXvDg,IfcMechanicalFastener,Bolt assembly,UNSPECIFIED,ID2992b61e-2718-4c94-92b3-2a0f5887936a,HOLE,16
0a3NByxh161RvT7akfihLV,IfcMechanicalFastener,Bolt assembly,UNSPECIFIED,ID240d72fc-eeb0-4605-be5d-1e4ba9b2b55f,8.8_Gav,16
2CuQlDoof3yeVdfZBu$AtJ,IfcMechanicalFastener,Bolt assembly,UNSPECIFIED,ID8ce1abcd-cb2a-43f2-87e7-a632f8fcadd3,8.8XOX,16
328pJr86n9EQLn2NwRjsSL,IfcMechanicalFastener,Bolt assembly,UNSPECIFIED,IDc22334f5-206c-4939-a571-097e9bb76715,HOLE,16
2sl8usbaD1nfXm$C$KT_oE,IfcMechanicalFastener,Bolt assembly,UNSPECIFIED,IDb6bc8e36-9643-41c6-9870-fccfd477ec8e,8.8XOX,16
1GuOVJPp58QQirvAqa9FP$,IfcMechanicalFastener,Bolt assembly,UNSPECIFIED,ID50e187d3-6731-4869-ab35-e4ad2424f67f,8.8_Gav,16
1EK3DtrTf3L9UDRAezC$lp,IfcMechanicalFastener,Bolt assembly,UNSPECIFIED,ID4e503377-d5da-4354-978d-6caa3d33fbf3,8.8_Gav,16
3GeOanXGL2CB_WSUFiAdQq,IfcMechanicalFastener,Bolt assembly,UNSPECIFIED,IDd0a18931-8505-4230-bfa0-71e3ec2a76b4,8.8_Gav,16
0p4N3NvdHDwBB0Rhzn8bes,IfcMechanicalFastener,Bolt assembly,UNSPECIFIED,ID331170d7-e674-4de8-b2c0-6ebf71225a36,8.8_Gav,16
31toUKvcT7YRv8z5QbFo2n,IfcMechanicalFastener,Bolt assembly,UNSPECIFIED,IDc1df2794-e667-4789-be48-f456a53f20b1,8.8_Gav,16
2fG18bBnzAVOXzs0i88Km4,IfcMechanicalFastener,Bolt assembly,UNSPECIFIED,IDa9401225-2f1f-4a7d-887d-d80b08214c04,8.8_Gav,16
3ABY8b2RrC9vs$7KYXQcsh,IfcMechanicalFastener,Bolt assembly,UNSPECIFIED,IDca2e2225-09bd-4c27-9dbf-1d48a16a6dab,8.8_Gav,16
1V4pZbESb99vtlpUUkn5dy,IfcMechanicalFastener,Bolt assembly,UNSPECIFIED,ID5f1338e5-39c9-4927-9def-cde7aec459fc,8.8_Gav,16
3G6v3YIOL8WwbLP5iQ87Hu,IfcMechanicalFastener,Bolt assembly,UNSPECIFIED,IDd01b90e2-4985-4883-a955-645b1a207478,8.8_Gav,16
3AIrvpSXb9Ru37bK7Vt8z$,IfcMechanicalFastener,Bolt assembly,UNSPECIFIED,IDca4b5e73-7219-496f-80c7-9541dfdc8f7f,8.8_Gav,16
2EzpcD72L9RPbBfgyCoIq1,IfcMechanicalFastener,Bolt assembly,UNSPECIFIED,ID8ef7398d-1c25-496d-994b-a6af0cc92d01,8.8_Gav,16
3szpuUbBH2dvZ0YEsZV$Ru,IfcMechanicalFastener,Bolt assembly,UNSPECIFIED,IDf6f73e1e-94b4-429f-98c0-88eda37ff6f8,8.8_Gav,16
0afSJpTJT9GfiKHCsgixJr,IfcMechanicalFastener,Bolt assembly,UNSPECIFIED,ID24a5c4f3-7537-4942-9b14-44cdaab3b4f5,8.8_Gav,16
2B6MeHtVLCEgEZEovNVS_X,IfcMechanicalFastener,Bolt assembly,UNSPECIFIED,ID8b196a11-ddf5-4c3a-a3a3-3b2e577dcfa1,8.8_Gav,16
3tjUfs$n9BdgzdfMOfxK$R,IfcMechanicalFastener,Bolt assembly,UNSPECIFIED,IDf7b5ea76-ff12-4b9e-af67-a56629ed4fdb,8.8_Gav,16
1aPD8olnX0xAUoe5IlXHKT,IfcMechanicalFastener,Bolt assembly,UNSPECIFIED,ID6464d232-bf18-40ec-a7b2-a054af85151d,8.8_Gav,16
1rASfaLATE_R0ZXtNuQjGp,IfcMechanicalFastener,Bolt assembly,UNSPECIFIED,ID7529ca64-54a7-4ef9-b023-8775f86ad433,8.8_Gav,16
35QIoZ9wHAZeFYsYq2jiUg,IfcMechanicalFastener,Bolt assembly,UNSPECIFIED,IDc5692ca3-27a4-4a8e-83e2-da2d02b6c7aa,8.8_Gav,16
0QvGywGqfAheya5dCLapEp,IfcMechanicalFastener,Bolt assembly,UNSPECIFIED,ID1ae50f3a-434a-4aae-8f24-1673159333b3,8.8_Gav,16
2$TW1oG7f9W8FOdnUS0Pua,IfcMechanicalFastener,Bolt assembly,UNSPECIFIED,IDbf760072-407a-4980-83d8-9f179c019e24,8.8_Gav,16
1ULTgRFvLBlwKbta_CY4PZ,IfcMechanicalFastener,Bolt assembly,UNSPECIFIED,ID5e55da9b-3f95-4bbf-a525-de4f8c884663,8.8_Gav,16
1cxT6z_2P5aObGvz8116JO,IfcMechanicalFastener,Bolt assembly,UNSPECIFIED,ID66edd1bd-f826-4591-8950-e7d2010464d8,8.8_Gav,16
1FSJoLc8f4pvfxR14lkqhF,IfcMechanicalFastener,Bolt assembly,UNSPECIFIED,ID4f713c95-988a-44cf-9a7b-6c112fbb4acf,8.8_Gav,16
1wWgSqhGX9$e6pqmnmXRhQ,IfcMechanicalFastener,Bolt assembly,UNSPECIFIED,ID7a82a734-ad08-49fe-81b3-d30c7085bada,8.8_Gav,16
3JDJRs9ITEcfrIIxrjq0nc,IfcMechanicalFastener,Bolt assembly,UNSPECIFIED,IDd33536f6-2527-4e9a-9d52-4bbd6dd00c66,8.8_Gav,16
0HGB1m$hLFtuzjuv4l$TUW,IfcMechanicalFastener,Bolt assembly,UNSPECIFIED,ID1140b070-feb5-4fdf-8f6d-e3912ffdd7a0,8.8_Gav,16
2RxWzSwR911grC9nAsyZZ7,IfcMechanicalFastener,Bolt assembly,UNSPECIFIED,ID9bee0f5c-e9b2-4106-ad4c-2712b6f238c7,8.8_Gav,16
258R9I4P50XvntO5LDu$gN,IfcMechanicalFastener,Bolt assembly,UNSPECIFIED,ID8521b252-1191-4087-9c77-60554de3fa97,8.8_Gav,16
3uUhhuFcX0tRGVp49aaXJG,IfcMechanicalFastener,Bolt assembly,UNSPECIFIED,IDf87abaf8-3e68-40dd-b41f-cc42649214d0,8.8_Gav,16
0G0rZ0Qin9QgATYJhLtUXd,IfcMechanicalFastener,Bolt assembly,UNSPECIFIED,ID100358c0-6acc-496a-a29d-893ad5dde867,8.8_Gav,16
1WbGQOhnLC8f7OWpkheiku,IfcMechanicalFastener,Bolt assembly,UNSPECIFIED,ID60950698-af15-4c22-91d8-833baba2cbb8,8.8_Gav,16
1d1GqoJ6D77vSP1dCREyA9,IfcMechanicalFastener,Bolt assembly,UNSPECIFIED,ID67050d32-4c63-471f-9719-06731b3bc289,8.8_Gav,16
1VV6Ax8SH3zuPOXnqk115$,IfcMechanicalFastener,Bolt assembly,UNSPECIFIED,ID5f7c62bb-21c4-43f7-8658-871d2e04117f,8.8_Gav,16
3asIEQYrj1o8lmV5mGoHgJ,IfcMechanicalFastener,Bolt assembly,UNSPECIFIED,IDe4d9239a-8b5b-41c8-8bf0-7c5c10c91a93,8.8_Gav,16
0NWBgV5gL1_8vaBzsN1_Zq,IfcMechanicalFastener,Bolt assembly,UNSPECIFIED,ID1780ba9f-16a5-41f8-8e64-2fdd9707e8f4,8.8_Gav,16
1Jzb_YytD7zuMWAsF3A1AO,IfcMechanicalFastener,Bolt assembly,UNSPECIFIED,ID53f65fa2-f373-47f7-85a0-2b63c3281298,8.8_Gav,16
395bJfQrXDQP7DhTuIF_EU,IfcMechanicalFastener,Bolt assembly,UNSPECIFIED,IDc91654e9-6b58-4d69-91cd-adde123fe39e,8.8_Gav,16
1t_Zj7omP1WfcCbdUOeSv0,IfcMechanicalFastener,Bolt assembly,UNSPECIFIED,ID77fa3b47-cb06-4182-998c-967798a1ce40,8.8_Gav,16
0fvAO2UGnFXgUQGeswlsJG,IfcMechanicalFastener,Bolt assembly,UNSPECIFIED,ID29e4a602-790c-4f86-a79a-428dbabf64d0,8.8XOX,16
3Z_DRJpFfAHQEBqfV$b3x7,IfcMechanicalFastener,Bolt assembly,UNSPECIFIED,IDe3f8d6d3-ccfa-4a45-a38b-d297ff943ec7,8.8XOX,16
2mxKt9s2523fI3RHkBr7rE,IfcMechanicalFastener,Bolt assembly,UNSPECIFIED,IDb0ed4dc9-d821-420e-9483-6d1b8bd47d4e,8.8XOX,16
3xOlFtaX18agQJ6ClQfFao,IfcMechanicalFastener,Bolt assembly,UNSPECIFIED,IDfb62f3f7-9210-4892-a693-18cbdaa4f932,8.8XOX,16
17WGgTKMnEMRKhDYKkXQwF,IfcMechanicalFastener,Bolt assembly,UNSPECIFIED,ID47810a9d-516c-4e59-b52b-36252e85ae8f,8.8XOX,16
17R7fgxrT0iwubPAUnOKVq,IfcMechanicalFastener,Bolt assembly,UNSPECIFIED,ID476c7a6a-ef57-40b3-ae25-64a7b16147f4,8.8_Gav,16
00eYPvtH96Xx5nh1SQMlvT,IfcMechanicalFastener,Bolt assembly,UNSPECIFIED,ID00a22679-dd12-4687-b171-ac171a5afe5d,8.8_Gav,16
2oqppDe19D1fSr5VkTeM1$,IfcMechanicalFastener,Bolt assembly,UNSPECIFIED,IDb2d33ccd-a012-4d06-9735-15fb9da1607f,HOLE,16
3tJGTdhNnDnvooElIOt0Ru,IfcMechanicalFastener,Bolt assembly,UNSPECIFIED,IDf74d0767-ad7c-4dc7-9cb2-3af498dc06f8,HOLE,16
03sFylryvALOCajlAXOql6,IfcMechanicalFastener,Bolt assembly,UNSPECIFIED,ID03d8ff2f-d7ce-4a55-8324-b6f2a1634bc6,8.8_Gav,16
0plXkHJR97s9OMb9FKpe4B,IfcMechanicalFastener,Bolt assembly,UNSPECIFIED,ID33be1b91-4db2-47d8-9616-9493d4ce810b,8.8_Gav,16
1ezmebxOnDsACzPEht2f23,IfcMechanicalFastener,Bolt assembly,UNSPECIFIED,ID68f70a25-ed8c-4dd8-a33d-64eaf70a9083,8.8_Gav,16
0EH6UxphfDdfqUi7uAaZhw,IfcMechanicalFastener,Bolt assembly,UNSPECIFIED,ID0e4467bb-ceba-4d9e-9d1e-b07e0a923afa,8.8XOX,16
1KphNBHVj6sv_GNsgDf_yy,IfcMechanicalFastener,Bolt assembly,UNSPECIFIED,ID54ceb5cb-45fb-46db-9f90-5f6a8da7ef3c,8.8XOX,16
1XzJS1sQHFrwVBfDkzAfrZ,IfcMechanicalFastener,Bolt assembly,UNSPECIFIED,ID61f53701-d9a4-4fd7-a7cb-a4dbbd2a9d63,HOLE,16
2wQ4BUoIz4ceC$OKHA5oKh,IfcMechanicalFastener,Bolt assembly,UNSPECIFIED,IDba6842de-c92f-449a-833f-61444a17252b,HOLE,16
2HV2VqMTbBaeY$CwnQSM2R,IfcMechanicalFastener,Bolt assembly,UNSPECIFIED,ID917c27f4-59d9-4b92-88bf-33ac5a71609b,HOLE,16
3$8wyqRSXD08uSv5VL96rV,IfcMechanicalFastener,Bolt assembly,UNSPECIFIED,IDff23af34-6dc8-4d00-8e1c-e457d5246d5f,HOLE,16
0Pr$IKkyr5lvvHplQjlRbw,IfcMechanicalFastener,Bolt assembly,UNSPECIFIED,ID19d7f494-bbcd-45bf-9e51-cef6adbdb97a,HOLE,16
0uOiuwoqn5rQcD1YCsUUby,IfcMechanicalFastener,Bolt assembly,UNSPECIFIED,ID3862ce3a-cb4c-45d5-a98d-06233679e97c,HOLE,16
1dhuQB5Lb3xOkRM1qS1bUI,IfcMechanicalFastener,Bolt assembly,UNSPECIFIED,ID67af868b-1559-43ed-8b9b-581d1c065792,8.8_Gav,16
0nZ$1Im7b5$O9PMXZU$GBB,IfcMechanicalFastener,Bolt assembly,UNSPECIFIED,ID318ff052-c079-45fd-8259-5a18defd02cb,HOLE,16
2RkOaVF39Dx9Vg5psi1wCZ,IfcMechanicalFastener,Bolt assembly,UNSPECIFIED,ID9bb9891f-3c32-4dec-97ea-173dac07a323,HOLE,16
1_KO3tuvj2xwtosy0WQK7R,IfcMechanicalFastener,Bolt assembly,UNSPECIFIED,ID7e5180f7-e39b-42ef-adf2-dbc0206941db,HOLE,16
0cK_cA1VTE3AiEYJx5qstP,IfcMechanicalFastener,Bolt assembly,UNSPECIFIED,ID2653e98a-05f7-4e0c-ab0e-893ec5d36dd9,HOLE,16
0e5IVVNRD0K9TOn4Faay$a,IfcMechanicalFastener,Bolt assembly,UNSPECIFIED,ID281527df-5db3-4050-9758-c443e493cfe4,HOLE,16
2hD6WjNen4jBaDH5szORZX,IfcMechanicalFastener,Bolt assembly,UNSPECIFIED,IDab34682d-5e8c-44b4-b90d-445dbd61b8e1,HOLE,16
1efNqO5cj4Sxu$9tybgoTw,IfcMechanicalFastener,Bolt assembly,UNSPECIFIED,ID68a57d18-166b-4473-be3f-277f25ab277a,HOLE,16
2$GZ3qmm1ENOga3SuWRPiK,IfcMechanicalFastener,Bolt assembly,UNSPECIFIED,IDbf4230f4-c300-4e5d-8aa4-0dce206d9b14,HOLE,16
0k39UWSo1EzPdzyzDBlwW0,IfcMechanicalFastener,Bolt assembly,UNSPECIFIED,ID2e0c97a0-7320-4ef5-99fd-f3d34bbfa800,HOLE,16
0V80rVvrHBlOGlZ74HnSnW,IfcMechanicalFastener,Bolt assembly,UNSPECIFIED,ID1f200d5f-e754-4bbd-842f-8c7111c5cc60,HOLE,16
021mrfcdz8SxNoYBOk13r6,IfcMechanicalFastener,Bolt assembly,UNSPECIFIED,ID02070d69-9a7f-4873-b5f2-88b62e043d46,HOLE,16
2MYS0mU1PDYumJtabg8fjt,IfcMechanicalFastener,Bolt assembly,UNSPECIFIED,ID9689c030-7816-4d8b-8c13-de496a229b77,HOLE,16
1CgbZEOzr6M9dbGdBx3HP3,IfcMechanicalFastener,Bolt assembly,UNSPECIFIED,ID4caa58ce-63dd-4658-99e5-4272fb0d1643,HOLE,16
2MzqLXDyD5jOhtA8JAUvVs,IfcMechanicalFastener,Bolt assembly,UNSPECIFIED,ID96f74561-37c3-45b5-8af7-2884ca7b97f6,8.8XOX,16
2l_J8IHuD16fbqNubJJ2Ml,IfcMechanicalFastener,Bolt assembly,UNSPECIFIED,IDaff93212-4783-411a-9974-5f89534c25af,8.8XOX,16
3SmOPoos57O9UGXBhHJo6J,IfcMechanicalFastener,Bolt assembly,UNSPECIFIED,IDdcc18672-cb61-4760-9790-84bad14f2193,8.8XOX,16
2cOgXOZez9OPqvMm6NqBFy,IfcMechanicalFastener,Bolt assembly,UNSPECIFIED,IDa662a858-8e8f-4961-9d39-5b0197d0b3fc,8.8XOX,16
1gd57FvIHD98ZHDKAyiAyI,IfcMechanicalFastener,Bolt assembly,UNSPECIFIED,ID6a9c51cf-e524-4d24-88d1-3542bcb0af12,8.8XOX,16
2Jk2Igh6n94wkHUN40PWVN,IfcMechanicalFastener,Bolt assembly,UNSPECIFIED,ID93b824aa-ac6c-4913-ab91-7971006607d7,8.8XOX,16
1kAmK9seH9LPLrfEhLpX6H,IfcMechanicalFastener,Bolt assembly,UNSPECIFIED,ID6e2b0509-da84-4955-9575-a4ead5ce1191,8.8XOX,16
03E4hoRR5CBhpixMgsb5e1,IfcMechanicalFastener,Bolt assembly,UNSPECIFIED,ID03384af2-6db1-4c2e-bcec-ed6ab6945a01,8.8XOX,16
1qtH4nBJ1DjwnhPOJWhoTV,IfcMechanicalFastener,Bolt assembly,UNSPECIFIED,ID74dd1131-2d30-4db7-ac6b-6584e0af275f,8.8XOX,16
1DZFVq$7z3pgleGcC2$X$3,IfcMechanicalFastener,Bolt assembly,UNSPECIFIED,ID4d8cf7f4-fc7f-43ce-abe8-426302fe1fc3,8.8XOX,16
1vUJeP0MDFiuauR97xLNHE,IfcMechanicalFastener,Bolt assembly,UNSPECIFIED,ID79793a19-0163-4fb3-8938-6c91fb55744e,8.8XOX,16
1Bm54MzFb4hBNm6PqNlxVZ,IfcMechanicalFastener,Bolt assembly,UNSPECIFIED,ID4bc05116-f4f9-44ac-b5f0-199d17bfb7e3,8.8XOX,16
0R2JwTKsvBYvEwzKrtd5hD,IfcMechanicalFastener,Bolt assembly,UNSPECIFIED,ID1b093e9d-536e-4b8b-93ba-f54d779c5acd,8.8XOX,16
2_ghmlZ5961AGgmWwlnsXn,IfcMechanicalFastener,Bolt assembly,UNSPECIFIED,IDbeaabc2f-8c52-4604-a42a-c20eafc76871,8.8XOX,16
0Iwtj4XGTF2x7oF12nadrx,IfcMechanicalFastener,Bolt assembly,UNSPECIFIED,ID12eb7b44-8507-4f0b-b1f2-3c10b1927d7b,8.8XOX,16
2jRXTvryD6mPn3OV1kYZM8,IfcMechanicalFastener,Bolt assembly,UNSPECIFIED,IDad6e1779-d7c3-46c1-9c43-61f06e8a3588,8.8XOX,16
3gt26SRcH7iudQ$XZF7Aiy,IfcMechanicalFastener,Bolt assembly,UNSPECIFIED,IDeadc219c-6e64-47b3-89da-fe18cf1cab3c,8.8XOX,16
0XOyWf52jFiB6iudR1NIHn,IfcMechanicalFastener,Bolt assembly,UNSPECIFIED,ID2163c829-142b-4fb0-b1ac-e276c15d2471,8.8XOX,16
3$FKC9aefBbenYMENejrbU,IfcMechanicalFastener,Bolt assembly,UNSPECIFIED,IDff3d4309-928a-4b96-8c62-58e5e8b7595e,8.8XOX,16
3prqZXa4jApgiDjTNbICd1,IfcMechanicalFastener,Bolt assembly,UNSPECIFIED,IDf3d748e1-904b-4ace-ab0d-b5d5e548c9c1,8.8XOX,16
1IPqBYwQ9E2wyrhm6g8xlk,IfcMechanicalFastener,Bolt assembly,UNSPECIFIED,ID526742e2-e9a2-4e0b-af35-af01aa23bbee,8.8XOX,16
3VNGYcDl5CEx5GMX3BRvgK,IfcMechanicalFastener,Bolt assembly,UNSPECIFIED,IDdf5d08a6-36f1-4c3b-b150-5a10cb6f9a94,8.8XOX,16
16On5dirH1xfkJNcknbdz9,IfcMechanicalFastener,Bolt assembly,UNSPECIFIED,ID46631167-b354-41ee-9b93-5e6bb1967f49,8.8XOX,16
1HWN8i3jj1Yh_ptaRngr0Q,IfcMechanicalFastener,Bolt assembly,UNSPECIFIED,ID5181722c-0edb-418a-bfb3-de46f1ab501a,8.8XOX,16
0faQ6NrGP3reP4S_Pae7pF,IfcMechanicalFastener,Bolt assembly,UNSPECIFIED,ID2991a197-d506-43d6-8644-73e664a07ccf,8.8XOX,16
288bJjfaf0suiP9R3PDvrY,IfcMechanicalFastener,Bolt assembly,UNSPECIFIED,ID882254ed-a64a-40db-8b19-25b0d9379d62,8.8XOX,16
3w29gfPRf23xENfsC8HCdq,IfcMechanicalFastener,Bolt assembly,UNSPECIFIED,IDfa089aa9-65ba-420f-b397-a7630844c9f4,8.8XOX,16
0rCak9gp1AjAlYLoL7j03u,IfcMechanicalFastener,Bolt assembly,UNSPECIFIED,ID35324b89-ab30-4ab4-abe2-572547b400f8,8.8XOX,16
2FVe3QSjD0Df2wN3Y1Jtx7,IfcMechanicalFastener,Bolt assembly,UNSPECIFIED,ID8f7e80da-72d3-4036-90ba-5c38814f7ec7,8.8XOX,16
2ubDqCO199tgyGoH1PpGVA,IfcMechanicalFastener,Bolt assembly,UNSPECIFIED,IDb894dd0c-6012-49de-af10-c91059cd07ca,8.8XOX,16
1bVLSQbhn7nx$0W96_BNbj,IfcMechanicalFastener,Bolt assembly,UNSPECIFIED,ID657d571a-96bc-47c7-bfc0-8091be2d796d,8.8XOX,16
08nm$Pgiv5AggGqUwY7IFU,IfcMechanicalFastener,Bolt assembly,UNSPECIFIED,ID08c70fd9-aace-452a-aa90-d1eea21d23de,8.8XOX,16
0xgS8Nn_rFiOziwPxljOX4,IfcMechanicalFastener,Bolt assembly,UNSPECIFIED,ID3ba9c217-c7ed-4fb1-8f6c-e99eefb58844,8.8XOX,16
2BVTTKeqD8N90TKBWz2adU,IfcMechanicalFastener,Bolt assembly,UNSPECIFIED,ID8b7dd754-a343-485c-901d-50b83d0a49de,8.8XOX,16
1iW3d3l7PBJAoKuPS17qtu,IfcMechanicalFastener,Bolt assembly,UNSPECIFIED,ID6c8039c3-bc76-4b4c-ac94-e197011f4df8,8.8XOX,16
0t2AHE0oL85P0xFOnwc38c,IfcMechanicalFastener,Bolt assembly,UNSPECIFIED,ID3708a44e-0325-4815-903b-3d8c7a983226,8.8XOX,16
0hkhy0Qv55m9ZgQU8wfgTr,IfcMechanicalFastener,Bolt assembly,UNSPECIFIED,ID2bbabf00-6b91-45c0-98ea-69e23aa6a775,8.8XOX,16
0LwLvj8AT5bvRRbU9s_LWb,IfcMechanicalFastener,Bolt assembly,UNSPECIFIED,ID15e95e6d-20a7-4597-96db-95e276f95825,8.8XOX,16
1oLdwCfXTF5wXRnitDL7UD,IfcMechanicalFastener,Bolt assembly,UNSPECIFIED,ID72567e8c-a617-4f17-a85b-c6cdcd54778d,8.8XOX,16
2Z41RxpkbAcRdi1EQHO9oD,IfcMechanicalFastener,Bolt assembly,UNSPECIFIED,IDa31016fb-cee9-4a99-b9ec-04e691609c8d,8.8XOX,16
08ApgIQAX8kBOEYJtDvy6p,IfcMechanicalFastener,Bolt assembly,UNSPECIFIED,ID082b3a92-68a8-48b8-b60e-893dcde7c1b3,8.8XOX,16
0$30Hl1o92rh5LoourCyS8,IfcMechanicalFastener,Bolt assembly,UNSPECIFIED,ID3f0c046f-0722-42d6-b155-cb2e3533c708,8.8XOX,16
0D0NMwwUPCPv5anVQl7yj_,IfcMechanicalFastener,Bolt assembly,UNSPECIFIED,ID0d0175ba-e9e6-4c67-9164-c5f6af1fcb7e,8.8XOX,16
3wmN5WobL7CRxTCXWSJQQb,IfcMechanicalFastener,Bolt assembly,UNSPECIFIED,IDfac17160-ca55-4731-bedd-32181c4da6a5,8.8XOX,16
3OZ7RHrkn5ngZukhCAOSJe,IfcMechanicalFastener,Bolt assembly,UNSPECIFIED,IDd88c76d1-d6ec-45c6-a8f8-bab30a61c4e8,8.8XOX,16
1iiD7brUv2u8YkRBNcFfr5,IfcMechanicalFastener,Bolt assembly,UNSPECIFIED,ID6cb0d1e5-d5ee-42e0-88ae-6cb5e63e9d45,8.8XOX,16
2NSPuco5P0_v8JwakJEdWK,IfcMechanicalFastener,Bolt assembly,UNSPECIFIED,ID97719e26-c856-40fb-9213-ea4b933a7814,8.8XOX,16
1uQxq0gJHCb8uBgCgwUjHn,IfcMechanicalFastener,Bolt assembly,UNSPECIFIED,ID786bbd00-a934-4c94-8e0b-a8caba7ad471,8.8XOX,16
3X3bN4b8jBhfOoKXLr9XSj,IfcMechanicalFastener,Bolt assembly,UNSPECIFIED,IDe10e55c4-948b-4bae-9632-52157526172d,8.8XOX,16
2z1AIVThTCqgFKd8XJJTKl,IfcMechanicalFastener,Bolt assembly,UNSPECIFIED,IDbd04a49f-76b7-4cd2-a3d4-9c88534dd52f,8.8XOX,16
0GGBRKk9jCEePA$U4XOpXL,IfcMechanicalFastener,Bolt assembly,UNSPECIFIED,ID1040b6d4-b89b-4c3a-864a-fde121633855,8.8XOX,16
3LnQniXVr9xwtpxYYiJ0JF,IfcMechanicalFastener,Bolt assembly,UNSPECIFIED,IDd5c5ac6c-85fd-49ef-adf3-ee28ac4c04cf,8.8XOX,16
2I9wOOgMnF1QB9cygt3MMG,IfcMechanicalFastener,Bolt assembly,UNSPECIFIED,ID9227a618-a96c-4f05-a2c9-9bcab70d6590,8.8XOX,16
1SZu$wjLj3f8adm1BcyRWj,IfcMechanicalFastener,Bolt assembly,UNSPECIFIED,ID5c8f8ffa-b55b-43a4-8927-c012e6f1b82d,8.8XOX,16
08e6vXDI11rfZoGRbRlxyj,IfcMechanicalFastener,Bolt assembly,UNSPECIFIED,ID08a06e61-3520-41d6-98f2-41b95bbfbf2d,8.8XOX,16
28tmjS60j6KQnq_srRsSH$,IfcMechanicalFastener,Bolt assembly,UNSPECIFIED,ID88df0b5c-180b-4651-ac74-fb6d5bd9c47f,8.8XOX,16
0gbSeaxd1DTBlCopZKl24T,IfcMechanicalFastener,Bolt assembly,UNSPECIFIED,ID2a95ca24-ee70-4d74-bbcc-cb38d4bc211d,8.8XOX,16
2oKZHNT4X8VuAqIYvx_430,IfcMechanicalFastener,Bolt assembly,UNSPECIFIED,IDb2523457-7448-487f-82b4-4a2e7bf840c0,8.8XOX,16
1zVKB2lWz1F8CNGH5Okn3B,IfcMechanicalFastener,Bolt assembly,UNSPECIFIED,ID7d7d42c2-be0f-413c-8317-411158bb10cb,8.8XOX,16
1DzFKlnXfFHeBMPFFfig2T,IfcMechanicalFastener,Bolt assembly,UNSPECIFIED,ID4df4f52f-c61a-4f46-82d6-64f3e9b2a09d,8.8XOX,16
0Iy6QY2C53mx3tmgrg49L2,IfcMechanicalFastener,Bolt assembly,UNSPECIFIED,ID12f066a2-08c1-43c3-b0f7-c2ad6a109542,8.8XOX,16
2TxAkvb4f8HPprwu9bR6Jp,IfcMechanicalFastener,Bolt assembly,UNSPECIFIED,ID9decabb9-944a-4845-9cf5-eb82656c64f3,8.8XOX,16
0x7ZIuce1C2BVuEl7jHaJN,IfcMechanicalFastener,Bolt assembly,UNSPECIFIED,ID3b1e34b8-9a80-4c08-b7f8-3af1ed4644d7,8.8XOX,16
0tHXz89xvDBQ$$JgkyeD$F,IfcMechanicalFastener,Bolt assembly,UNSPECIFIED,ID37461f48-27be-4d2d-afff-4eabbca0dfcf,8.8XOX,16
1agvL2svnDy8ojhUesGwg0,IfcMechanicalFastener,Bolt assembly,UNSPECIFIED,ID64ab9542-db9c-4df0-8cad-adea3643aa80,8.8XOX,16
3BwmsyxG92OP7_ESJ_Vuz$,IfcMechanicalFastener,Bolt assembly,UNSPECIFIED,IDcbeb0dbc-ed02-4261-91fe-39c4fe7f8f7f,8.8XOX,16
2aXVn1d3b6ahZAqgQbve4R,IfcMechanicalFastener,Bolt assembly,UNSPECIFIED,IDa485fc41-9c39-4692-b8ca-d2a6a5e6811b,8.8XOX,16
1yPNdw6WTA4ffaJ5OCP5y4,IfcMechanicalFastener,Bolt assembly,UNSPECIFIED,ID7c6579fa-1a07-4a12-9a64-4c560c645f04,8.8XOX,16
0E_cyK02T3r8cY4lRWc$W2,IfcMechanicalFastener,Bolt assembly,UNSPECIFIED,ID0efa6f14-0027-43d4-89a2-12f6e09bf802,8.8XOX,16
3Vi8S$Yv9EmRaKBGuozlZq,IfcMechanicalFastener,Bolt assembly,UNSPECIFIED,IDdfb0873f-8b92-4ec1-b914-2d0e32f6f8f4,8.8XOX,16
0mh7ox4IT3ew9O36aG4Z1v,IfcMechanicalFastener,Bolt assembly,UNSPECIFIED,ID30ac7cbb-1127-43a3-a258-0c6910123079,8.8XOX,16
0qpI105yH0b8HyW0DW5PpU,IfcMechanicalFastener,Bolt assembly,UNSPECIFIED,ID34cd2040-17c4-4094-847c-800360159cde,8.8XOX,16
0CsWQC0a16XfyLHpjjWBOw,IfcMechanicalFastener,Bolt assembly,UNSPECIFIED,ID0cda068c-0240-4686-9f15-473b6d80b63a,8.8XOX,16
2slkp9rMzADu95Hb9xq5bN,IfcMechanicalFastener,Bolt assembly,UNSPECIFIED,IDb6beecc9-d56f-4a37-8245-46527bd05957,8.8XOX,16
13uunzl9T3qwIdBLkPQ$35,IfcMechanicalFastener,Bolt assembly,UNSPECIFIED,ID43e38c7d-bc97-43d3-a4a7-2d5b996bf0c5,8.8XOX,16
2mr_fVLIn4fwIJMzG5w_12,IfcMechanicalFastener,Bolt assembly,UNSPECIFIED,IDb0d7ea5f-552c-44a7-a493-5bd405ebe042,8.8XOX,16
3t7XU3VlTDle1AgHtPBWMm,IfcMechanicalFastener,Bolt assembly,UNSPECIFIED,IDf71e1783-7ef7-4dbe-804a-a91dd92e05b0,8.8XOX,16
3WqozAx7rCR9u8AwFYRul$,IfcMechanicalFastener,Bolt assembly,UNSPECIFIED,IDe0d32f4a-ec7d-4c6c-9e08-2ba3e26f8bff,8.8XOX,16
23zilJZPn018qE1S6FzPKe,IfcMechanicalFastener,Bolt assembly,UNSPECIFIED,ID83f6cbd3-8d9c-4004-8d0e-05c18ff59528,8.8XOX,16
3XQJ4vh$TBRRKEcuMMbuwy,IfcMechanicalFastener,Bolt assembly,UNSPECIFIED,IDe1693139-aff7-4b6d-b50e-9b8596978ebc,8.8XOX,16
3k5kOSju1DrvLYu_06WPJZ,IfcMechanicalFastener,Bolt assembly,UNSPECIFIED,IDee16e61c-b780-4dd7-9562-e3e0068194e3,8.8XOX,16
0hm9Qxd7v7BvPUyJAD7l1H,IfcMechanicalFastener,Bolt assembly,UNSPECIFIED,ID2bc096bb-9c7e-472f-965e-f1328d1ef051,8.8XOX,16
3GAeyWVhH2fRbwg8lDEqDD,IfcMechanicalFastener,Bolt assembly,UNSPECIFIED,IDd02a8f20-7eb4-42a5-b97a-a88bcd3b434d,8.8XOX,16
090onmDNjCpvIbEQ79abPl,IfcMechanicalFastener,Bolt assembly,UNSPECIFIED,ID09032c70-357b-4ccf-94a5-39a1c992566f,8.8XOX,16
1dw5E9j0X77v99PIDEr9fv,IfcMechanicalFastener,Bolt assembly,UNSPECIFIED,ID67e85389-b408-471f-9249-65234ed49a79,8.8XOX,16
3q62LOnsb3ag74xKSEp$wN,IfcMechanicalFastener,Bolt assembly,UNSPECIFIED,IDf4182558-c769-4392-a1c4-ed470ecffe97,8.8XOX,16
3OqJHd6Ar2g9AewsYzqTds,IfcMechanicalFastener,Bolt assembly,UNSPECIFIED,IDd8d13467-18ad-42a8-92a8-eb68bdd1d9f6,8.8XOX,16
3o07OvThf7B9XTkBrrEKhO,IfcMechanicalFastener,Bolt assembly,UNSPECIFIED,IDf2007639-76ba-472c-985d-b8bd75394ad8,8.8XOX,16
2Ix1ik8tHBDPgpZ6pb3d9J,IfcMechanicalFastener,Bolt assembly,UNSPECIFIED,ID92ec1b2e-2374-4b35-9ab3-8c6ce50e7253,8.8XOX,16
0eo8E52AT2kei2l8Nc3Cv4,IfcMechanicalFastener,Bolt assembly,UNSPECIFIED,ID28c88385-08a7-42ba-8b02-bc85e60cce44,8.8XOX,16
2qSLysdqf35vy3KCVPWfsK,IfcMechanicalFastener,Bolt assembly,UNSPECIFIED,IDb4715f36-9f4a-4317-9f03-50c7d9829d94,8.8XOX,16
0ZuciYRqDBABk9Q$KVP9l9,IfcMechanicalFastener,Bolt assembly,UNSPECIFIED,ID23e26b22-6f43-4b28-bb89-6bf51f649bc9,HOLE,16
18Wn7NorTD6PMX6A6paOpm,IfcMechanicalFastener,Bolt assembly,UNSPECIFIED,ID488311d7-cb57-4d19-95a1-18a1b3918cf0,HOLE,16
1$Ca8YHLn2gBsBi9$XnziR,IfcMechanicalFastener,Bolt assembly,UNSPECIFIED,ID7f324222-455c-42a8-bd8b-b09fe1c7db1b,HOLE,16
0LKW$5H7D2GefwaUhRbmeh,IfcMechanicalFastener,Bolt assembly,UNSPECIFIED,ID15520fc5-4473-4242-8a7a-91eadb970a2b,HOLE,16
3ljVco9o9D5R7o4kEdGCi4,IfcMechanicalFastener,Bolt assembly,UNSPECIFIED,IDefb5f9b2-2722-4d15-b1f2-12e3a740cb04,8.8XOX,16
01MyWUQpfDzxogZg9Lq9FK,IfcMechanicalFastener,Bolt assembly,UNSPECIFIED,ID015bc81e-6b3a-4df7-bcaa-8ea255d093d4,8.8XOX,16
0RT7E1XFTFZByDnyexqLsZ,IfcMechanicalFastener,Bolt assembly,UNSPECIFIED,ID1b747381-84f7-4f8c-bf0d-c7ca3bd15da3,8.8XOX,16
14ZCGa5AH6KuGHnsG3Ri5q,IfcMechanicalFastener,Bolt assembly,UNSPECIFIED,ID448cc424-14a4-4653-8411-c764036ec174,8.8XOX,16
0fxU1V$fnF2wQUnXrDqEoa,IfcMechanicalFastener,Bolt assembly,UNSPECIFIED,ID29ede05f-fe9c-4f0b-a69e-c61d4dd0eca4,8.8XOX,16
0lDavs0Xv7KwfH0AHgJ$f7,IfcMechanicalFastener,Bolt assembly,UNSPECIFIED,ID2f364e76-021e-4753-aa51-00a46a4ffa47,8.8XOX,16
1UzQvkNqzAOey1Gwwn$Qsf,IfcMechanicalFastener,Bolt assembly,UNSPECIFIED,ID5ef5ae6e-5f4f-4a62-8f01-43aeb1fdada9,8.8XOX,16
2s38rvVIvDDAWvycnBwg3x,IfcMechanicalFastener,Bolt assembly,UNSPECIFIED,IDb60c8d79-7d2e-4d34-a839-f26c4beaa0fb,8.8XOX,16
1GH6r1RDfEYPiQW$KnqKIY,IfcMechanicalFastener,Bolt assembly,UNSPECIFIED,ID50446d41-6cda-4e89-9b1a-83f531d144a2,8.8_Gav,16
1bjSR9qnP0nv5gaEsr7o4F,IfcMechanicalFastener,Bolt assembly,UNSPECIFIED,ID65b5c6c9-d316-40c7-916a-90edb51f210f,8.8_Gav,16
1W7KrtaUX0ORSp8g2iQrbz,IfcMechanicalFastener,Bolt assembly,UNSPECIFIED,ID601d4d77-91e8-4061-b733-22a0ac6b597d,8.8_Gav,16
3wUOhD7897VxEmaCVkN5iE,IfcMechanicalFastener,Bolt assembly,UNSPECIFIED,IDfa798acd-1c82-477f-b3b0-90c7ee5c5b0e,8.8_Gav,16
22qWYkrCfFjPyTAVnD8BQg,IfcMechanicalFastener,Bolt assembly,UNSPECIFIED,ID82d208ae-d4ca-4fb5-9f1d-29fc4d20b6aa,8.8_Gav,16
0UqP$KOX16nhebnHF_Isp4,IfcMechanicalFastener,Bolt assembly,UNSPECIFIED,ID1ed19fd4-6210-46c6-ba25-c513fe4b6cc4,8.8_Gav,16
3MU6eYZIL2QvEuZKVLLq0l,IfcMechanicalFastener,Bolt assembly,UNSPECIFIED,IDd6786a22-8d25-426b-93b8-8d47d557402f,8.8_Gav,16
0xaODvkG9F4hqr7$n1hE1Q,IfcMechanicalFastener,Bolt assembly,UNSPECIFIED,ID3b918379-b902-4f12-bd35-1ffc41ace05a,8.8_Gav,16
1TUaUu25f9MuQCPmENUMrV,IfcMechanicalFastener,Bolt assembly,UNSPECIFIED,ID5d7a47b8-085a-495b-868c-670397796d5f,HOLE,16
09c3jkJUL7$8gBXrJIuUZO,IfcMechanicalFastener,Bolt assembly,UNSPECIFIED,ID09983b6e-4de5-47fc-8a8b-8754d2e1e8d8,HOLE,16
3MbPNkfEH7bOr_$1dBY0oQ,IfcMechanicalFastener,Bolt assembly,UNSPECIFIED,IDd69595ee-a4e4-4795-8d7e-fc19cb880c9a,HOLE,16
0gi5tix7H2qQeDW2dkA2mr,IfcMechanicalFastener,Bolt assembly,UNSPECIFIED,ID2ab05dec-ec74-42d1-aa0d-8029ee282c35,HOLE,16
2jQYV7hZ94WQ3Xxr1Vs6IB,IfcMechanicalFastener,Bolt assembly,UNSPECIFIED,IDad6a27c7-ae32-4481-a0e1-ef505fd8648b,HOLE,16
2MqVORbK98pgANBspBYYxC,IfcMechanicalFastener,Bolt assembly,UNSPECIFIED,ID96d1f61b-9542-48ce-a297-2f6ccb8a2ecc,HOLE,16
21nN1BpJ5DUuouSyWM4c8b,IfcMechanicalFastener,Bolt assembly,UNSPECIFIED,ID81c5704b-cd31-4d7b-8cb8-73c816126225,HOLE,16
3blmuG7SH5lxahC1FLJVQs,IfcMechanicalFastener,Bolt assembly,UNSPECIFIED,IDe5bf0e10-1dc4-45bf-b92b-3013d54df6b6,HOLE,16
31ag3BbKTF7PkgkPmKUa0L,IfcMechanicalFastener,Bolt assembly,UNSPECIFIED,IDc192a0cb-9547-4f1d-9baa-b99c147a4015,HOLE,16
3cJVf6amH6ZA8iIYI39SHA,IfcMechanicalFastener,Bolt assembly,UNSPECIFIED,IDe64dfa46-9304-468c-a22c-4a248325c44a,HOLE,16
20UpGFOIfE2xupGYh43kyH,IfcMechanicalFastener,Bolt assembly,UNSPECIFIED,ID807b340f-612a-4e0b-be33-422ac40eef11,HOLE,16
21HxQGC0jCbvQABowmermM,IfcMechanicalFastener,Bolt assembly,UNSPECIFIED,ID8147b690-300b-4c97-968a-2f2eb0a35c16,HOLE,16
2sWJqpulL7qudTsbXijaRh,IfcMechanicalFastener,Bolt assembly,UNSPECIFIED,IDb6813d33-e2f5-47d3-89dd-da586cb646eb,HOLE,16
39d5f_o2DBchsXuMw6UfXR,IfcMechanicalFastener,Bolt assembly,UNSPECIFIED,IDc99c5a7e-c823-4b9a-bda1-e16e867a985b,HOLE,16
2iBJq9vU1ECQfKyVlJ0Tss,IfcMechanicalFastener,Bolt assembly,UNSPECIFIED,IDac2d3d09-e5e0-4e31-aa54-f1fbd301ddb6,HOLE,16
3u3bS7znnB6geD9cArwimw,IfcMechanicalFastener,Bolt assembly,UNSPECIFIED,IDf80e5707-f71c-4b1a-aa0d-2662b5eacc3a,HOLE,16
3K9qUJTefBmB_xAifmgYqS,IfcMechanicalFastener,Bolt assembly,UNSPECIFIED,IDd4274793-768a-4bc0-bfbb-2aca70aa2d1c,HOLE,16
1lqt8MnUjDzO_RgM4BgV3G,IfcMechanicalFastener,Bolt assembly,UNSPECIFIED,ID6fd37216-c5eb-4df5-8f9b-a9610ba9f0d0,8.8_Gav,16
1pOOY11i565xe6LcBRVhPi,IfcMechanicalFastener,Bolt assembly,UNSPECIFIED,ID73618881-06c1-4617-ba06-5662db7eb66c,HOLE,16
2Tk20la2b4ygEe8StN8K4I,IfcMechanicalFastener,Bolt assembly,UNSPECIFIED,ID9db8202f-9029-44f2-a3a8-21cdd7214112,8.8XOX,16
3XmCoXVLH2PQgQmFbQs290,IfcMechanicalFastener,Bolt assembly,UNSPECIFIED,IDe1c0cca1-7d54-4265-aa9a-c0f95ad82240,8.8_Gav,16
0oCKnaCg5F_eLPMyhb2xxU,IfcMechanicalFastener,Bolt assembly,UNSPECIFIED,ID32314c64-32a1-4ffa-8559-5bcae50bbede,8.8_Gav,16
0nZ$hQK1X7oQU9ylykAIlm,IfcMechanicalFastener,Bolt assembly,UNSPECIFIED,ID318ffada-5018-47c9-a789-f2ff2e292bf0,8.8_Gav,16
3SSDErREHEthCADdpVNuPD,IfcMechanicalFastener,Bolt assembly,UNSPECIFIED,IDdc70d3b5-6ce4-4ede-b30a-367cdf5f864d,HOLE,16
1XH_FwEFL94um4JVQ4oUQT,IfcMechanicalFastener,Bolt assembly,UNSPECIFIED,ID6147e3fa-38f5-4913-8c04-4df684c9e69d,8.8_Gav,16
2h4WjPflj58xjlaXVgO14v,IfcMechanicalFastener,Bolt assembly,UNSPECIFIED,IDab120b59-a6fb-4523-bb6f-9217ea601139,HOLE,16
2qZEXFgnvCSfdoIxyw8y7h,IfcMechanicalFastener,Bolt assembly,UNSPECIFIED,IDb48ce84f-ab1e-4c72-99f2-4bbf3a23c1eb,HOLE,16
2lzOXVZ1v7MhDWq1bd6NNN,IfcMechanicalFastener,Bolt assembly,UNSPECIFIED,IDaff5885f-8c1e-475a-b360-d019671975d7,HOLE,16
0l3Ns40Of6peJb5DPP6KNf,IfcMechanicalFastener,Bolt assembly,UNSPECIFIED,ID2f0d7d84-018a-46ce-84e5-14d6591945e9,HOLE,16
163CVElvLCMPqujVi2uqMr,IfcMechanicalFastener,Bolt assembly,UNSPECIFIED,ID460cc7ce-bf95-4c59-9d38-b5fb02e345b5,HOLE,16
0ia995OJfBN9YljKSrEUtn,IfcMechanicalFastener,Bolt assembly,UNSPECIFIED,ID2c909245-613a-4b5c-98af-b5473539edf1,HOLE,16
0dwXBbNJn049ZsEte5LXuW,IfcMechanicalFastener,Bolt assembly,UNSPECIFIED,ID27ea12e5-5d3c-4010-98f6-3b7a05561e20,HOLE,16
0Hxh$8QKv6xgaYdxXcQNxv,IfcMechanicalFastener,Bolt assembly,UNSPECIFIED,ID11eebfc8-694e-46ee-a922-9fb866697ef9,8.8_Gav,16
2rDoSWTTnFBAJG7wPYYZr0,IfcMechanicalFastener,Bolt assembly,UNSPECIFIED,IDb5372720-75dc-4f2c-a4d0-1fa6628a3d40,HOLE,16
1p7_nyxWP5jxM10itZswEr,IfcMechanicalFastener,Bolt assembly,UNSPECIFIED,ID731fec7c-ee06-45b7-b581-02cde3dba3b5,HOLE,16
0cTmIdTxX5kvn4ekslsjWC,IfcMechanicalFastener,Bolt assembly,UNSPECIFIED,ID267704a7-77b8-45bb-9c44-a2edafdad80c,HOLE,16
3cG8Q3$eHDdu2SWmQ1RGts,IfcMechanicalFastener,Bolt assembly,UNSPECIFIED,IDe6408683-fe84-4d9f-809c-8306816d0df6,HOLE,16
2VNnKNJXH4ogDbRAfVDbAK,IfcMechanicalFastener,Bolt assembly,UNSPECIFIED,ID9f5f1517-4e14-44ca-a365-6caa5f365294,HOLE,16
1cSTw0xoX01RbtDWDtMJsK,IfcMechanicalFastener,Bolt assembly,UNSPECIFIED,ID6671de80-ef28-4005-b977-360377593d94,HOLE,16
0BT0BD8HLFpPVv7rv8JRYL,IfcMechanicalFastener,Bolt assembly,UNSPECIFIED,ID0b7402cd-2115-4fcd-97f9-1f5e484db895,8.8_Gav,16
0l8EyOK9z2nwMHV_hzCO2H,IfcMechanicalFastener,Bolt assembly,UNSPECIFIED,ID2f20ef18-509f-42c7-a591-7feafd318091,8.8_Gav,16
0QfGusMgv0eh16bimz7BM3,IfcMechanicalFastener,Bolt assembly,UNSPECIFIED,ID1aa50e36-5aae-40a2-b046-96cc3d1cb583,8.8_Gav,16
0KyeBDF$n3he39$1hYFQzC,IfcMechanicalFastener,Bolt assembly,UNSPECIFIED,ID14f282cd-3ffc-43ae-80c9-fc1ae23daf4c,8.8_Gav,16
2UDZDZhff0yhjNCIoTajqE,IfcMechanicalFastener,Bolt assembly,UNSPECIFIED,ID9e363363-ae9a-40f2-bb57-312c9d92dd0e,8.8_Gav,16
0XQ5WcjkHCo8fMe59e55FC,IfcMechanicalFastener,Bolt assembly,UNSPECIFIED,ID21685826-b6e4-4cc8-8a56-a052681453cc,8.8_Gav,16
2y1Oktq6b6owRwb1FAyMM0,IfcMechanicalFastener,Bolt assembly,UNSPECIFIED,IDbc058bb7-d069-46cb-a6fa-9413caf16580,HOLE,16
2gEudKGsL2wQQ9Bwp5kprG,IfcMechanicalFastener,Bolt assembly,UNSPECIFIED,IDaa3b89d4-4365-42e9-a689-2facc5bb3d50,HOLE,16
1QTOQb1BjCJQQn2OSHYz7B,IfcMechanicalFastener,Bolt assembly,UNSPECIFIED,ID5a7586a5-04bb-4c4d-a6b1-0987118bd1cb,8.8_Gav,16
1nxK71mTj6axwb_WrPCaAs,IfcMechanicalFastener,Bolt assembly,UNSPECIFIED,ID71ed41c1-c1db-4693-bea5-fa0d593242b6,8.8_Gav,16
0P5QsLyAr6tBvV7qg8_pRe,IfcMechanicalFastener,Bolt assembly,UNSPECIFIED,ID1915ad95-f0ad-46dc-be5f-1f4a88fb36e8,8.8_Gav,16
38kAd3UGT2vgvidtj4zmo1,IfcMechanicalFastener,Bolt assembly,UNSPECIFIED,IDc8b8a9c3-7907-42e6-ae6c-9f7b44f70c81,8.8_Gav,16
1aGvVoHT9Dn8CJq5P$GVj$,IfcMechanicalFastener,Bolt assembly,UNSPECIFIED,ID644397f2-45d2-4dc4-8313-d0567f41fb7f,HOLE,16
2sfeZ5atf5pfEDCgo_yoUo,IfcMechanicalFastener,Bolt assembly,UNSPECIFIED,IDb6a688c5-937a-45ce-938d-32acbef327b2,HOLE,16
2pjiY93ub9Zvdv86QQlV$L,IfcMechanicalFastener,Bolt assembly,UNSPECIFIED,IDb3b6c889-0f89-498f-99f9-20669abdffd5,HOLE,16
2WGFbIbNfAiwt$h7uP33Pf,IfcMechanicalFastener,Bolt assembly,UNSPECIFIED,IDa040f952-957a-4ab3-adff-ac7e190c3669,HOLE,16
2sXMDGKan1sO5NsZfHohYz,IfcMechanicalFastener,Bolt assembly,UNSPECIFIED,IDb6856350-524c-41d9-8157-da3a51cab8bd,HOLE,16
3ebkBF6XP6MQQjRi6hruso,IfcMechanicalFastener,Bolt assembly,UNSPECIFIED,IDe896e2cf-1a16-4659-a6ad-6ec1abd78db2,HOLE,16
10BER7c4vD9fOyfsBxOR2x,IfcMechanicalFastener,Bolt assembly,UNSPECIFIED,ID402ce6c7-984e-4d26-963c-a762fb61b0bb,HOLE,16
1sDZPawLbFnxjPlE3nnyt6,IfcMechanicalFastener,Bolt assembly,UNSPECIFIED,ID76363664-e959-4fc7-bb59-bce0f1c7cdc6,HOLE,16
1Tv3RBCQTFwRHYP5t1ZrLC,IfcMechanicalFastener,Bolt assembly,UNSPECIFIED,ID5de436cb-31a7-4fe9-b462-645dc18f554c,HOLE,16
1lBskaoJ57RQgieRKkj4m6,IfcMechanicalFastener,Bolt assembly,UNSPECIFIED,ID6f2f6ba4-c931-476d-aaac-a1b52eb44c06,HOLE,16
3h5jtx0Nv22OSaOwRI2zBF,IfcMechanicalFastener,Bolt assembly,UNSPECIFIED,IDeb16ddfb-017e-4209-8724-63a6d20bd2cf,HOLE,16
01dVlrUlb70eiti3tLBgXS,IfcMechanicalFastener,Bolt assembly,UNSPECIFIED,ID019dfbf5-7af9-4702-8b37-b03dd52ea85c,HOLE,16
2EaJDuLOj2uPbgK3_nqGZI,IfcMechanicalFastener,Bolt assembly,UNSPECIFIED,ID8e913378-558b-42e1-996a-503fb1d108d2,HOLE,16
0puxpMa7LAW9hpdukMNP3L,IfcMechanicalFastener,Bolt assembly,UNSPECIFIED,ID33e3bcd6-9075-4a80-9af3-9f8b965d90d5,HOLE,16
0QlWxJP2rEtuf339dw4Uiz,IfcMechanicalFastener,Bolt assembly,UNSPECIFIED,ID1abe0ed3-642d-4edf-8a43-0c99fa11eb3d,HOLE,16
35VufwkI53G8CVmvNTmTZs,IfcMechanicalFastener,Bolt assembly,UNSPECIFIED,IDc57f8a7a-b921-4340-831f-c395ddc1d8f6,HOLE,16
07Q_mPJ5LBsAJSks7yqNvy,IfcMechanicalFastener,Bolt assembly,UNSPECIFIED,ID076bec19-4c55-4bd8-a4dc-bb61fcd17e7c,HOLE,16
3t5Jw8nXDFXRpuHaD820ts,IfcMechanicalFastener,Bolt assembly,UNSPECIFIED,IDf7153e88-c613-4f85-bcf8-464348080df6,HOLE,16
0lnoVeJJfBwvS80Z82FB5G,IfcMechanicalFastener,Bolt assembly,UNSPECIFIED,ID2fc727e8-4d3a-4beb-9708-0232023cb150,HOLE,16
3hNJe4JGD9CxPEhzCpUR93,IfcMechanicalFastener,Bolt assembly,UNSPECIFIED,IDeb5d3a04-4d03-4933-b64e-afd33379b243,HOLE,16
0mb9397VnDrQZ3INAfbEQV,IfcMechanicalFastener,Bolt assembly,UNSPECIFIED,ID309490c9-1dfc-4dd5-a8c3-4972a994e69f,HOLE,16
0ohArLKdD5XRK$ymbnMu0v,IfcMechanicalFastener,Bolt assembly,UNSPECIFIED,ID32acad55-5273-4585-b53f-f309715b8039,HOLE,16
2SNECm6DL0ZQyMVrRHkbpF,IfcMechanicalFastener,Bolt assembly,UNSPECIFIED,ID9c5ce330-18d5-408d-af16-7f56d1ba5ccf,HOLE,16
1H$FV_uRD6hfBpA_CKagLg,IfcMechanicalFastener,Bolt assembly,UNSPECIFIED,ID51fcf7fe-e1b3-46ae-92f3-2be31492a56a,HOLE,16
1hwSZ1w850cfmonSgT8Z92,IfcMechanicalFastener,Bolt assembly,UNSPECIFIED,ID6be9c8c1-e881-409a-9c32-c5ca9d223242,HOLE,16
3B647NLTD7IuxGfXMYAu0x,IfcMechanicalFastener,Bolt assembly,UNSPECIFIED,IDcb1841d7-55d3-474b-8ed0-a615a22b803b,HOLE,16
0Hukp8BabF7ehdDvqT_CUj,IfcMechanicalFastener,Bolt assembly,UNSPECIFIED,ID11e2ecc8-2e49-4f1e-8ae7-379d1df8c7ad,HOLE,16
3a2rov8pv2NgS5F8XnqZuQ,IfcMechanicalFastener,Bolt assembly,UNSPECIFIED,IDe40b5cb9-233e-425e-a705-3c8871d23e1a,HOLE,16
0z80MnmN5Cw9_ohohv$1C1,IfcMechanicalFastener,Bolt assembly,UNSPECIFIED,ID3d2005b1-c171-4ce8-9fb2-af2af9fc1301,HOLE,16
26CqGylQHDhg4denwzQoQK,IfcMechanicalFastener,Bolt assembly,UNSPECIFIED,ID8633443c-bda4-4dae-a127-a31ebd6b2694,HOLE,16
0ojulxOnj40fjVZJsxlxa3,IfcMechanicalFastener,Bolt assembly,UNSPECIFIED,ID32b78bfb-631b-4402-9b5f-8d3dbbbfb903,HOLE,16
1294_5ylH8o8r0l_3MOoFV,IfcMechanicalFastener,Bolt assembly,UNSPECIFIED,ID42244f85-f2f4-48c8-8d40-bfe0d66323df,HOLE,16
0GaS7HYEP09g2p1UK5c92a,IfcMechanicalFastener,Bolt assembly,UNSPECIFIED,ID1091c1d1-88e6-4026-a0b3-05e5059890a4,HOLE,16
1kFT5jhZX3XwefdicIZdVV,IfcMechanicalFastener,Bolt assembly,UNSPECIFIED,ID6e3dd16d-ae38-4387-aa29-9ec9928e77df,HOLE,16
04vbbRfEXA$vr7KpPW9fZD,IfcMechanicalFastener,Bolt assembly,UNSPECIFIED,ID04e6595b-a4e8-4aff-9d47-5336602698cd,HOLE,16
1tQCrHVTH8LhUYZQUFQCtL,IfcMechanicalFastener,Bolt assembly,UNSPECIFIED,ID7768cd51-7dd4-4856-b7a2-8da78f68cdd5,8.8_Gav,16
0fHrVl3f17kwF9nyquhqi0,IfcMechanicalFastener,Bolt assembly,UNSPECIFIED,ID294757ef-0e90-47bb-a3c9-c7cd38af4b00,8.8_Gav,16
2aSO5XimD2u9ZjpOvDbCjW,IfcMechanicalFastener,Bolt assembly,UNSPECIFIED,IDa4718161-b303-42e0-98ed-cd8e4d94cb60,8.8_Gav,16
2XMQB$g619U96hqUCADjvL,IfcMechanicalFastener,Bolt assembly,UNSPECIFIED,IDa159a2ff-a860-4978-91ab-d1e30a36de55,8.8_Gav,16
16Z$kOMQrFUAHnnpVYwhZg,IfcMechanicalFastener,Bolt assembly,UNSPECIFIED,ID468ffb98-59ad-4f78-a471-c737e2eab8ea,8.8_Gav,16
3jWk$ffdnDk90RO3e$Yw3s,IfcMechanicalFastener,Bolt assembly,UNSPECIFIED,IDed82efe9-a67c-4db8-901b-603a3f8ba0f6,HOLE,16
3fuWF1Nh90mOV$xZHj3S0_,IfcMechanicalFastener,Bolt assembly,UNSPECIFIED,IDe9e203c1-5eb2-40c1-87ff-ee346d0dc03e,HOLE,16
0Veuy6FGPEd9ZyCxGSnUba,IfcMechanicalFastener,Bolt assembly,UNSPECIFIED,ID1fa38f06-3d06-4e9c-98fc-33b41cc5e964,HOLE,16
3tq7Pqz7j12foIwlRMSMTv,IfcMechanicalFastener,Bolt assembly,UNSPECIFIED,IDf7d07674-f47b-410a-9c92-eaf6d6716779,HOLE,16
1l7lMzgoD4RRN$pEFFbe4J,IfcMechanicalFastener,Bolt assembly,UNSPECIFIED,ID6f1ef5bd-ab23-446d-b5ff-cce3cf968113,HOLE,16
2K10H6qD17ZBi67eN7ucod,IfcMechanicalFastener,Bolt assembly,UNSPECIFIED,ID94040446-d0d0-478c-bb06-1e85c7e26ca7,HOLE,16
1LSYW2F$TAgeVly1m176bm,IfcMechanicalFastener,Bolt assembly,UNSPECIFIED,ID55722802-3ff7-4aaa-87ef-f01c011c6970,HOLE,16
1yezx_ppv0lPYInIX1SgyB,IfcMechanicalFastener,Bolt assembly,UNSPECIFIED,ID7ca3defe-cf3e-40bd-9892-c5284172af0b,HOLE,16
2zJWCg5cj3gueBz$0tPlsi,IfcMechanicalFastener,Bolt assembly,UNSPECIFIED,IDbd4e032a-166b-43ab-8a0b-f7f03766fdac,HOLE,16
105jL8qOvBr9Qldq_sWrIu,IfcMechanicalFastener,Bolt assembly,UNSPECIFIED,ID4016d548-d18e-4bd4-96af-9f4fb68354b8,HOLE,16
3AXLCY7Sz6KvO_O0VAFmzd,IfcMechanicalFastener,Bolt assembly,UNSPECIFIED,IDca855322-1dcf-4653-963e-6007ca3f0f67,HOLE,16
0F9NXtaXzCJw9OGW6mVCre,IfcMechanicalFastener,Bolt assembly,UNSPECIFIED,ID0f257877-921f-4c4f-a258-4201b07ccd68,HOLE,16
1wKgODw41DRR6vIFhULpUN,IfcMechanicalFastener,Bolt assembly,UNSPECIFIED,ID7a52a60d-e840-4d6d-b1b9-48fade573797,HOLE,16
0NTKRt9Zv94vv$Z4Q$Hpcf,IfcMechanicalFastener,Bolt assembly,UNSPECIFIED,ID177546f7-263e-4913-9e7f-8c46bf4739a9,HOLE,16
1EwLDGOzjCte$Z6B7LqlDG,IfcMechanicalFastener,Bolt assembly,UNSPECIFIED,ID4ee95350-63db-4cde-8fe3-18b1d5d2f350,HOLE,16
3L6XNX4pHEO9XoeeqGak_o,IfcMechanicalFastener,Bolt assembly,UNSPECIFIED,IDd51a15e1-1334-4e60-9872-a28d1092efb2,HOLE,16
0WNILORCDFnuCON7jvQknz,IfcMechanicalFastener,Bolt assembly,UNSPECIFIED,ID205d2558-6cc3-4fc7-8318-5c7b796aec7d,HOLE,16
3qzknN9Rj1RuJ2lrTNconX,IfcMechanicalFastener,Bolt assembly,UNSPECIFIED,IDf4f6ec57-25bb-416f-84c2-bf57579b2c61,HOLE,16
0bVLdJIyP41AT1pgbWad27,IfcMechanicalFastener,Bolt assembly,UNSPECIFIED,ID257d59d3-4bc6-4404-a741-cea960927087,HOLE,16
2$GtXp8T94HAx1PXd9AOv_,IfcMechanicalFastener,Bolt assembly,UNSPECIFIED,IDbf437873-21d2-4444-aec1-6619c9298e7e,HOLE,16
244nLRsAf8fupGWuiTLo4S,IfcMechanicalFastener,Bolt assembly,UNSPECIFIED,ID8413155b-d8aa-48a7-8cd0-838b1d57211c,HOLE,16
3iMlja8ZLD7x5zzUpf85WS,IfcMechanicalFastener,Bolt assembly,UNSPECIFIED,IDec5afb64-2235-4d1f-b17d-f5ece920581c,HOLE,16
0ieb71NubAvvQ3AKuPWO2t,IfcMechanicalFastener,Bolt assembly,UNSPECIFIED,ID2ca251c1-5f89-4ae7-9683-294e198180b7,HOLE,16
2tXbefn697tQpYAFpXDRyV,IfcMechanicalFastener,Bolt assembly,UNSPECIFIED,IDb7865a29-c462-47dd-ace2-28fce135bf1f,HOLE,16
3EEsa8eKvFE8oyyCkr$PBO,IfcMechanicalFastener,Bolt assembly,UNSPECIFIED,IDce3b6908-a14e-4f38-8cbc-f0cbb5fd92d8,HOLE,16
3MlSFB09j3HPHQ8OC2_txd,IfcMechanicalFastener,Bolt assembly,UNSPECIFIED,IDd6bdc3cb-009b-4345-945a-218302fb7ee7,HOLE,16
0E_cOlXB92ShGGIqbgZEtH,IfcMechanicalFastener,Bolt assembly,UNSPECIFIED,ID0efa662f-84b2-4272-b410-4b496a8cedd1,HOLE,16
0HdNOaQxv4FvRZ4vMgckwN,IfcMechanicalFastener,Bolt assembly,UNSPECIFIED,ID119d7624-6bbe-443f-96e3-1395aa9aee97,HOLE,16
0xQLYiYb998x6qVM15RdXW,IfcMechanicalFastener,Bolt assembly,UNSPECIFIED,ID3b6958ac-8a52-4923-b1b4-7d60456e7860,HOLE,16
17F$9DXm15OBa0QdYUj9bO,IfcMechanicalFastener,Bolt assembly,UNSPECIFIED,ID473ff24d-8700-4560-b900-6a789eb49958,HOLE,16
1vKgym2_P21fDQ601Bx$G5,IfcMechanicalFastener,Bolt assembly,UNSPECIFIED,ID7952af30-0be6-4206-935a-18004beff405,HOLE,16
3FQsmbIdP9uufdXA4WyL4h,IfcMechanicalFastener,Bolt assembly,UNSPECIFIED,IDcf6b6c25-4a76-49e3-8a67-84a120f1512b,HOLE,16
2AjpEk4ej8bekWZw8Lbe5E,IfcMechanicalFastener,Bolt assembly,UNSPECIFIED,ID8ab733ae-128b-4896-8ba0-8fa21596814e,HOLE,16
32nAS0CP97IRcqYWN3i9HE,IfcMechanicalFastener,Bolt assembly,UNSPECIFIED,IDc2c4a700-3192-4749-b9b4-8a05c3b0944e,HOLE,16
2f3WF7ebX1$hstrYj1n8G0,IfcMechanicalFastener,Bolt assembly,UNSPECIFIED,IDa90e03c7-a258-41fe-bdb7-d62b41c48400,HOLE,16
2q_j2RQlb44wg__S3Axnj5,IfcMechanicalFastener,Bolt assembly,UNSPECIFIED,IDb4fad09b-6af9-4413-aabe-f9c0caef1b45,HOLE,16
1Tn971v0rAJhLm9RAWTDyF,IfcMechanicalFastener,Bolt assembly,UNSPECIFIED,ID5dc491c1-e40d-4a4e-b570-25b2a074df0f,HOLE,16
38PqYMQtv86x849TfEhFiV,IfcMechanicalFastener,Bolt assembly,UNSPECIFIED,IDc8674896-6b7e-481b-b204-25da4eacfb1f,8.8_Gav,16
0_Pdxwsvz5rAQyOuU2_655,IfcMechanicalFastener,Bolt assembly,UNSPECIFIED,ID3e667efa-db9f-45d4-a6bc-638782f86145,8.8_Gav,16
2GWqKwApb0hRWz10NvJ4$s,IfcMechanicalFastener,Bolt assembly,UNSPECIFIED,ID9083453a-2b39-40ad-b83d-0405f94c4ff6,8.8_Gav,16
0N2fZEB_r8mwBotJosw1O1,IfcMechanicalFastener,Bolt assembly,UNSPECIFIED,ID170a98ce-2fed-48c3-a2f2-dd3cb6e81601,8.8_Gav,16
3eSU6pjzb9ygPlUkZcegMe,IfcMechanicalFastener,Bolt assembly,UNSPECIFIED,IDe871e1b3-b7d9-49f2-a66f-7ae8e6a2a5a8,8.8_Gav,16
3BWIispc9F1fHBZMoE6Mjv,IfcMechanicalFastener,Bolt assembly,UNSPECIFIED,IDcb812b36-ce62-4f06-944b-8d6c8e196b79,8.8_Gav,16
29KfcHwAf6q8L8C7uKYL24,IfcMechanicalFastener,Bolt assembly,UNSPECIFIED,ID89529991-e8aa-46d0-8548-307e14895084,8.8_Gav,16
0tlFMeJWL9HRQryo60GFKY,IfcMechanicalFastener,Bolt assembly,UNSPECIFIED,ID37bcf5a8-4e05-4945-b6b5-f3218040f522,8.8_Gav,16
3HtRwZj8TDqfSUaluUeqrK,IfcMechanicalFastener,Bolt assembly,UNSPECIFIED,IDd1ddbea3-b487-4dd2-971e-92fe1ea34d54,8.8_Gav,16
1CaDpPVwr2f9RuKxMzUfqx,IfcMechanicalFastener,Bolt assembly,UNSPECIFIED,ID4c90dcd9-7fad-42a4-96f8-53b5bd7a9d3b,8.8_Gav,16
04M73lTtP0YAKYZ2Hm2ASb,IfcMechanicalFastener,Bolt assembly,UNSPECIFIED,ID045870ef-7776-4088-a522-8c247008a725,8.8_Gav,16
1UAuPnhR90Bfd$CaJrn4S_,IfcMechanicalFastener,Bolt assembly,UNSPECIFIED,ID5e2b8671-adb2-402e-99ff-3244f5c4473e,8.8_Gav,16
0ePdaFc25A1xmHpca72mhi,IfcMechanicalFastener,Bolt assembly,UNSPECIFIED,ID2866790f-9821-4a07-bc11-ce69070b0aec,8.8_Gav,16
1NJCfpOpLB4wQzOOpzSIC7,IfcMechanicalFastener,Bolt assembly,UNSPECIFIED,ID574cca73-6335-4b13-a6bd-618cfd712307,8.8_Gav,16
3PQtY1WW5Ekw7OU$4AgG$D,IfcMechanicalFastener,Bolt assembly,UNSPECIFIED,IDd96b7881-8201-4ebb-a1d8-7bf10aa90fcd,8.8_Gav,16
0VMyYF2YH5PRjTWlI9lDL9,IfcMechanicalFastener,Bolt assembly,UNSPECIFIED,ID1f5bc88f-0a24-4565-bb5d-82f489bcd549,8.8_Gav,16
3l8lQz7w15ER8YPc3NB1FI,IfcMechanicalFastener,Bolt assembly,UNSPECIFIED,IDef22f6bd-1fa0-4539-b222-6660d72c13d2,8.8_Gav,16
24u4t7kKj6UxydrDFoRGSH,IfcMechanicalFastener,Bolt assembly,UNSPECIFIED,ID84e04dc7-b94b-467b-bf27-d4d3f26d0711,8.8_Gav,16
21ccbJCvvDgPxDAjnCSPIm,IfcMechanicalFastener,Bolt assembly,UNSPECIFIED,ID819a6953-339e-4da9-9ecd-2adc4c7194b0,8.8_Gav,16
0y3iOdBN9FufyBope$eKIk,IfcMechanicalFastener,Bolt assembly,UNSPECIFIED,ID3c0ec627-2d72-4fe2-9f0b-cb3a3fa144ae,8.8_Gav,16
0L_XRBwqv7XxHucKTDC5e$,IfcMechanicalFastener,Bolt assembly,UNSPECIFIED,ID15fa16cb-eb4e-4787-b478-99474d305a3f,8.8_Gav,16
1WhI3knf91tPSvX_83eMMb,IfcMechanicalFastener,Bolt assembly,UNSPECIFIED,ID60ad20ee-c692-41dd-9739-87e203a165a5,8.8_Gav,16
3Czy$geOj3O9D3vWcEZzdL,IfcMechanicalFastener,Bolt assembly,UNSPECIFIED,IDccf7cfea-a18b-4360-9343-e6098e8fd9d5,8.8_Gav,16
0nDDPKr7b4hOdZtFtpWydp,IfcMechanicalFastener,Bolt assembly,UNSPECIFIED,ID3134d654-d479-44ad-89e3-dcfdf383c9f3,8.8_Gav,16
3ONAaBb8zCsf1I4meaP1SJ,IfcMechanicalFastener,Bolt assembly,UNSPECIFIED,IDd85ca90b-948f-4cda-9052-130a24641713,8.8_Gav,16
1wkjWXTETFpQDECwtAGVAF,IfcMechanicalFastener,Bolt assembly,UNSPECIFIED,ID7abad821-74e7-4fcd-a34e-33adca41f28f,8.8_Gav,16
32ZmdZTCX1Cx6LQzQMRXSU,IfcMechanicalFastener,Bolt assembly,UNSPECIFIED,IDc28f09e3-74c8-4133-b195-6bd6966e171e,8.8_Gav,16
3reeNiUsX45fWsC8ZoichT,IfcMechanicalFastener,Bolt assembly,UNSPECIFIED,IDf5a285ec-7b68-4416-9836-3088f2b26add,8.8_Gav,16
109Jib$EjFN9g_1z8lbjAL,IfcMechanicalFastener,Bolt assembly,UNSPECIFIED,ID40253b25-fceb-4f5c-9abe-07d22f96d295,8.8_Gav,16
0hh9XmbxL2LuwJncMs9ri9,IfcMechanicalFastener,Bolt assembly,UNSPECIFIED,ID2bac9870-97b5-4257-8e93-c665b6275b09,8.8_Gav,16
1zG0ywhY93aQ0X4mDYbIAh,IfcMechanicalFastener,Bolt assembly,UNSPECIFIED,ID7d400f3a-ae22-4391-a021-1303629522ab,8.8_Gav,16
3irV1Q5z1BJ83XaPFRv3D1,IfcMechanicalFastener,Bolt assembly,UNSPECIFIED,IDecd5f05a-17d0-4b4c-80e1-9193dbe43341,8.8_Gav,16
2PjKIrlAH3thIBDFprJ1m1,IfcMechanicalFastener,Bolt assembly,UNSPECIFIED,ID99b544b5-bca4-43de-b48b-34fcf54c1c01,8.8XOX,16
1buxozLm9FXPCnmOD4Ybbi,IfcMechanicalFastener,Bolt assembly,UNSPECIFIED,ID65e3bcbd-5702-4f85-9331-c183448a596c,8.8XOX,16
3kho9j4NrCNA7wAiBxqD17,IfcMechanicalFastener,Bolt assembly,UNSPECIFIED,IDeeaf226d-117d-4c5c-a1fa-2ac2fbd0d047,8.8XOX,16
1F50SVYhn9ZBwHyXG_KH98,IfcMechanicalFastener,Bolt assembly,UNSPECIFIED,ID4f14071f-8abc-498c-be91-f2143e511248,8.8XOX,16
06X7kICbX42xfeqCIUzLsW,IfcMechanicalFastener,Bolt assembly,UNSPECIFIED,ID06847b92-3258-440b-ba68-d0c49ef55da0,8.8XOX,16
0c_9MGsjv9gh0EKS$sa_wU,IfcMechanicalFastener,Bolt assembly,UNSPECIFIED,ID26f89590-dade-49aa-b00e-51cff693ee9e,8.8XOX,16
0nQynik3r5Gw3PxVpBsyT0,IfcMechanicalFastener,Bolt assembly,UNSPECIFIED,ID316bcc6c-b83d-4543-a0d9-edfccbdbc740,8.8XOX,16
0n1BvKzt1FcPemOPHmWvaN,IfcMechanicalFastener,Bolt assembly,UNSPECIFIED,ID3104be54-f770-4f99-9a30-619470839917,8.8XOX,16
08ZxE72jD3xfM9amVSGacI,IfcMechanicalFastener,Bolt assembly,UNSPECIFIED,ID088fb387-0ad3-43ee-9589-9307dc424992,8.8XOX,16
1vMSl5$$PDFeJ7xIKTeMPD,IfcMechanicalFastener,Bolt assembly,UNSPECIFIED,ID7959cbc5-fff6-4d3e-84c7-ed251da1664d,8.8XOX,16
31pWSqXFT3oQZPI9K016f0,IfcMechanicalFastener,Bolt assembly,UNSPECIFIED,IDc1ce0734-84f7-43c9-a8d9-489500046a40,8.8XOX,16
3MCaLgVnb3N8SoFFVnT2Iy,IfcMechanicalFastener,Bolt assembly,UNSPECIFIED,IDd632456a-7f19-435c-8732-3cf7f17424bc,8.8XOX,16
0WRP7YEGD79RKtm_vRrf8b,IfcMechanicalFastener,Bolt assembly,UNSPECIFIED,ID206d91e2-3903-4725-b537-c3ee5bd69225,8.8XOX,16
1TUCQlhMDA9uXREoPWpXA7,IfcMechanicalFastener,Bolt assembly,UNSPECIFIED,ID5d78c6af-ad63-4a27-885b-3b2660ce1287,8.8XOX,16
2$QCxqOmL6G8NVr8P33PS1,IfcMechanicalFastener,Bolt assembly,UNSPECIFIED,IDbf68cef4-6305-4640-85df-d486430d9701,8.8XOX,16
09yYpKyVXD3g4m2VRMYuQv,IfcMechanicalFastener,Bolt assembly,UNSPECIFIED,ID09f22cd4-f1f8-4d0e-a130-09f6d68b86b9,8.8XOX,16
3fQEoOnLr20RU_9GOZJlUs,IfcMechanicalFastener,Bolt assembly,UNSPECIFIED,IDe968ec98-c55d-4201-b7be-2506234ef7b6,8.8XOX,16
3Lh9hnAUX5WBW7TK4JiyUi,IfcMechanicalFastener,Bolt assembly,UNSPECIFIED,IDd5ac9af1-29e8-4580-b807-754113b3c7ac,8.8XOX,16
2TG5c4UlXCm8ojVSTNcWFg,IfcMechanicalFastener,Bolt assembly,UNSPECIFIED,ID9d405984-7af8-4cc0-8cad-7dc7579a03ea,8.8XOX,16
0F7fQeGYv6LOuVOlLBLaAz,IfcMechanicalFastener,Bolt assembly,UNSPECIFIED,ID0f1e96a8-422e-4655-8e1f-62f54b5642bd,8.8XOX,16
3yie0THqTA9uequtlwrVVW,IfcMechanicalFastener,Bolt assembly,UNSPECIFIED,IDfcb2801d-4747-4a27-8a34-e37bfad5f7e0,8.8XOX,16
2lMpL1hkf70PLLDjw22pHh,IfcMechanicalFastener,Bolt assembly,UNSPECIFIED,IDaf5b3541-aeea-4701-9555-36de820b346b,8.8XOX,16
1b2gz7bg11l942y8JEZq7O,IfcMechanicalFastener,Bolt assembly,UNSPECIFIED,ID650aaf47-96a0-41bc-9102-f084ce8f41d8,8.8XOX,16
210mBxP0PBVR8$iwVMo253,IfcMechanicalFastener,Bolt assembly,UNSPECIFIED,ID810302fb-6406-4b7d-b23f-b3a7d6c82143,8.8XOX,16
10iZQPpuPDcehs9UrcbQ2w,IfcMechanicalFastener,Bolt assembly,UNSPECIFIED,ID40b23699-cf86-4d9a-8af6-25ed6695a0ba,8.8XOX,16
1Vjv7TeDzBfAMGKKjhJOqa,IfcMechanicalFastener,Bolt assembly,UNSPECIFIED,ID5fb791dd-a0df-4ba4-a590-514b6b4d8d24,8.8XOX,16
09wQPJAKL4XRnTCs0WZaj4,IfcMechanicalFastener,Bolt assembly,UNSPECIFIED,ID09e9a653-2945-4485-bc5d-3360208e4b44,8.8XOX,16
1ViOcaEvj158sWUl8JZmpD,IfcMechanicalFastener,Bolt assembly,UNSPECIFIED,ID5fb189a4-3b9b-4114-8da0-7af2138f0ccd,8.8XOX,16
2fU7tuovn5Uv37KdzwNqVY,IfcMechanicalFastener,Bolt assembly,UNSPECIFIED,IDa9787df8-cb9c-457b-90c7-527f7a5f47e2,8.8XOX,16
0qZIRf6VH5E8D8XreGiEsV,IfcMechanicalFastener,Bolt assembly,UNSPECIFIED,ID348d26e9-19f4-4538-8348-875a10b0ed9f,8.8XOX,16
01tGq$53f1bfBQWQ8Zihmf,IfcMechanicalFastener,Bolt assembly,UNSPECIFIED,ID01dd0d3f-143a-4196-92da-81a223b2bc29,8.8XOX,16
2i3vyW$yz5r8sC8pCIRFLi,IfcMechanicalFastener,Bolt assembly,UNSPECIFIED,IDac0f9f20-ffcf-45d4-8d8c-2333126cf56c,8.8XOX,16
13BjrSkWv2ax7Y4UGsqVB7,IfcMechanicalFastener,Bolt assembly,UNSPECIFIED,ID432edd5c-ba0e-4293-b1e2-11e436d1f2c7,8.8XOX,16
3ItvCl7y10oP1S$M0AyMll,IfcMechanicalFastener,Bolt assembly,UNSPECIFIED,IDd2df932f-1fc0-40c9-905c-fd600af16bef,8.8XOX,16
1pTbLVm4b3gB1eyh_Qo01k,IfcMechanicalFastener,Bolt assembly,UNSPECIFIED,ID7376555f-c049-43a8-b068-f2bf9ac8006e,8.8XOX,16
0JCur7Wn91awHoCphWGuoe,IfcMechanicalFastener,Bolt assembly,UNSPECIFIED,ID13338d47-8312-4193-a472-333ae0438ca8,8.8XOX,16
1sizgkRhPCnxZ6l_7wuGXY,IfcMechanicalFastener,Bolt assembly,UNSPECIFIED,ID76b3daae-6eb6-4cc7-b8c6-bfe1fae10862,8.8XOX,16
0BynxZIPHDlv2E2Rfx_fWU,IfcMechanicalFastener,Bolt assembly,UNSPECIFIED,ID0bf31ee3-4994-4dbf-908e-09ba7bfa981e,8.8XOX,16
1malIPtr16$AAFOewEhINl,IfcMechanicalFastener,Bolt assembly,UNSPECIFIED,ID7092f499-df50-46fc-a28f-628e8ead25ef,8.8XOX,16
0W7d7f20j0bv7FPlCMjdDn,IfcMechanicalFastener,Bolt assembly,UNSPECIFIED,ID201e71e9-080b-4097-91cf-66f316b67371,8.8XOX,16
20gnRETw57$vs1gtSyQZJa,IfcMechanicalFastener,Bolt assembly,UNSPECIFIED,ID80ab16ce-77a1-47ff-9d81-ab773c6a34e4,8.8XOX,16
1Brn8Sr210DQ7W2FACoAzB,IfcMechanicalFastener,Bolt assembly,UNSPECIFIED,ID4bd7121c-d420-4035-a1e0-08f28cc8af4b,8.8XOX,16
3k6lBlUNP1oejodRT3LRyW,IfcMechanicalFastener,Bolt assembly,UNSPECIFIED,IDee1af2ef-7976-41ca-8b72-9db74355bf20,8.8XOX,16
1QCpGyRpr2rhmzPZ$5aNXm,IfcMechanicalFastener,Bolt assembly,UNSPECIFIED,ID5a33343c-6f3d-42d6-bc3d-663fc5917870,8.8XOX,16
0NMYScB7T2U8rl9hDMi7b7,IfcMechanicalFastener,Bolt assembly,UNSPECIFIED,ID175a2726-2c77-4278-8d6f-26b356b07947,8.8XOX,16
3AnM95LJj519nsrF1oC6S0,IfcMechanicalFastener,Bolt assembly,UNSPECIFIED,IDcac56245-553b-4504-9c76-d4f072306700,8.8XOX,16
0Rpgt_P35AB88_75hYmusP,IfcMechanicalFastener,Bolt assembly,UNSPECIFIED,ID1bceadfe-6431-4a2c-823e-1c5ae2c38d99,8.8XOX,16
3Pu6GArBXBuxNT7_46Xahi,IfcMechanicalFastener,Bolt assembly,UNSPECIFIED,IDd9e0640a-d4b8-4be3-b5dd-1fe106864aec,8.8XOX,16
1$4Qb$1Qz7tPqWF38jeJHJ,IfcMechanicalFastener,Bolt assembly,UNSPECIFIED,ID7f11a97f-05af-47dd-9d20-3c322da13453,8.8XOX,16
3vXWTgGu1CuOJzisxwspCR,IfcMechanicalFastener,Bolt assembly,UNSPECIFIED,IDf986076a-4380-4ce1-84fd-b36efadb331b,8.8XOX,16
2AyTWXaTzEHQybooBd5IRH,IfcMechanicalFastener,Bolt assembly,UNSPECIFIED,ID8af1d821-91df-4e45-af25-cb22e71526d1,8.8XOX,16
0KYEtL_3f6lg6e9DZ$IFwU,IfcMechanicalFastener,Bolt assembly,UNSPECIFIED,ID1488edd5-f83a-46be-a1a8-24d8ff48fe9e,8.8XOX,16
1TxBF3RMr4pP5GWLdgRjDY,IfcMechanicalFastener,Bolt assembly,UNSPECIFIED,ID5decb3c3-6d6d-44cd-9150-8159ea6ed362,8.8XOX,16
2Yl7G5mFrD49Yuc2JGN8AV,IfcMechanicalFastener,Bolt assembly,UNSPECIFIED,IDa2bc7405-c0fd-4d10-98b8-9824d05c829f,8.8XOX,16
1IVb7q54vDAxOcH_9EhQug,IfcMechanicalFastener,Bolt assembly,UNSPECIFIED,ID527e51f4-144e-4d2b-b626-47e24eadae2a,8.8XOX,16
2HzBVVkqT44B5RPSSQ3Cgj,IfcMechanicalFastener,Bolt assembly,UNSPECIFIED,ID91f4b7df-bb47-4410-b15b-65c71a0ccaad,8.8XOX,16
2Kt8J0bxL4yuBx7EKG0Ejs,IfcMechanicalFastener,Bolt assembly,UNSPECIFIED,ID94dc84c0-97b5-44f3-82fb-1ce51000eb76,8.8XOX,16
12a1lwUq1C3P1dPC7I_3xC,IfcMechanicalFastener,Bolt assembly,UNSPECIFIED,ID42901bfa-7b40-4c0d-9067-64c1d2f83ecc,8.8XOX,16
3Du4DAaTr3dxOjsCA7BV$l,IfcMechanicalFastener,Bolt assembly,UNSPECIFIED,IDcde0434a-91dd-439f-b62d-d8c2872dffef,8.8XOX,16
2bsxx0BOz9PP4wjXmWaL6K,IfcMechanicalFastener,Bolt assembly,UNSPECIFIED,IDa5dbbec0-2d8f-4965-913a-b61c20915194,8.8XOX,16
0AUM_bFxnC4wo5NYmeKw_1,IfcMechanicalFastener,Bolt assembly,UNSPECIFIED,ID0a796fa5-3fbc-4c13-ac85-5e2c2853af81,8.8XOX,16
2CC3tfjvb3yvIr8IqYixWy,IfcMechanicalFastener,Bolt assembly,UNSPECIFIED,ID8c303de9-b799-43f3-94b5-212d22b3b83c,8.8XOX,16
2FwVWmhg122Pe3$_aLzIEk,IfcMechanicalFastener,Bolt assembly,UNSPECIFIED,ID8fe9f830-aea0-4209-9a03-ffe915f523ae,8.8XOX,16
2WrpGmztXDzOrBYB_Spbn_,IfcMechanicalFastener,Bolt assembly,UNSPECIFIED,IDa0d73430-f778-4df5-8d4b-88bf9cce5c7e,8.8XOX,16
2RanMA8$n9p8yFYsjj6ZqL,IfcMechanicalFastener,Bolt assembly,UNSPECIFIED,ID9b93158a-23fc-49cc-8f0f-8b6b6d1a3d15,8.8XOX,16
06XaLA29n0JxrXwVVBt4JE,IfcMechanicalFastener,Bolt assembly,UNSPECIFIED,ID0686454a-089c-404f-bd61-e9f7cbdc44ce,8.8_Gav,16
1lrMtejI54hxpYzjGTAwEM,IfcMechanicalFastener,Bolt assembly,UNSPECIFIED,ID6fd56de8-b521-44af-bce2-f6d41d2ba396,8.8XOX,16
3QrSnF9lTBtvHo72I8YeXl,IfcMechanicalFastener,Bolt assembly,UNSPECIFIED,IDdad5cc4f-26f7-4bdf-9472-1c24888a886f,8.8XOX,16
1k_e9UF8z6GRBLS_dXPxuY,IfcMechanicalFastener,Bolt assembly,UNSPECIFIED,ID6efa825e-3c8f-4641-b2d5-73e9e167be22,8.8XOX,16
2oS6O0kJbALebOGFKMLdpL,IfcMechanicalFastener,Bolt assembly,UNSPECIFIED,IDb2706600-b939-4a56-8958-40f516567cd5,8.8XOX,16
31QTsDARL4Aww$42UiBuQQ,IfcMechanicalFastener,Bolt assembly,UNSPECIFIED,IDc169dd8d-29b5-442b-aebf-1027ac2f869a,8.8_Gav,16
2kq6sCNF5Cwh6e907E4fQa,IfcMechanicalFastener,Bolt assembly,UNSPECIFIED,IDaed06d8c-5cf1-4cea-b1a8-2401ce1296a4,HOLE,16
344JKuDWP5Mws2F246Fv4w,IfcMechanicalFastener,Bolt assembly,UNSPECIFIED,IDc4113538-3606-455b-ad82-3c21063f913a,8.8XOX,16
1CzgHoaRvA4Plj6FPHTeMD,IfcMechanicalFastener,Bolt assembly,UNSPECIFIED,ID4cf6a472-91be-4a11-9bed-18f65176858d,8.8XOX,16
35TnF$t1j3cuqqAGpOeiYP,IfcMechanicalFastener,Bolt assembly,UNSPECIFIED,IDc57713ff-dc1b-439b-8d34-290cd8a2c899,8.8XOX,16
0kGdCzOxrE2BFsLrn2NwQx,IfcMechanicalFastener,Bolt assembly,UNSPECIFIED,ID2e42733d-63bd-4e08-b3f6-575c425fa6bb,8.8XOX,16
2IIFQR6l9CVePql21mGjN0,IfcMechanicalFastener,Bolt assembly,UNSPECIFIED,ID9248f69b-1af2-4c7e-8674-bc207042d5c0,HOLE,16
25J1RK6DDDOQ1_a7wMMDkS,IfcMechanicalFastener,Bolt assembly,UNSPECIFIED,ID854c16d4-18d3-4d61-a07e-907e9658db9c,HOLE,16
064M7PgLz2m9VqISr$csG6,IfcMechanicalFastener,Bolt assembly,UNSPECIFIED,ID061161d9-a95f-42c0-97f4-49cd7f9b6406,8.8XOX,16
2DYMG$yRj0VBaxHFO_Dgv7,IfcMechanicalFastener,Bolt assembly,UNSPECIFIED,ID8d89643f-f1bb-407c-b93b-44f63e36ae47,8.8XOX,16
1wg7FQnEn54xnp9DDbe7aQ,IfcMechanicalFastener,Bolt assembly,UNSPECIFIED,ID7aa873da-c4ec-4513-bc73-24d365a0791a,8.8XOX,16
1ML6$JPcf5pgMCjEVNIxw4,IfcMechanicalFastener,Bolt assembly,UNSPECIFIED,ID56546fd3-666a-45ce-a58c-b4e7d74bbe84,8.8XOX,16
2Xcd4WQ3LFTOj1Sb7bDsr4,IfcMechanicalFastener,Bolt assembly,UNSPECIFIED,IDa19a7120-6835-4f75-8b41-7251e5376d44,8.8XOX,16
051S0mzTj0WAjQdSurg5Jk,IfcMechanicalFastener,Bolt assembly,UNSPECIFIED,ID0505c030-f5db-4080-ab5a-9dce35a854ee,8.8XOX,16
0Lb4_kQyf2wBNHgSQUUxjx,IfcMechanicalFastener,Bolt assembly,UNSPECIFIED,ID15944fae-6bca-42e8-b5d1-a9c69e7bbb7b,8.8XOX,16
34DCKTbvT5gvjeyBM9G3gD,IfcMechanicalFastener,Bolt assembly,UNSPECIFIED,IDc434c51d-9797-45ab-9b68-f0b589403a8d,8.8XOX,16
16Osj9JuTDUPtAI6GTirIt,IfcMechanicalFastener,Bolt assembly,UNSPECIFIED,ID46636b49-4f87-4d79-9dca-48641db354b7,8.8XOX,16
2o6Yi$gZr3481bLAJOXRE4,IfcMechanicalFastener,Bolt assembly,UNSPECIFIED,IDb21a2b3f-aa3d-4310-8065-54a4d885b384,8.8XOX,16
33sJ5rPFTDaAnVsoYtbWUm,IfcMechanicalFastener,Bolt assembly,UNSPECIFIED,IDc3d93175-64f7-4d90-ac5f-db28b79607b0,8.8XOX,16
2Bo3d0bwnFWgYWIm5kFFkG,IfcMechanicalFastener,Bolt assembly,UNSPECIFIED,ID8bc839c0-97ac-4f82-a8a0-4b016e3cfb90,8.8XOX,16
05uJjrHnfCYPYPU5hOP0wf,IfcMechanicalFastener,Bolt assembly,UNSPECIFIED,ID05e13b75-471a-4c89-9899-785ad8640ea9,8.8XOX,16
00lVzeR$nC3RpqV4w1BcWD,IfcMechanicalFastener,Bolt assembly,UNSPECIFIED,ID00bdff68-6ffc-4c0d-bcf4-7c4e812e680d,8.8XOX,16
24j7XpSp10hwvlKkbxeg$2,IfcMechanicalFastener,Bolt assembly,UNSPECIFIED,ID84b47873-7330-40af-ae6f-52e97ba2afc2,8.8XOX,16
3P3XdFpiP7xfFmaIZWJDWd,IfcMechanicalFastener,Bolt assembly,UNSPECIFIED,IDd90e19cf-cec6-47ee-93f0-9128e04cd827,8.8XOX,16
1pPJnyCRz8bBpiuktXiq_6,IfcMechanicalFastener,Bolt assembly,UNSPECIFIED,ID73653c7c-31bf-4894-bcec-e2ede1b34f86,8.8XOX,16
02xR383Mr9SRPSUxQOyARg,IfcMechanicalFastener,Bolt assembly,UNSPECIFIED,ID02edb0c8-0d6d-4971-b65c-7bb698f0a6ea,8.8XOX,16
26oRp$dZj8V9t5JHL$aPbX,IfcMechanicalFastener,Bolt assembly,UNSPECIFIED,ID86c9bcff-9e3b-487c-9dc5-4d157f919961,8.8XOX,16
2J4F$K5399sQIoib13BVwX,IfcMechanicalFastener,Bolt assembly,UNSPECIFIED,ID9310ffd4-1432-49d9-a4b2-b250432dfea1,8.8XOX,16
2DOySpHQ5Eshxq$LQkIuJi,IfcMechanicalFastener,Bolt assembly,UNSPECIFIED,ID8d63c733-45a1-4eda-bef4-fd56ae4b84ec,8.8XOX,16
1sp8TPM$D27upLxzt6yFzE,IfcMechanicalFastener,Bolt assembly,UNSPECIFIED,ID76cc8759-5bf3-421f-8cd5-efddc6f0ff4e,8.8XOX,16
3B6Wdg6Yz8Yh9U1srNY$PA,IfcMechanicalFastener,Bolt assembly,UNSPECIFIED,IDcb1a09ea-1a2f-488a-b25e-076d578bf64a,8.8XOX,16
0CPjXkSrX89uj8GiJLk8hp,IfcMechanicalFastener,Bolt assembly,UNSPECIFIED,ID0c66d86e-7358-4827-8b48-42c4d5b88af3,8.8XOX,16
3s7vNM4STAyea9yc_Dusk5,IfcMechanicalFastener,Bolt assembly,UNSPECIFIED,IDf61f95d6-11c7-4af2-8909-f26f8de36b85,8.8XOX,16
1dbvVQSjTEx8TzFykvsYa6,IfcMechanicalFastener,Bolt assembly,UNSPECIFIED,ID679797da-72d7-4eec-877d-3fcbb9da2906,8.8XOX,16
0ANjJVOC91EBYQwCtauJck,IfcMechanicalFastener,Bolt assembly,UNSPECIFIED,ID0a5ed4df-60c2-4138-b89a-e8cde4e139ae,8.8XOX,16
368v0U5Db1ZhKVIeVdiA1S,IfcMechanicalFastener,Bolt assembly,UNSPECIFIED,IDc623901e-14d9-418e-b51f-4a87e7b0a05c,8.8XOX,16
3A2x2WG8HEbOkXXR7dozOO,IfcMechanicalFastener,Bolt assembly,UNSPECIFIED,IDca0bb0a0-4084-4e95-8ba1-85b1e7cbd618,8.8XOX,16
2_xugI5e93bwSMHC6mQRkd,IfcMechanicalFastener,Bolt assembly,UNSPECIFIED,IDbeef8a92-1682-4397-a716-44c1b069bba7,8.8XOX,16
0djcQGbCr4y9qU_q3Pkcik,IfcMechanicalFastener,Bolt assembly,UNSPECIFIED,ID27b66690-94cd-44f0-9d1e-fb40d9ba6b2e,8.8XOX,16
0LNdisMaHAPBFXrh8$RGDC,IfcMechanicalFastener,Bolt assembly,UNSPECIFIED,ID155e7b36-5a44-4a64-b3e1-d6b23f6d034c,8.8XOX,16
0ME9zb$R1Bg8hRzkTA89wR,IfcMechanicalFastener,Bolt assembly,UNSPECIFIED,ID16389f65-fdb0-4ba8-8adb-f6e74a209e9b,8.8XOX,16
0IYPC7AVH9pA4buY8oVuCK,IfcMechanicalFastener,Bolt assembly,UNSPECIFIED,ID12899307-29f4-49cc-a125-e222327f8314,8.8XOX,16
0Pac8cFiH6ZQHxF8pr77EW,IfcMechanicalFastener,Bolt assembly,UNSPECIFIED,ID19926226-3ec4-468d-a47b-3c8cf51c73a0,8.8XOX,16
0VLOiz4KH6uuPL_LrSZSHZ,IfcMechanicalFastener,Bolt assembly,UNSPECIFIED,ID1f558b3d-1144-46e3-8655-f95d5c8dc463,8.8XOX,16
2$bh1NLc10agJDGelCeezR,IfcMechanicalFastener,Bolt assembly,UNSPECIFIED,IDbf96b057-5660-4092-a4cd-428bcca28f5b,8.8XOX,16
0NiLdqCdL0JuheSJohEc$j,IfcMechanicalFastener,Bolt assembly,UNSPECIFIED,ID17b159f4-3275-404f-8ae8-713cab3a6fed,8.8XOX,16
3PkmYgqYrBmgQOtg$Op$or,IfcMechanicalFastener,Bolt assembly,UNSPECIFIED,IDd9bb08aa-d22d-4bc2-a698-deafd8cffcb5,8.8XOX,16
15pbie8m19hfhowmCFSNna,IfcMechanicalFastener,Bolt assembly,UNSPECIFIED,ID45ce5b28-2300-49ae-9af2-eb030f717c64,8.8XOX,16
1LsxwhtxDE2REFmyH5gyEj,IfcMechanicalFastener,Bolt assembly,UNSPECIFIED,ID55dbbeab-dfb3-4e09-b38f-c3c445abc3ad,8.8XOX,16
3Da5_$WLX6PvpFEx9$LI4b,IfcMechanicalFastener,Bolt assembly,UNSPECIFIED,IDcd905fbf-8158-4667-9ccf-3bb27f552125,8.8XOX,16
3Ogm3lMK5A2gXQ1TLpx0ql,IfcMechanicalFastener,Bolt assembly,UNSPECIFIED,IDd8ab00ef-5941-4a0a-a85a-05d573ec0d2f,8.8XOX,16
21ssVz8NL8nAGpSsgQWUjp,IfcMechanicalFastener,Bolt assembly,UNSPECIFIED,ID81db67fd-2175-48c4-a433-736a9a81eb73,8.8XOX,16
0hDZA$8qb0VhelpJwvjWSR,IfcMechanicalFastener,Bolt assembly,UNSPECIFIED,ID2b3632bf-2349-407e-ba2f-cd3eb9b6071b,8.8XOX,16
37oKvyyD90XgOFAbPCTpLh,IfcMechanicalFastener,Bolt assembly,UNSPECIFIED,IDc7c94e7c-f0d2-4086-a60f-2a564c77356b,8.8XOX,16
0nVv3F4Zb0QuVBGNzq7Bjb,IfcMechanicalFastener,Bolt assembly,UNSPECIFIED,ID317f90cf-1239-406b-87cb-417f741cbb65,8.8XOX,16
2Tk_AEisXF6Q545ziceiOL,IfcMechanicalFastener,Bolt assembly,UNSPECIFIED,ID9dbbe28e-b368-4f19-a144-17db26a2c615,8.8XOX,16
2YHL9_zEb6w8mva_p$RkCH,IfcMechanicalFastener,Bolt assembly,UNSPECIFIED,IDa245527e-f4e9-46e8-8c39-93ecff6ee311,8.8XOX,16
2cvPLuvlz0bftsJPUXEj_l,IfcMechanicalFastener,Bolt assembly,UNSPECIFIED,IDa6e59578-e6ff-4096-9df6-4d97a13adfaf,8.8XOX,16
2K9h$cnlfBTfJfw7$7sNy$,IfcMechanicalFastener,Bolt assembly,UNSPECIFIED,ID9426bfe6-c6fa-4b76-94e9-e87fc7d97f3f,8.8XOX,16
3IXFnGiW96VfCQ9E591VqQ,IfcMechanicalFastener,Bolt assembly,UNSPECIFIED,IDd284fc50-b202-467e-931a-24e14905fd1a,8.8XOX,16
3OwmkMDiT83PuFgg93ixjo,IfcMechanicalFastener,Bolt assembly,UNSPECIFIED,IDd8eb0b96-36c7-480d-9e0f-aaa243b3bb72,8.8XOX,16
1TOwnVfmvFEeN6EoZDimP2,IfcMechanicalFastener,Bolt assembly,UNSPECIFIED,ID5d63ac5f-a70e-4f3a-85c6-3b28cdb30642,8.8XOX,16
2gaUFKl1TCXw90sjW7yBdA,IfcMechanicalFastener,Bolt assembly,UNSPECIFIED,IDaa91e3d4-bc17-4c87-a240-dad807f0b9ca,8.8XOX,16
1J8XxIVOTD$OgofqdgMxth,IfcMechanicalFastener,Bolt assembly,UNSPECIFIED,ID53221ed2-7d87-4dfd-8ab2-a749ea5bbdeb,8.8XOX,16
07R_wshw1FP8dMNX1QikWK,IfcMechanicalFastener,Bolt assembly,UNSPECIFIED,ID076feeb6-afa0-4f64-89d6-5e105ab2e814,8.8XOX,16
2xOFACK$v3$AUE9Ho3L7Mn,IfcMechanicalFastener,Bolt assembly,UNSPECIFIED,IDbb60f28c-53fe-43fc-a78e-251c835475b1,8.8XOX,16
1NNdKfcC12PhDLerE1EiOF,IfcMechanicalFastener,Bolt assembly,UNSPECIFIED,ID575e7529-98c0-4266-b355-a353813ac60f,8.8XOX,16
0mdKUN9fv0wgS31b7Qle$d,IfcMechanicalFastener,Bolt assembly,UNSPECIFIED,ID309d4797-269e-40ea-a703-0651dabe8fe7,8.8XOX,16
1XeAyP8bP9CvGDFRVfyw4k,IfcMechanicalFastener,Bolt assembly,UNSPECIFIED,ID61a0af19-2256-4933-940d-3db7e9f3a12e,8.8XOX,16
0NH1mClOz06BhQqnvXkjie,IfcMechanicalFastener,Bolt assembly,UNSPECIFIED,ID17441c0c-bd8f-4018-bada-d31e61badb28,8.8XOX,16
1awd1D7efE2w3q$nmwYS3l,IfcMechanicalFastener,Bolt assembly,UNSPECIFIED,ID64ea704d-1e8a-4e0b-a0f4-ff1c3a89c0ef,8.8_Gav,16
2X00AzDy13KRI6$pfbEQJD,IfcMechanicalFastener,Bolt assembly,UNSPECIFIED,IDa10002bd-37c0-4351-b486-ff3a6539a4cd,8.8_Gav,16
13bA05hPb7JP8l181Sng15,IfcMechanicalFastener,Bolt assembly,UNSPECIFIED,ID4394a005-ad99-474d-922f-04805cc6a045,8.8_Gav,16
1220CYpU140OFknKU6IYtQ,IfcMechanicalFastener,Bolt assembly,UNSPECIFIED,ID42080322-cde0-4401-83ee-c547864a2dda,8.8_Gav,16
0hPi4vDVD6AAeG1iWPmHaw,IfcMechanicalFastener,Bolt assembly,UNSPECIFIED,ID2b66c139-35f3-4628-aa10-06c819c1193a,8.8_Gav,16
0tufVg5BTBx82uy4KDjGkz,IfcMechanicalFastener,Bolt assembly,UNSPECIFIED,ID37e297ea-14b7-4bec-80b8-f0450db50bbd,8.8_Gav,16
1kCMwImpT2gfcs1q1PpniU,IfcMechanicalFastener,Bolt assembly,UNSPECIFIED,ID6e316e92-c337-42aa-99b6-074059cf1b1e,8.8_Gav,16
0AIUszoI19vOj1wppUqJPZ,IfcMechanicalFastener,Bolt assembly,UNSPECIFIED,ID0a49edbd-c920-49e5-8b41-eb3cded13663,8.8_Gav,16
3cxFlNIofFYep0XGHSRNtH,IfcMechanicalFastener,Bolt assembly,UNSPECIFIED,IDe6ecfbd7-4b2a-4f8a-8cc0-85045c6d7dd1,8.8_Gav,16
0KW6Iudl9BmA67WAHvA99K,IfcMechanicalFastener,Bolt assembly,UNSPECIFIED,ID148064b8-9ef2-4bc0-a187-80a479289254,8.8_Gav,16
2I5SS7Npn9XfvcPm2uhMo6,IfcMechanicalFastener,Bolt assembly,UNSPECIFIED,ID9215c707-5f3c-4986-9e66-6700b8ad6c86,8.8_Gav,16
2KtDmh9Gb2ah$gSXWedj_6,IfcMechanicalFastener,Bolt assembly,UNSPECIFIED,ID94dcdc2b-2509-4292-bfea-7218289edf86,8.8_Gav,16
1fSkHFkajCIhLeHiqHP3Ap,IfcMechanicalFastener,Bolt assembly,UNSPECIFIED,ID6972e44f-ba4b-4c4a-b568-46cd116432b3,8.8_Gav,16
0c1jLxqiD7Xfj6t10UiqzG,IfcMechanicalFastener,Bolt assembly,UNSPECIFIED,ID2606d57b-d2c3-4786-9b46-dc101eb34f50,8.8_Gav,16
1O6yPanSf09wBtogExUybN,IfcMechanicalFastener,Bolt assembly,UNSPECIFIED,ID581bc664-c5ca-4027-a2f7-caa3bb7bc957,HOLE,16
1MAkwDhs58qu2hW075fmFz,IfcMechanicalFastener,Bolt assembly,UNSPECIFIED,ID562aee8d-af61-48d3-80ab-8001c5a703fd,HOLE,16
2ako8BK9bA_xrGzVCR_dC3,IfcMechanicalFastener,Bolt assembly,UNSPECIFIED,IDa4bb220b-5099-4afb-bd50-f5f31bfa7303,HOLE,16
1g0nR0jBT4mgkH2BpZauMq,IfcMechanicalFastener,Bolt assembly,UNSPECIFIED,ID6a0316c0-b4b7-44c2-ab91-08bce39385b4,HOLE,16
0mTKnC4bzFnQbm58wpGceY,IfcMechanicalFastener,Bolt assembly,UNSPECIFIED,ID30754c4c-125f-4fc5-a970-148eb3426a22,HOLE,16
0xLc6KqQHA2B9YXcTwYRtZ,IfcMechanicalFastener,Bolt assembly,UNSPECIFIED,ID3b566194-d1a4-4a08-b262-86677a89bde3,HOLE,16
124CPdZBnBDxsNFilYfII2,IfcMechanicalFastener,Bolt assembly,UNSPECIFIED,ID4210c667-8cbc-4b37-bd97-3ecbe2a52482,HOLE,16
1FYcETql561BcDfMEmya7N,IfcMechanicalFastener,Bolt assembly,UNSPECIFIED,ID4f8a639d-d2f1-4604-b98d-a563b0f241d7,HOLE,16
0YbWulEFf6uBfu3HEl1fUb,IfcMechanicalFastener,Bolt assembly,UNSPECIFIED,ID22960e2f-38fa-46e0-ba78-0d13af0697a5,8.8_Gav,16
2f$AabRnv5RhSy0FfFflA7,IfcMechanicalFastener,Bolt assembly,UNSPECIFIED,IDa9fca925-6f1e-456e-b73c-00fa4fa6f287,8.8XOX,16
3fHLCstZf0tucxaU61oF1r,IfcMechanicalFastener,Bolt assembly,UNSPECIFIED,IDe9455336-de3a-40df-89bb-91e181c8f075,8.8XOX,16
09TNSlVNz1k98XajCMHGRJ,IfcMechanicalFastener,Bolt assembly,UNSPECIFIED,ID0975772f-7d7f-41b8-9221-92d3164506d3,8.8XOX,16
2sQSpeeKT069Cz_VXaMa1T,IfcMechanicalFastener,Bolt assembly,UNSPECIFIED,IDb669cce8-a147-4018-933d-f9f8645a405d,8.8XOX,16
2nL_ATLM101Os0k6$dhg9v,IfcMechanicalFastener,Bolt assembly,UNSPECIFIED,IDb157e29d-5560-4005-8d80-b86fe7aea279,8.8XOX,16
19N0D12mvEIvlR81Wom8dT,IfcMechanicalFastener,Bolt assembly,UNSPECIFIED,ID495c0341-0b0e-4e4b-9bdb-201832c089dd,8.8XOX,16
1etj0IElr60hqBAesjrBsL,IfcMechanicalFastener,Bolt assembly,UNSPECIFIED,ID68ded012-3afd-4602-bd0b-2a8dadd4bd95,8.8XOX,16
35$PNaWafCv9V7h6GL2_yI,IfcMechanicalFastener,Bolt assembly,UNSPECIFIED,IDc5fd95e4-824a-4ce4-97c7-ac64150bef12,8.8XOX,16
3YCDSwm8X8ifLDiD2hhBeu,IfcMechanicalFastener,Bolt assembly,UNSPECIFIED,IDe230d73a-c088-48b2-954d-b0d0abacba38,8.8XOX,16
32d1n5DKzCDOgUO6Rlxn8U,IfcMechanicalFastener,Bolt assembly,UNSPECIFIED,IDc29c1c45-354f-4c35-8a9e-6066efef121e,8.8XOX,16
0X7EDlQZL2owN_RV8yg95O,IfcMechanicalFastener,Bolt assembly,UNSPECIFIED,ID211ce36f-6a35-42cb-a5fe-6df23ca89158,8.8XOX,16
2UjlJRbeHENhA6dGLA0qIr,IfcMechanicalFastener,Bolt assembly,UNSPECIFIED,ID9eb6f4db-9684-4e5e-b286-9d054a0344b5,8.8XOX,16
0JWYGLVMz4cuTHOvwfWS7T,IfcMechanicalFastener,Bolt assembly,UNSPECIFIED,ID13822415-7d6f-449b-8751-639ea981c1dd,8.8XOX,16
0FD3V_2xH4HOH0E$evW1ut,IfcMechanicalFastener,Bolt assembly,UNSPECIFIED,ID0f3437fe-0bb4-4445-8440-3bfa39801e37,8.8XOX,16
0yzRv5s6P8KBP540nQ8MY5,IfcMechanicalFastener,Bolt assembly,UNSPECIFIED,ID3cf5be45-d866-4850-b645-100c5a216885,8.8XOX,16
1FsnQ54db0nxzUl7DEibbj,IfcMechanicalFastener,Bolt assembly,UNSPECIFIED,ID4fdb1685-1279-40c7-bf5e-bc734eb2596d,8.8XOX,16
1rZWsuAiD1HQuiZJsho3OY,IfcMechanicalFastener,Bolt assembly,UNSPECIFIED,ID758e0db8-2ac3-4145-ae2c-8d3dabc83622,8.8XOX,16
0f$aYiecHFafkl$o6OUsHk,IfcMechanicalFastener,Bolt assembly,UNSPECIFIED,ID29fe48ac-a264-4f92-9baf-ff21987b646e,8.8XOX,16
3HAdIOHLnBzvglpJ2dyjAi,IfcGrid,Basement.Fl.-3.300,UNSPECIFIED,UNSPECIFIED,UNSPECIFIED,0
2TEKa$qy5CRBfR2KlM3LI8,IfcGrid,Level+0.00,UNSPECIFIED,UNSPECIFIED,UNSPECIFIED,0
1KZT6eRPDDuvZwmd7Ut3O_,IfcGrid,Level.1+0.200,UNSPECIFIED,UNSPECIFIED,UNSPECIFIED,0
18H5YDJujFjAo49sEyGlOF,IfcGrid,Level.2+6.200,UNSPECIFIED,UNSPECIFIED,UNSPECIFIED,0
1n9wVy$uf0FResf9cJ_Qd0,IfcGrid,Level.3+11.200,UNSPECIFIED,UNSPECIFIED,UNSPECIFIED,0
3f9$OSuyvBMRSzBwujHFN_,IfcGrid,Roof.Slab+15.700,UNSPECIFIED,UNSPECIFIED,UNSPECIFIED,0
2qfgm4lPr6zQ8nObPVknXS,IfcGrid,Top.Parapet+16.600,UNSPECIFIED,UNSPECIFIED,UNSPECIFIED,0
2x5vtuyur8p9R0K6yYCI8n,IfcGrid,Top.Parapet+17.400,UNSPECIFIED,UNSPECIFIED,UNSPECIFIED,0
1XVI2KytfA3OV3FuuEVPtq,IfcBuilding,Undefined,UNSPECIFIED,UNSPECIFIED,UNSPECIFIED,0
0B15d9OAXDxBqH7kiA$qM8,IfcBuildingStorey,Undefined,UNSPECIFIED,UNSPECIFIED,UNSPECIFIED,0
1mtojMYa15MQ0B7FgtaiD2,IfcSite,Undefined,UNSPECIFIED,UNSPECIFIED,UNSPECIFIED,0
